ID,RA,DEC,ZA,ZL68,ZU68,ZL95,ZU95,ZSPEC,ZSPEC_VETTED
226,214.9400177001953,52.9735107421875,1.04,1.04,1.1,1.02,1.14,1.10539,2
231,214.93359375,52.969573974609375,2.64,2.6,2.66,2.5,2.66,2.663718,2
258,214.8071746826172,52.87970733642578,6.7,6.68,6.72,6.66,6.74,6.7308,2
264,214.9182586669922,52.95854187011719,0.98,0.9,1.04,0.82,1.12,1.005677,-1
283,214.74798583984375,52.83685302734375,0.42,0.4,0.42,0.38,0.42,0.4067,2
294,214.8280029296875,52.89411163330078,2.68,2.62,2.68,2.54,2.68,2.2877,2
298,214.93006896972656,52.96669006347656,2.5,2.44,2.62,2.4,2.68,0.35,-1
310,214.74464416503906,52.83446502685547,1.0,0.94,1.0,0.9,1.02,0.9628,2
315,214.91607666015625,52.956424713134766,3.42,3.4,3.44,3.34,3.48,2.32,2
324,214.8064727783203,52.878822326660156,6.06,6.06,6.08,6.06,6.08,6.11,2
333,214.89273071289062,52.93973922729492,1.0,0.98,1.02,0.96,1.02,1.07,1
347,214.8118438720703,52.882545471191406,3.16,3.1,3.2,3.06,3.28,3.194295,2
350,214.8460693359375,52.90678787231445,2.96,2.86,3.0,2.76,3.16,2.942503,2
357,214.80528259277344,52.87785720825195,5.66,5.54,5.66,5.46,5.7,5.65,2
380,214.8258819580078,52.892086029052734,0.92,0.9,0.96,0.86,1.0,0.953,2
385,214.8640594482422,52.91949462890625,4.5,4.46,4.56,4.44,4.62,4.46,2
392,214.80575561523438,52.87804412841797,7.72,7.7,7.74,7.68,7.74,5.618977,2
400,214.91839599609375,52.95774459838867,0.36,0.34,0.4,0.32,0.42,0.35256,2
410,214.81752014160156,52.88637924194336,2.38,1.76,2.38,1.68,2.54,1.06,1
438,214.86557006835938,52.92039489746094,3.12,1.22,3.26,1.02,3.64,3.025826,1
439,214.94265747070312,52.97394561767578,0.62,0.58,0.64,0.54,0.68,0.5998,2
463,214.89028930664062,52.93785095214844,4.38,4.36,4.46,4.28,4.56,3.2081000804901123,0
476,214.984375,53.004432678222656,3.0,3.02,3.28,2.98,3.38,3.39317,2
479,214.92649841308594,52.963111877441406,0.78,0.76,0.8,0.72,0.84,0.789559,-1
504,214.92935180664062,52.96506118774414,0.28,0.26,0.3,0.26,0.3,0.2842,2
506,214.93496704101562,52.969337463378906,4.88,4.86,4.9,4.84,4.92,4.888647,2
509,214.8831329345703,52.93163299560547,0.36,0.34,0.38,0.34,0.4,0.3490000069141388,2
526,214.8292999267578,52.89392852783203,2.08,1.7,2.16,1.66,2.26,2.296601,2
537,214.8882598876953,52.936126708984375,3.18,3.14,3.2,3.12,3.26,3.206344,2
538,214.93484497070312,52.969085693359375,4.9,4.9,4.92,4.88,4.96,4.889645,2
541,214.75497436523438,52.8409538269043,1.16,1.12,1.2,1.08,1.24,1.178296,2
550,214.90968322753906,52.95123291015625,1.04,0.88,1.06,0.78,1.14,1.213518,-1
568,214.93484497070312,52.96995162963867,3.46,3.44,3.46,3.44,3.46,0.461322,2
574,214.81179809570312,52.88129425048828,0.7,0.66,0.72,0.62,0.76,0.681142,2
575,214.88821411132812,52.93593215942383,4.8,4.76,4.82,4.7,4.86,4.8091,2
590,214.94302368164062,52.97473907470703,0.16,0.16,2.14,0.12,8.16,1.49,-1
622,214.8351287841797,52.89787292480469,1.6,1.58,1.6,1.4,1.6,1.46576,2
624,214.92007446289062,52.958309173583984,4.48,4.46,4.5,4.44,4.54,4.45668,2
634,214.80343627929688,52.87540817260742,1.36,1.36,1.44,1.34,1.52,1.395,2
655,214.8811492919922,52.930633544921875,2.78,2.74,2.82,2.7,2.88,2.745,2
663,214.84580993652344,52.90525436401367,1.58,1.58,1.6,1.56,1.6,1.5806,2
664,214.84634399414062,52.90510559082031,1.58,1.58,1.6,1.56,1.6,1.58069,2
700,214.8517608642578,52.90928268432617,0.66,0.64,0.7,0.6,0.72,0.657241,2
720,214.8863525390625,52.933624267578125,0.96,0.88,0.98,0.86,1.0,0.9785,2
744,214.9234619140625,52.96025466918945,1.04,1.0,1.2,0.92,1.3,6.70996,-1
755,214.89918518066406,52.942745208740234,0.88,0.86,0.96,0.82,0.98,0.97882,2
756,214.9816131591797,53.00114059448242,0.44,0.42,0.48,0.4,0.52,0.450212,2
763,214.8126678466797,52.881534576416016,6.02,5.98,6.02,5.94,6.04,6.06,2
767,214.83346557617188,52.89619827270508,2.46,2.46,2.5,2.42,2.64,2.465741,2
839,214.91900634765625,52.946449279785156,0.5,0.46,0.5,0.44,0.54,0.4615,2
885,214.8214111328125,52.88715362548828,2.02,2.02,2.02,2.02,2.02,1.995,2
888,214.82432556152344,52.88897705078125,1.38,1.36,1.4,1.36,1.44,1.39528,2
899,214.92413330078125,52.95986557006836,1.06,1.04,1.1,1.02,1.14,1.11066,2
905,214.9292449951172,52.96360397338867,0.68,0.68,1.12,0.64,3.8,0.87,-1
942,214.85821533203125,52.91274642944336,0.74,0.7,0.78,0.68,0.8,0.756,2
986,214.93118286132812,52.964725494384766,0.86,0.76,1.0,0.68,1.12,0.94,-1
988,214.85354614257812,52.90966796875,4.72,4.24,4.76,0.68,4.82,4.65,1
994,214.9308319091797,52.96342468261719,1.06,1.04,1.1,1.0,1.14,1.11,2
1000,214.7737579345703,52.851932525634766,0.56,0.54,0.58,0.52,0.6,0.5704,2
1002,214.96029663085938,52.98497772216797,1.4,1.26,1.54,1.16,1.62,1.43757,2
1004,214.93336486816406,52.966182708740234,3.22,3.08,3.28,3.02,3.34,1.082649,-1
1039,214.83871459960938,52.89889144897461,2.0,1.3,2.12,1.1,2.48,1.475379,-1
1047,214.9020233154297,52.94351577758789,0.88,0.86,0.92,0.82,0.96,0.913199,2
1053,214.96994018554688,52.99100875854492,1.1,1.06,1.18,1.0,1.24,1.1131,2
1054,214.82102966308594,52.88585662841797,0.26,0.24,0.26,0.22,0.26,0.2634,2
1066,214.90650939941406,52.94605255126953,1.0,0.96,1.02,0.92,1.04,1.0543,2
1068,214.80894470214844,52.876243591308594,0.7,0.68,0.72,0.64,0.74,0.737039,1
1069,214.80784606933594,52.874908447265625,0.44,0.44,0.48,0.42,0.52,0.451669,2
1071,214.9171142578125,52.95441436767578,2.02,2.02,2.58,1.2,2.8,14.317000389099121,0
1087,214.82611083984375,52.88973617553711,5.22,5.1,5.22,5.06,5.26,5.082905,2
1108,214.86688232421875,52.918636322021484,1.9,1.8,7.24,1.56,7.98,6.969589,2
1119,214.9477996826172,52.974952697753906,2.0,1.9,2.02,1.84,2.08,1.99217,2
1122,214.81985473632812,52.88486862182617,2.18,2.14,2.32,2.06,2.38,2.289132,2
1131,214.85025024414062,52.90552520751953,1.04,1.04,1.08,1.04,1.12,1.0321,2
1138,214.89198303222656,52.93630599975586,5.18,5.08,5.22,5.02,5.26,5.12,2
1146,214.81800842285156,52.88380813598633,0.4,0.36,0.54,0.32,0.58,0.65,-1
1154,214.8308563232422,52.89234924316406,0.7,0.68,0.74,0.64,0.76,0.734087,-1
1156,214.9619903564453,52.98568344116211,3.56,3.54,3.66,3.52,3.72,3.4777915477752686,-1
1163,214.92787170410156,52.96171569824219,4.34,4.26,4.34,4.26,4.36,4.243299961090088,0
1171,214.80068969726562,52.870914459228516,2.94,2.78,2.94,2.72,2.94,2.945265,2
1176,214.74171447753906,52.82908630371094,1.28,1.26,1.32,1.26,1.34,1.27391,2
1196,214.75265502929688,52.834110260009766,0.82,0.76,0.82,0.72,0.84,0.7841,2
1198,214.75076293945312,52.83306884765625,0.64,0.6,0.64,0.58,0.66,0.6405,2
1199,214.98170471191406,52.99876403808594,0.88,0.86,0.9,0.84,0.94,0.88387,2
1200,214.86270141601562,52.91533279418945,4.64,4.64,4.64,4.62,4.64,4.65053,-1
1213,214.85423278808594,52.909000396728516,0.76,0.72,0.78,0.7,0.8,0.7679,2
1225,214.91831970214844,52.95471954345703,7.38,7.36,7.44,7.34,7.5,7.413521,-1
1233,214.8361053466797,52.896053314208984,2.3,2.3,2.32,2.28,2.34,2.28873,2
1234,214.83509826660156,52.895442962646484,1.92,1.86,1.94,1.78,1.94,1.934523,2
1235,214.8342742919922,52.8937873840332,0.7,0.68,0.72,0.68,0.74,0.732641,2
1266,214.93296813964844,52.96491241455078,7.6,7.6,7.62,7.58,7.64,7.58,2
1269,214.9853515625,53.00196838378906,2.38,2.16,2.4,1.88,2.56,2.46,2
1283,214.81707763671875,52.88254928588867,1.92,1.92,1.92,1.92,1.92,1.945,2
1290,214.81797790527344,52.882991790771484,6.78,6.78,6.78,6.76,6.8,1.185711,1
1301,214.92529296875,52.95933151245117,4.46,4.44,4.58,4.4,4.64,5.959276,-1
1303,214.82334899902344,52.88688278198242,2.02,1.66,2.12,1.4,2.26,0.599608,-1
1313,214.8663787841797,52.91741180419922,1.0,0.94,1.02,0.84,1.04,0.952596,2
1331,214.99154663085938,53.00605392456055,2.2,1.56,2.4,1.16,2.66,6.189000129699707,0
1340,214.97679138183594,52.995426177978516,1.72,1.7,1.72,1.68,1.72,1.6952,2
1342,214.9109344482422,52.94881057739258,1.72,1.7,1.88,1.62,2.02,1.86,2
1361,214.94223022460938,52.96928787231445,1.1,1.08,1.16,1.04,1.2,1.1127,2
1377,214.86573791503906,52.916690826416016,5.16,5.12,5.18,5.08,5.2,5.093668,2
1383,214.92393493652344,52.95791244506836,4.44,4.42,4.46,4.42,4.5,1.795594,-1
1390,214.98544311523438,53.00150680541992,0.3,0.3,3.4,0.26,3.58,0.52,-1
1417,214.86907958984375,52.91889572143555,6.58,6.56,6.6,6.54,6.62,6.53,2
1426,214.89073181152344,52.935279846191406,3.1,3.06,3.12,3.04,3.14,3.055478,2
1450,214.99215698242188,53.00599670410156,0.68,0.5,0.82,0.44,3.54,0.715,-1
1456,214.99493408203125,53.0079231262207,7.54,7.46,7.56,7.38,7.6,7.45,1
1461,214.9008026123047,52.941070556640625,2.6,2.0,2.62,1.96,2.66,1.84909,2
1463,214.9776153564453,52.99540328979492,1.24,1.12,1.24,1.08,1.24,1.23223,2
1486,214.91058349609375,52.947181701660156,0.72,0.7,0.74,0.68,0.76,0.758606,2
1508,214.8873291015625,52.93154525756836,2.94,2.78,2.94,2.7,2.96,7.267741,-1
1510,215.0000762939453,53.01095962524414,1.64,1.62,1.68,1.52,1.72,1.68,1
1536,214.89248657226562,52.93508529663086,4.82,4.62,5.12,0.66,5.26,5.08,2
1538,214.8924102783203,52.93489074707031,0.64,0.62,0.8,0.58,0.88,5.102,2
1568,214.90904235839844,52.94646453857422,2.18,2.12,2.22,2.1,2.3,2.15977,2
1574,214.829833984375,52.89036178588867,3.72,3.62,3.74,3.52,3.78,3.75,2
1581,214.92831420898438,52.960296630859375,2.38,2.38,2.4,2.38,2.4,2.416979,2
1592,215.01222229003906,53.019142150878906,0.62,0.58,0.64,0.54,0.68,0.5921,2
1613,214.93287658691406,52.963218688964844,4.9,4.9,4.9,4.88,4.92,4.89,2
1615,214.7552490234375,52.8367919921875,2.96,2.96,2.96,2.96,2.96,3.4649,2
1616,214.79788208007812,52.86745834350586,6.54,6.52,6.56,6.46,6.58,6.269147,2
1626,214.8922119140625,52.93431091308594,3.74,3.72,3.76,3.68,3.78,3.760627,2
1630,214.89552307128906,52.93658447265625,2.22,2.12,2.22,2.1,2.24,2.1393444538116455,-1
1632,214.75631713867188,52.83697509765625,0.92,0.9,0.96,0.88,0.98,0.97092,2
1637,214.95230102539062,52.97639846801758,1.02,0.98,1.04,0.96,1.08,1.0621,2
1652,214.93984985351562,52.96786880493164,1.1,1.06,1.14,1.04,1.2,1.12,2
1655,214.8918914794922,52.93386459350586,4.2,3.94,4.2,3.92,4.2,3.95,2
1656,214.89212036132812,52.93373107910156,1.7,1.7,1.88,1.66,2.02,1.915,2
1663,214.9296875,52.960899353027344,4.2,3.9,4.22,0.58,4.34,4.333899974822998,0
1667,214.86851501464844,52.917537689208984,3.12,3.1,3.2,3.06,3.26,2.52791,1
1671,214.94097900390625,52.96965408325195,1.02,1.02,1.08,0.98,1.12,1.1137,2
1675,214.75465393066406,52.843109130859375,0.82,0.78,0.82,0.76,0.84,0.808656,2
1682,214.9308319091797,52.96107482910156,1.06,1.04,1.1,1.0,1.14,1.0963,2
1694,214.88446044921875,52.9287109375,1.08,1.04,1.14,0.8,2.54,5.244705,1
1700,215.00111389160156,53.01127243041992,7.12,7.06,7.16,7.02,7.2,7.11,2
1705,214.85137939453125,52.90485763549805,0.42,0.38,0.42,0.36,0.42,0.3799,2
1709,215.0055389404297,53.0142707824707,0.88,0.86,0.94,0.82,0.98,0.9564999999999999,2
1715,214.82565307617188,52.886741638183594,2.22,2.2,2.22,2.18,2.24,2.1671,2
1722,214.84132385253906,52.8979606628418,2.66,1.94,2.66,0.98,3.16,1.39,1
1742,215.00552368164062,53.01413345336914,0.96,0.88,0.96,0.84,1.0,0.96,-1
1743,215.00755310058594,53.015079498291016,1.08,1.04,1.1,1.04,1.12,1.0968,2
1748,214.99436950683594,53.00617599487305,2.4,2.4,2.4,2.4,2.4,2.41,2
1753,214.99676513671875,53.00738525390625,1.24,1.18,1.26,1.14,1.3,1.235,1
1756,214.9614715576172,52.98249435424805,1.28,1.16,1.32,1.08,1.38,1.241992,2
1757,214.96229553222656,52.9826545715332,0.36,0.32,0.4,0.28,0.46,0.372358,2
1769,214.99830627441406,53.00888442993164,1.16,0.94,1.26,0.88,1.3,1.3535000085830688,0
1774,214.8411865234375,52.89717483520508,0.78,0.74,0.8,0.72,0.84,0.7841,2
1782,214.86509704589844,52.91439437866211,1.84,1.78,1.9,1.74,1.94,1.79827,2
1791,214.81495666503906,52.87861251831055,1.86,1.8,1.94,1.74,1.98,1.92,2
1801,214.96473693847656,52.984703063964844,2.64,2.54,2.7,2.42,2.82,2.6527345180511475,-1
1803,214.98451232910156,52.99908447265625,2.62,2.56,2.64,2.54,2.68,2.643796,2
1817,215.0111846923828,53.017452239990234,0.92,0.88,0.94,0.86,0.98,0.9508,2
1824,214.8968963623047,52.936954498291016,2.42,2.14,2.48,1.04,2.6,0.957101,-1
1825,214.93618774414062,52.96474075317383,4.48,4.44,4.56,4.38,4.62,4.475195,2
1828,214.82241821289062,52.88349533081055,1.04,1.02,1.06,1.0,1.08,1.102453,2
1829,214.833251953125,52.891544342041016,2.1,2.1,2.22,2.06,2.28,2.29,2
1859,214.89117431640625,52.9327278137207,3.08,2.96,3.4,2.7,3.78,2.697923,1
1868,214.88638305664062,52.92934036254883,5.82,5.76,5.82,5.72,5.86,5.699833,1
1871,214.89691162109375,52.93670654296875,3.76,3.76,3.76,3.74,3.78,3.76,2
1873,214.9372100830078,52.965354919433594,5.34,5.32,5.34,5.3,5.34,5.31,2
1897,214.885986328125,52.92889404296875,3.86,3.46,3.98,0.58,4.18,2.0160000324249268,1
1898,214.88612365722656,52.92889404296875,1.84,1.76,1.92,1.72,1.96,1.8909000158309937,0
1899,214.92176818847656,52.95400619506836,2.3,2.28,2.32,2.24,2.34,2.308344602584839,-1
1922,214.92617797851562,52.95724868774414,5.24,5.08,5.26,4.98,5.28,5.270797,-1
1930,214.8244171142578,52.88472366333008,1.38,1.36,1.42,1.34,1.46,1.396205,2
1933,214.78118896484375,52.853607177734375,0.5,0.46,0.52,0.44,0.52,0.4834,2
1947,214.98770141601562,53.000579833984375,0.74,0.7,0.76,0.66,0.78,0.73,-1
1962,214.86849975585938,52.91620635986328,4.54,4.5,4.56,4.46,4.6,4.6,2
1975,214.98849487304688,53.00115966796875,0.88,0.66,1.8,0.54,2.26,1.64,-1
1976,214.8910675048828,52.93213653564453,1.02,0.96,1.16,0.84,1.28,3.880902,2
1983,214.80812072753906,52.87322235107422,1.5,1.44,6.92,1.12,7.32,6.543000221252441,0
2006,214.91554260253906,52.94901657104492,5.0,4.84,5.04,4.76,5.1,4.9,2
2014,214.84632873535156,52.90021514892578,5.12,5.08,5.18,5.06,5.22,5.09,2
2017,214.88966369628906,52.93098449707031,3.78,3.74,3.78,3.72,3.78,3.75904,-1
2026,214.97801208496094,52.99315643310547,1.04,1.0,1.06,0.94,1.08,1.12336,2
2040,214.83926391601562,52.89462661743164,0.76,0.74,0.8,0.7,0.82,0.7863,2
2041,214.84051513671875,52.894989013671875,0.7,0.68,0.74,0.66,0.76,0.732,2
2045,214.8368682861328,52.89791488647461,1.26,1.24,1.26,1.22,1.3,1.251,2
2052,214.88543701171875,52.9278678894043,1.06,1.06,2.0,0.74,5.72,6.589523,1
2060,214.9864044189453,52.99872589111328,1.36,1.34,1.38,1.32,1.4,1.356162,2
2061,214.98683166503906,52.99796676635742,1.0,0.98,1.02,0.96,1.04,0.985,-1
2072,214.83335876464844,52.890724182128906,3.88,3.86,3.96,3.86,4.04,3.91,2
2074,214.95384216308594,52.97550582885742,1.1,1.06,1.14,1.04,1.2,1.1158,2
2079,215.00010681152344,53.008872985839844,3.36,3.32,3.38,3.3,3.38,3.33,2
2093,214.7524871826172,52.8310661315918,1.86,1.78,1.96,1.74,1.98,1.83914,2
2095,214.75074768066406,52.829856872558594,1.84,1.78,1.92,1.74,1.98,1.91538,2
2096,214.8693084716797,52.91621398925781,1.22,1.16,1.36,1.1,1.42,1.36216,2
2116,215.00552368164062,53.01191329956055,0.34,0.34,0.38,0.32,0.42,0.3537,2
2118,214.79791259765625,52.865272521972656,2.18,2.14,2.24,2.12,2.32,2.184412,2
2123,214.97613525390625,52.991485595703125,2.54,2.48,2.58,2.42,2.64,2.5267,2
2129,214.88912963867188,52.93016052246094,4.48,4.44,4.56,4.4,4.6,4.335548,-1
2162,214.9022216796875,52.939369201660156,8.32,8.3,8.38,8.28,8.42,8.040277,2
2163,214.9648895263672,52.983158111572266,1.24,1.12,1.28,1.04,1.32,1.228777,2
2166,214.87210083007812,52.917667388916016,0.4,0.38,0.4,0.36,0.4,0.3861,2
2176,214.98577880859375,52.998390197753906,0.56,0.52,0.58,0.46,0.64,0.57,2
2188,214.9445037841797,52.96921920776367,2.98,3.0,3.42,2.94,3.66,6.132481,-1
2214,214.7576446533203,52.83600997924805,1.04,1.02,1.06,1.0,1.08,1.03399,2
2223,214.9379119873047,52.96396255493164,0.08,0.06,0.1,0.04,0.12,0.0846,2
2227,214.86842346191406,52.91506576538086,3.5,3.44,3.52,3.42,3.54,3.4884,2
2236,214.94813537597656,52.971187591552734,1.38,1.36,1.42,1.34,1.46,1.38572,2
2253,214.92918395996094,52.95815658569336,0.52,0.46,1.24,0.36,2.1,1.757181,2
2254,214.93630981445312,52.96317672729492,4.36,0.8,4.4,0.62,4.56,4.32,2
2256,214.9347381591797,52.96200180053711,2.96,2.66,2.96,2.56,2.98,2.935667,2
2287,214.91717529296875,52.949371337890625,4.86,4.84,4.9,4.82,4.92,4.879228,2
2301,214.81675720214844,52.878108978271484,5.58,5.56,5.68,5.56,5.68,5.5095,2
2302,214.84722900390625,52.8997802734375,4.02,4.0,4.08,3.98,4.12,3.906694,2
2321,214.9348907470703,52.961875915527344,2.66,2.6,2.66,2.52,2.66,2.661317,2
2358,214.8297882080078,52.88669967651367,2.22,2.16,2.3,2.1,2.34,2.2873,2
2359,214.8999481201172,52.93674087524414,1.04,1.02,1.08,0.98,1.1,1.09803,2
2366,214.83065795898438,52.88777160644531,9.42,8.8,9.44,8.56,9.58,7.7595,2
2376,214.8681640625,52.91425704956055,3.52,3.5,3.54,3.48,3.58,3.473306,2
2377,214.88543701171875,52.926170349121094,0.62,0.58,0.66,0.56,0.7,0.656553,2
2388,214.86956787109375,52.915306091308594,4.2,4.04,4.3,3.9,4.48,4.44,1
2409,214.9130859375,52.94552230834961,1.08,1.08,1.16,1.06,1.2,1.177148,2
2412,214.8196563720703,52.879756927490234,5.52,5.52,5.54,5.5,5.56,5.52,2
2445,214.9958953857422,53.00425338745117,2.46,2.46,2.52,1.98,2.64,1.915,1
2456,214.99513244628906,53.003997802734375,1.0,0.88,1.12,0.74,1.24,1.16,-1
2501,214.94422912597656,52.96782684326172,2.8,2.66,2.84,2.44,2.9,2.437859,2
2502,214.94419860839844,52.967586517333984,4.46,4.44,4.5,4.42,4.54,4.47,2
2513,214.89712524414062,52.93431091308594,3.74,3.72,3.78,3.66,3.8,3.760151,-1
2518,214.80841064453125,52.87068176269531,0.82,0.78,0.84,0.76,0.86,0.8105,2
2524,214.82273864746094,52.881587982177734,0.7,0.68,0.78,0.64,0.84,4.308919,-1
2551,214.99160766601562,53.00114059448242,1.64,1.64,1.64,1.62,1.66,1.63,2
2552,214.8176727294922,52.87785339355469,5.46,5.46,5.48,5.44,5.5,5.443825,2
2554,214.94874572753906,52.97087860107422,3.42,3.42,3.5,3.4,3.6,3.47245,1
2561,214.81320190429688,52.874664306640625,5.78,5.76,5.78,5.74,5.8,5.7638,2
2572,214.92578125,52.95444107055664,4.48,4.46,4.56,4.42,4.6,4.58,2
2579,214.93203735351562,52.958953857421875,4.98,4.98,5.0,4.96,5.02,5.0128,-1
2581,214.82810974121094,52.88516616821289,5.32,5.3,5.32,5.3,5.32,5.33,2
2592,214.83346557617188,52.888938903808594,0.74,0.66,0.78,0.62,0.84,0.76,-1
2601,214.87274169921875,52.916900634765625,2.96,1.66,4.56,1.1,5.28,4.425243,2
2605,214.86956787109375,52.91453170776367,1.06,1.0,1.1,0.96,1.16,1.07,-1
2606,214.8913116455078,52.929931640625,4.52,4.52,4.54,4.52,4.54,4.47,2
2610,214.8138427734375,52.87470626831055,1.02,0.98,1.04,0.94,1.06,1.013452,-1
2611,214.93966674804688,52.96430587768555,4.86,4.84,4.88,4.82,4.88,4.888532,2
2620,214.81271362304688,52.874107360839844,2.42,2.4,2.42,2.38,2.44,2.425172,2
2632,214.7786407470703,52.84960174560547,2.44,2.44,2.48,2.42,2.54,2.4337,2
2633,214.85008239746094,52.90038299560547,1.58,1.56,1.6,1.54,1.6,1.58183,2
2640,214.90087890625,52.93669128417969,4.36,4.36,4.38,4.34,4.38,4.368397,-1
2641,214.90078735351562,52.93659591674805,4.04,4.0,4.1,3.98,4.14,4.517629,-1
2651,214.93394470214844,52.960044860839844,3.3,3.12,3.3,3.06,3.3,3.32,2
2652,214.85464477539062,52.90385437011719,5.08,5.08,5.16,5.06,5.2,5.094685,2
2666,214.8401336669922,52.89141082763672,0.76,0.74,0.78,0.72,0.8,0.78069,2
2673,214.93214416503906,52.95878219604492,4.88,4.86,4.9,4.86,4.9,4.885056,2
2680,214.82373046875,52.881534576416016,0.66,0.62,0.68,0.6,0.72,0.6584,2
2685,214.84388732910156,52.89596176147461,3.42,3.4,3.46,3.24,3.48,3.438268,2
2739,214.93382263183594,52.96005630493164,0.98,0.16,1.02,0.12,1.14,1.19,-1
2744,214.94630432128906,52.96818161010742,1.08,1.02,1.12,1.02,1.18,1.11,2
2745,214.98175048828125,52.99318313598633,1.1,1.0,1.12,0.94,1.18,1.18365,2
2764,214.86984252929688,52.91408920288086,1.88,1.76,1.9,1.74,1.94,1.799233,2
2767,214.89932250976562,52.93452072143555,0.74,0.72,0.76,0.68,0.8,0.7569,2
2773,214.83094787597656,52.886417388916016,5.32,5.32,5.34,5.32,5.34,5.316984,2
2774,214.83119201660156,52.88654708862305,5.32,5.32,5.32,5.32,5.32,5.319934,2
2813,215.0083465576172,53.010826110839844,1.42,1.38,1.46,1.36,1.5,1.347743,2
2820,214.82371520996094,52.881099700927734,2.3,2.28,2.32,2.24,2.32,2.317,2
2821,214.82373046875,52.88097381591797,2.32,2.32,2.34,2.3,2.34,2.32,2
2827,214.84323120117188,52.89395523071289,1.38,1.36,1.4,1.36,1.4,1.3608,2
2828,214.9547576904297,52.974124908447266,4.08,4.06,4.1,4.02,4.14,3.947434,2
2838,214.98875427246094,52.998046875,4.62,4.62,4.62,4.6,4.64,4.64,2
2856,214.82455444335938,52.88070297241211,1.02,1.02,1.02,1.0,1.04,1.0233,2
2859,214.80174255371094,52.864192962646484,1.56,1.54,1.6,1.54,1.6,1.54467,2
2873,214.94351196289062,52.96598434448242,2.02,1.92,2.14,1.8,2.48,1.65,-1
2878,214.87344360351562,52.9162483215332,1.04,0.92,1.06,0.82,1.1,1.042896,2
2887,214.99407958984375,53.00168228149414,1.62,1.62,1.62,1.62,1.62,1.635,2
2893,214.95388793945312,52.97307586669922,1.7,1.68,1.82,1.66,1.92,1.78,1
2898,215.0106658935547,53.01338195800781,3.46,3.44,3.48,3.44,3.5,5.102280053577806,2
2899,215.01083374023438,53.013328552246094,5.1,5.08,5.16,5.08,5.18,5.09,2
2909,214.81268310546875,52.8729248046875,4.22,4.22,4.24,4.22,4.26,4.247824,2
2914,214.84109497070312,52.89295196533203,0.76,0.72,0.78,0.7,0.8,0.787829,-1
2915,214.96095275878906,52.9775505065918,0.34,0.34,0.4,0.3,0.42,0.3534,2
2922,214.74673461914062,52.82566833496094,0.64,0.62,0.68,0.58,0.7,0.6412,2
2924,214.832763671875,52.88694763183594,1.02,0.98,1.02,0.92,1.06,1.02,2
2925,214.8535614013672,52.90171432495117,3.76,3.74,3.76,3.74,3.76,3.763963,2
2927,214.85325622558594,52.901554107666016,3.74,3.74,3.76,3.74,3.76,3.763646,2
2934,214.95193481445312,52.97174072265625,8.34,8.32,8.36,8.32,8.38,8.3,2
2949,214.86705017089844,52.91135025024414,1.02,0.96,1.04,0.92,1.06,1.020144,2
2950,214.86709594726562,52.91117858886719,2.34,2.26,2.34,2.16,2.36,2.290223,1
2952,214.94772338867188,52.96857833862305,4.88,4.86,4.9,4.86,4.92,4.9,2
2956,214.82598876953125,52.88191604614258,2.86,2.82,2.9,2.72,2.92,2.93,2
2985,215.00283813476562,53.007591247558594,7.2,7.12,7.2,7.04,7.2,7.09,2
2990,214.8187713623047,52.87679672241211,2.22,2.16,2.24,2.12,2.32,2.175,2
3021,214.989501953125,52.99753952026367,1.06,1.04,1.1,1.02,1.14,1.11171,2
3028,214.91525268554688,52.94498062133789,4.86,4.86,4.88,4.86,4.88,4.893562,2
3033,214.99159240722656,52.99947738647461,3.06,2.86,3.34,2.68,3.56,0.9,-1
3042,215.00933837890625,53.011932373046875,3.16,3.12,3.24,3.08,3.3,3.22,2
3051,214.82875061035156,52.88388442993164,5.76,5.74,5.78,5.74,5.8,5.75,2
3074,214.98855590820312,52.99717712402344,4.86,4.84,4.9,4.82,5.12,4.88222,2
3075,214.87171936035156,52.914310455322266,4.38,4.36,4.38,4.36,4.38,4.3593,-1
3076,214.96177673339844,52.97816467285156,4.88,4.88,4.9,4.88,4.9,4.89775,-1
3077,214.9913787841797,52.99908447265625,1.76,1.72,1.84,1.68,1.92,1.78,2
3084,214.993896484375,52.99996566772461,0.64,0.6,0.64,0.58,0.68,0.6704,2
3093,214.74642944335938,52.82495880126953,1.06,1.04,1.12,1.04,1.16,1.09594,2
3109,214.7559356689453,52.83154296875,1.54,1.54,1.58,1.52,1.6,1.53704,2
3111,214.8687744140625,52.91218948364258,4.54,4.48,4.62,4.42,4.66,4.6043,1
3134,214.91293334960938,52.94321060180664,0.76,0.72,0.78,0.68,0.8,0.759073,2
3135,214.98861694335938,52.99696731567383,2.4,2.38,2.4,2.38,2.4,2.4,2
3155,214.8124237060547,52.87089538574219,2.08,2.08,2.16,2.06,2.22,2.1666,2
3180,214.91221618652344,52.942466735839844,0.88,0.86,0.9,0.82,0.92,0.897763,2
3183,214.76600646972656,52.838768005371094,5.52,5.5,5.54,5.48,5.54,5.46468,-1
3185,214.8739471435547,52.915435791015625,4.36,4.32,4.38,4.26,4.4,4.353376,2
3190,214.9324493408203,52.95689392089844,3.3,3.28,3.32,3.2,3.36,3.330393075942993,-1
3192,214.98837280273438,52.99663543701172,1.74,1.74,1.82,1.7,1.86,1.820183,2
3197,214.765380859375,52.83806228637695,1.24,1.18,1.24,1.14,1.24,1.23446,2
3222,214.9251251220703,52.95170211791992,1.16,1.14,1.94,1.08,2.02,0.754801,-1
3229,214.80441284179688,52.8658561706543,2.36,2.34,2.38,2.32,2.4,2.33,2
3270,214.93634033203125,52.959537506103516,0.7,0.76,1.7,0.7,2.5,0.9,-1
3279,214.83168029785156,52.88509750366211,1.66,1.64,1.72,1.62,1.78,1.64,2
3288,214.83563232421875,52.88780975341797,2.52,2.48,2.6,2.46,2.64,2.56,2
3299,214.83224487304688,52.88545227050781,1.06,1.04,1.12,1.0,1.16,0.926401,-1
3304,214.8704376220703,52.91266632080078,1.14,1.0,1.18,0.82,1.26,5.35,1
3306,214.83872985839844,52.88990020751953,0.46,0.46,0.5,0.44,0.52,2.58007,-1
3312,214.7652587890625,52.83724594116211,0.82,0.8,0.84,0.78,0.86,0.823403,2
3323,214.91378784179688,52.94297409057617,4.88,4.84,4.9,4.68,4.92,4.896511,2
3331,214.8440704345703,52.893836975097656,4.92,4.9,4.98,4.9,5.06,5.070945,2
3340,214.84840393066406,52.896488189697266,3.72,3.62,3.76,3.52,3.8,7.475773,-1
3356,214.90731811523438,52.93867492675781,7.94,7.9,7.96,7.86,8.0,7.987959,-1
3363,214.84991455078125,52.89789581298828,6.6,6.58,6.62,6.56,6.62,6.544595,2
3376,214.82579040527344,52.880088806152344,3.64,3.6,3.7,3.54,3.74,3.63527,2
3384,215.00296020507812,53.005836486816406,0.98,0.94,1.0,0.9,1.02,0.99272,2
3387,214.9275360107422,52.95289611816406,4.04,3.92,4.08,3.86,4.14,4.11,2
3392,215.0168914794922,53.015621185302734,1.42,1.38,1.44,1.36,1.48,1.417527,2
3397,215.0016632080078,53.00507736206055,1.62,1.58,1.66,1.54,1.7,1.675,2
3401,214.957763671875,52.97407913208008,1.26,1.2,1.28,1.14,1.32,0.12,-1
3411,214.83216857910156,52.88508605957031,6.64,6.62,6.64,6.58,6.66,6.63,2
3415,214.93209838867188,52.95599365234375,2.68,2.7,2.88,2.68,2.92,2.79,2
3425,214.93338012695312,52.95660400390625,0.92,0.9,0.96,0.86,1.0,0.96,2
3434,214.91488647460938,52.94359588623047,4.88,4.86,4.88,4.86,4.9,4.895,2
3442,214.875244140625,52.91557693481445,6.5,6.38,6.52,6.32,6.56,6.32,2
3443,214.83279418945312,52.8853874206543,5.76,5.74,5.78,5.74,5.8,5.821265,2
3449,214.8999786376953,52.93302917480469,6.7,6.68,6.74,6.66,6.76,6.761309,-1
3450,214.80914306640625,52.86848068237305,5.56,5.54,5.58,5.52,5.64,5.635,2
3456,214.89634704589844,52.930389404296875,3.76,3.64,3.78,3.58,3.8,3.756501,2
3476,214.92320251464844,52.94911575317383,1.88,1.82,1.96,1.76,2.02,2.02,2
3478,214.957763671875,52.97385025024414,2.98,1.84,4.44,0.94,4.5,0.9624000191688538,0
3479,214.82553100585938,52.88037872314453,1.32,1.26,1.38,1.22,1.58,1.044039,-1
3516,214.9480743408203,52.96638107299805,1.72,1.66,1.76,1.58,1.8,1.75,2
3522,214.81655883789062,52.870399475097656,0.82,0.78,0.82,0.74,0.84,0.807919,1
3524,214.8313446044922,52.88401412963867,5.72,5.58,5.82,5.4,6.22,5.854300022125244,0
3527,214.91455078125,52.94301986694336,4.86,4.86,4.88,4.84,4.9,4.913,2
3540,214.93408203125,52.95674133300781,2.36,2.34,2.36,2.34,2.38,2.1605,2
3545,214.8039093017578,52.86366271972656,0.64,0.62,0.66,0.6,0.7,0.65318,2
3546,214.86444091796875,52.907386779785156,2.34,2.24,2.34,2.18,2.34,2.329422,2
3548,214.97955322265625,52.98884582519531,0.86,0.82,0.86,0.76,0.88,0.85521,2
3549,214.8296661376953,52.882694244384766,2.34,2.18,2.42,2.1,2.62,2.2927,1
3557,214.9544219970703,52.96991729736328,0.42,0.42,0.42,0.36,0.42,0.3729,2
3577,214.92874145507812,52.95248031616211,0.44,0.44,0.44,0.42,0.46,0.441371,2
3579,214.85252380371094,52.89881896972656,4.8,4.78,4.82,4.72,4.82,4.74,2
3583,214.859619140625,52.903831481933594,0.92,0.8,1.0,0.74,1.1,0.61,-1
3588,214.8346710205078,52.886043548583984,3.16,3.08,3.2,3.06,3.28,5.602218,-1
3589,214.85098266601562,52.89759826660156,3.0,3.02,3.3,2.98,3.52,9.161499977111816,0
3597,214.80618286132812,52.8655891418457,4.7,4.68,4.74,4.66,4.76,4.762155,2
3610,214.95831298828125,52.9734992980957,1.28,1.28,1.3,1.26,1.32,1.22554,2
3626,214.9603271484375,52.975059509277344,4.38,4.24,4.46,4.1,4.56,1.03,-1
3631,214.8755340576172,52.914947509765625,5.16,5.14,5.18,5.12,5.2,5.09,2
3632,214.89170837402344,52.92643737792969,6.82,6.8,6.86,6.78,6.9,6.862148,2
3656,214.83229064941406,52.88410949707031,3.86,3.88,4.08,3.86,4.12,3.86,2
3666,214.93307495117188,52.95551300048828,2.18,2.16,2.34,2.12,2.36,2.157821,2
3671,214.89321899414062,52.927310943603516,1.56,1.54,1.56,1.36,1.58,1.57,2
3682,214.99134826660156,52.996524810791016,0.44,0.44,0.48,0.42,0.52,0.453954,2
3686,214.95785522460938,52.97311782836914,4.72,4.08,4.94,3.54,5.38,4.9,0
3692,214.9134063720703,52.94034194946289,1.52,1.5,1.52,1.5,1.54,1.53,2
3697,214.7821807861328,52.84775924682617,0.78,0.74,0.82,0.7,0.84,0.7568,2
3719,214.91043090820312,52.939151763916016,4.28,4.26,4.3,4.24,4.32,4.295,2
3724,214.8704376220703,52.91094970703125,3.6,3.52,3.68,3.46,3.72,3.76,2
3753,214.92034912109375,52.946266174316406,7.0,6.94,7.2,6.8,7.38,7.31,2
3754,214.84068298339844,52.88968276977539,5.74,5.72,5.78,5.72,5.8,0.646763,-1
3760,214.99002075195312,52.9954719543457,2.44,2.44,2.44,2.44,2.46,2.445,2
3767,214.81103515625,52.8685188293457,6.64,6.42,6.66,6.28,6.68,6.278852,2
3777,214.83921813964844,52.8884391784668,2.34,2.32,2.34,2.24,2.34,1.5081,2
3779,214.83938598632812,52.888214111328125,0.38,0.34,0.4,0.32,0.44,0.370203,2
3788,214.93479919433594,52.956275939941406,0.84,0.8,0.9,0.76,0.96,0.63,-1
3794,214.84547424316406,52.89265823364258,1.08,1.08,1.18,1.04,1.22,1.1251,2
3801,214.9686279296875,52.979820251464844,1.72,1.7,1.9,1.62,2.0,1.6882,2
3802,214.8358612060547,52.885581970214844,1.08,1.04,1.1,1.04,1.14,1.11,2
3815,214.80296325683594,52.86223602294922,2.94,2.88,2.94,2.84,2.94,2.946055,2
3823,214.92819213867188,52.95135498046875,2.18,2.12,2.22,2.08,2.3,2.160421133041382,-1
3824,215.0058135986328,53.006317138671875,3.76,3.64,3.76,3.54,3.78,3.794645,2
3825,214.77806091308594,52.844295501708984,1.62,1.56,1.66,1.44,1.72,1.6341,2
3835,214.9239501953125,52.948387145996094,5.0,4.96,5.02,4.96,5.04,5.270588,2
3843,214.7501220703125,52.82316970825195,1.26,1.24,1.32,1.18,1.34,1.2538,2
3852,214.8447723388672,52.89210891723633,8.66,8.64,8.7,8.6,8.72,8.6853,2
3858,214.83094787597656,52.881690979003906,0.92,0.92,0.96,0.9,0.98,1.010835,1
3872,214.75286865234375,52.82651901245117,1.78,1.7,1.86,1.62,1.94,0.9840999841690063,0
3879,214.9962158203125,52.999141693115234,2.22,2.18,2.24,2.16,2.28,2.11429,2
3880,215.00645446777344,53.00608444213867,0.7,0.66,0.72,0.62,0.76,0.6886,2
3881,214.76470947265625,52.834861755371094,2.1,2.08,2.18,2.04,2.24,2.13303,2
3904,214.82046508789062,52.874481201171875,2.32,2.28,2.34,2.2,2.34,2.2918,2
3913,214.8649139404297,52.90618133544922,2.4,2.4,2.4,2.38,2.42,2.39,2
3916,215.00653076171875,53.006500244140625,3.68,3.58,3.7,3.5,3.72,3.731669,2
3918,214.8929443359375,52.92613220214844,4.62,4.58,4.62,4.54,4.64,4.565,1
3941,214.9533233642578,52.96842956542969,0.68,0.64,0.7,0.62,0.72,0.670873,2
3942,215.02520751953125,53.0191650390625,0.74,0.7,0.8,0.66,0.84,0.762509,2
3945,214.78660583496094,52.85036849975586,2.58,2.34,2.74,1.98,3.06,0.58,-1
3947,214.804443359375,52.86311721801758,2.7,2.34,2.96,2.04,3.16,2.952993,2
3965,214.83856201171875,52.8867073059082,5.08,5.06,5.1,5.06,5.16,0.010596,-1
3979,214.95083618164062,52.96686553955078,2.96,2.96,2.96,2.96,3.0,2.99,2
3981,214.9091033935547,52.93720626831055,3.92,2.36,4.22,2.08,4.74,4.9,1
3985,215.01809692382812,53.014007568359375,0.78,0.74,0.82,0.7,0.84,0.7808,2
3995,214.87367248535156,52.91194152832031,1.92,1.72,1.94,1.16,2.02,1.989754,2
4000,215.0136260986328,53.010948181152344,2.4,2.4,2.42,2.4,2.42,2.42,2
4002,215.0135040283203,53.00996017456055,1.74,1.74,1.8,1.7,1.86,1.71,1
4008,214.8596954345703,52.90221405029297,2.9,2.86,2.9,2.82,2.92,2.9240000247955322,2
4015,214.93064880371094,52.95241165161133,1.86,1.76,1.92,1.68,2.0,1.89,1
4016,214.93601989746094,52.9563102722168,4.54,4.44,4.58,4.4,4.62,4.492251,2
4017,214.98822021484375,52.99310302734375,0.32,0.28,0.34,0.26,0.4,0.325582,2
4027,214.87583923339844,52.91355895996094,11.0,3.34,11.5,0.7,11.82,12.038100242614746,0
4058,214.98751831054688,52.99257278442383,5.08,5.02,5.2,4.92,5.24,5.071774,2
4062,214.86529541015625,52.905906677246094,2.4,2.4,2.4,2.38,2.4,2.358199,1
4075,215.0084991455078,53.00733184814453,6.1,6.06,6.12,6.0,6.18,6.128,0
4079,214.84286499023438,52.889747619628906,2.32,2.26,2.34,2.2,2.34,2.2877,2
4081,214.90890502929688,52.93714141845703,1.68,1.68,1.9,1.56,2.06,4.905,2
4088,214.85528564453125,52.898704528808594,4.36,4.36,4.38,4.36,4.38,4.979102,-1
4090,214.7659912109375,52.83496856689453,0.74,0.66,0.78,0.62,0.8,0.633891,2
4092,214.82681274414062,52.87836456298828,4.22,4.2,4.24,4.2,4.3,4.22,2
4097,214.9977264404297,52.99948501586914,3.7,3.48,3.7,3.42,3.74,1.82,-1
4106,214.8528594970703,52.89684295654297,3.64,3.52,3.68,3.46,3.72,4.543271,-1
4116,214.78343200683594,52.84706497192383,0.76,0.72,0.78,0.7,0.8,0.7567,2
4127,214.7603302001953,52.83055877685547,0.96,0.9,0.98,0.88,1.0,0.972,2
4131,214.99734497070312,52.99916458129883,3.52,3.48,3.64,3.44,3.74,3.47,2
4160,214.7877197265625,52.85041427612305,4.76,4.72,4.78,4.7,4.78,4.704971,2
4167,214.985107421875,52.9904670715332,8.82,8.74,8.88,8.66,8.94,8.8,2
4169,214.94241333007812,52.96017837524414,4.36,4.24,4.44,4.12,4.54,1.6563999652862549,0
4181,214.82321166992188,52.875526428222656,3.74,3.68,3.74,3.64,3.76,3.735446,2
4186,214.8370361328125,52.88542175292969,5.64,5.6,5.66,5.58,5.68,5.620964,2
4188,214.9024658203125,52.93178176879883,4.56,0.8,4.6,0.58,4.64,6.137717,-1
4201,214.89234924316406,52.92445755004883,1.68,1.68,1.7,1.66,1.72,1.5316,2
4202,214.89805603027344,52.92825698852539,0.66,0.62,0.68,0.6,0.7,0.656599,2
4204,214.802490234375,52.86076736450195,4.22,4.22,4.24,4.2,4.28,4.21,2
4207,214.89425659179688,52.925724029541016,7.32,7.32,7.38,7.28,7.46,7.39026,-1
4215,215.01560974121094,53.01185607910156,6.2,6.16,6.22,6.12,6.24,6.205,2
4232,214.9578094482422,52.969940185546875,0.46,0.44,0.48,0.44,0.5,0.46,1
4236,214.785888671875,52.848663330078125,2.32,2.2,2.6,2.08,2.74,1.46,-1
4240,214.90264892578125,52.93177032470703,1.26,1.1,1.3,0.96,1.96,1.5011999607086182,1
4252,214.84176635742188,52.88856506347656,4.8,4.74,4.82,4.66,4.86,9.202915,-1
4255,214.9471435546875,52.96327209472656,2.2,2.12,2.32,2.06,2.48,2.17,2
4261,214.9564208984375,52.9698371887207,3.18,3.04,3.2,3.0,3.26,2.98,1
4268,214.8108367919922,52.86635971069336,3.88,3.86,3.88,3.86,3.9,3.86453,-1
4282,214.8788604736328,52.91416931152344,0.52,0.5,0.56,0.48,0.58,0.5285,2
4293,214.935791015625,52.95458984375,0.7,0.68,0.74,0.66,0.76,0.7066,2
4296,215.00311279296875,53.0026969909668,3.4,3.34,3.42,3.28,3.44,3.435057,2
4318,214.78746032714844,52.84958267211914,1.08,1.04,1.1,1.0,1.14,1.09,2
4320,214.89474487304688,52.92586135864258,3.74,3.54,3.76,3.42,3.8,3.75,2
4321,215.01100158691406,53.008155822753906,0.58,0.54,0.62,0.5,0.66,0.55,-1
4323,214.82997131347656,52.8795166015625,0.42,0.4,0.44,0.36,0.48,0.4348,2
4329,214.88954162597656,52.92206954956055,1.04,0.9,1.16,0.78,1.24,1.045,1
4339,214.87078857421875,52.90882110595703,3.18,3.12,3.24,3.06,3.28,3.263822,2
4354,215.020263671875,53.01328659057617,0.92,0.9,0.96,0.86,0.98,0.9501,2
4366,214.93504333496094,52.954341888427734,1.04,0.98,1.1,0.94,1.18,1.46,-1
4398,214.7706756591797,52.83714294433594,0.98,0.94,0.98,0.88,1.0,0.97388,2
4401,214.82041931152344,52.872840881347656,6.02,5.98,6.02,5.96,6.04,6.010534,2
4418,214.94918823242188,52.964141845703125,5.62,5.6,5.64,5.6,5.66,5.614342,2
4420,214.86915588378906,52.90741729736328,4.54,4.46,4.58,4.42,4.62,4.632551,1
4445,214.9520721435547,52.966121673583984,3.14,2.34,3.26,2.06,3.36,3.33,1
4446,215.0057373046875,53.00406265258789,3.6,3.4,3.66,3.2,3.8,0.4,-1
4456,214.87628173828125,52.9122428894043,0.92,0.88,1.0,0.84,1.04,1.025914,2
4459,215.00344848632812,53.0020866394043,0.56,0.54,0.6,0.52,0.62,0.574696,2
4468,214.88917541503906,52.92121124267578,2.96,2.62,3.4,2.38,3.58,2.803,2
4501,214.83851623535156,52.88502502441406,3.06,3.02,3.1,3.0,3.16,3.09,2
4502,214.83839416503906,52.885189056396484,5.74,5.74,5.76,5.74,5.78,5.7566,2
4512,214.95205688476562,52.965885162353516,2.7,2.6,2.78,2.36,2.86,2.77,2
4513,214.98980712890625,52.99258041381836,2.0,1.48,2.0,1.18,2.18,0.94,-1
4524,215.0105438232422,53.0072021484375,2.96,2.94,2.98,2.8,3.12,2.94,0
4535,214.8549041748047,52.896854400634766,3.84,3.84,3.86,3.84,3.88,3.8664,2
4576,214.8412628173828,52.88668441772461,0.24,0.22,0.26,0.18,0.28,0.250598,2
4587,214.953369140625,52.96621322631836,1.24,1.22,1.24,1.22,1.26,1.2297,2
4591,214.98074340820312,52.98521423339844,1.16,1.08,1.22,1.02,1.28,1.1403,2
4593,214.81190490722656,52.865962982177734,1.84,1.78,1.92,1.72,1.96,0.8107,2
4598,214.98406982421875,52.988094329833984,2.62,2.56,2.64,2.5,2.66,2.61467,2
4603,214.98944091796875,52.98984909057617,1.1,1.04,1.1,1.02,1.14,1.118743,2
4604,214.98997497558594,52.99114990234375,1.24,1.22,1.24,1.18,1.26,1.24342,2
4611,214.9364013671875,52.954524993896484,0.2,0.24,2.06,0.18,3.32,1.28,2
4612,214.80618286132812,52.86198043823242,3.44,3.42,3.74,3.34,3.78,3.443352,2
4621,214.89572143554688,52.9255485534668,3.2,3.18,3.24,3.18,3.26,3.205,2
4626,215.0294189453125,53.01984405517578,0.36,0.32,0.4,0.28,0.42,0.3644,2
4627,214.76498413085938,52.83250045776367,0.44,0.42,0.5,0.4,0.52,0.452458,2
4631,214.84547424316406,52.88945388793945,0.8,0.76,0.82,0.74,0.84,0.7843,2
4646,214.9099884033203,52.93524169921875,0.54,0.52,0.58,0.5,0.6,0.547473,2
4693,214.82958984375,52.87777328491211,1.18,1.14,1.22,1.1,1.26,1.182,2
4695,214.84593200683594,52.889991760253906,2.72,2.2,2.74,1.7,2.86,2.461236,2
4715,214.92063903808594,52.942813873291016,3.3,3.28,3.3,3.26,3.32,3.3,2
4721,214.8771209716797,52.912811279296875,2.86,2.8,2.92,2.74,2.94,2.937569,2
4725,214.842041015625,52.8870849609375,4.8,4.8,4.82,4.78,4.82,4.795503,2
4731,214.8751220703125,52.91058349609375,0.4,0.4,0.46,0.4,0.5,0.38,-1
4733,214.8498077392578,52.892059326171875,0.36,0.36,0.4,0.34,0.42,0.3715,2
4755,214.836181640625,52.882694244384766,6.0,6.0,6.02,5.98,6.02,6.01,2
4756,214.86032104492188,52.89997482299805,0.68,0.64,0.8,0.58,4.82,0.685,-1
4771,214.8097686767578,52.86395263671875,2.34,2.28,2.36,2.22,2.38,2.292144,2
4778,214.93902587890625,52.95553970336914,0.72,0.7,0.76,0.66,0.78,0.71001,2
4782,214.93275451660156,52.95105743408203,0.44,0.42,0.44,0.34,0.5,0.3398,2
4786,214.78707885742188,52.847110748291016,1.16,1.12,1.22,1.08,1.24,1.213,2
4789,214.9418182373047,52.95762252807617,4.3,4.26,4.32,4.26,4.32,4.311222,1
4795,214.88563537597656,52.91767883300781,2.94,2.84,3.04,2.74,3.14,3.01,2
4799,214.84312438964844,52.88758087158203,2.42,2.2,2.42,2.12,2.52,2.300452,1
4801,214.89610290527344,52.92515563964844,6.76,6.76,6.78,6.74,6.8,6.762862,2
4803,214.9463348388672,52.96067428588867,2.72,2.7,2.78,2.68,2.82,2.729453,2
4818,214.97021484375,52.97723388671875,0.46,0.42,0.5,0.38,0.54,0.4634,2
4838,214.93873596191406,52.95427322387695,0.7,0.68,0.72,0.66,0.74,0.7097,2
4840,214.97805786132812,52.98244857788086,0.96,0.82,0.98,0.72,1.02,0.95228,2
4843,214.90565490722656,52.93181228637695,2.0,1.8,3.2,1.56,3.68,9.237688,-1
4851,214.822021484375,52.872314453125,2.3,2.28,2.3,2.26,2.32,2.325,2
4861,214.82786560058594,52.876365661621094,2.34,2.24,2.34,2.16,2.34,1.8868000507354736,0
4873,214.81072998046875,52.86406707763672,2.34,2.3,2.34,2.26,2.34,5.6797,-1
4875,215.02426147460938,53.015201568603516,2.66,2.5,2.68,2.44,2.76,2.532499313354492,-1
4876,215.0250701904297,53.01483917236328,2.66,2.52,2.68,2.48,2.8,2.5285158157348633,-1
4884,214.86805725097656,52.90485382080078,0.34,0.32,0.4,0.3,0.44,0.343001,2
4890,214.91226196289062,52.93526077270508,0.72,0.68,0.74,0.64,0.76,0.7454,2
4893,214.89547729492188,52.92439651489258,0.94,0.9,4.3,0.78,4.5,3.43,1
4916,215.0267333984375,53.01691436767578,1.1,0.8,1.22,0.68,1.32,1.095907,2
4926,214.8245391845703,52.87371826171875,2.3,2.26,2.42,2.22,2.54,2.317892,2
4928,214.96519470214844,52.973594665527344,3.12,3.1,3.3,3.04,3.38,3.30968,2
4938,214.7801971435547,52.84187698364258,2.22,2.14,2.26,2.1,2.3,2.2564,2
4945,214.9068145751953,52.931915283203125,3.78,3.78,3.8,3.76,3.8,3.77,2
4946,214.99847412109375,52.997108459472656,4.42,4.38,4.54,4.28,4.6,4.594666,2
4952,214.92575073242188,52.94565963745117,5.3,5.3,5.3,5.3,5.32,5.08392,2
4958,214.99264526367188,52.9918098449707,1.14,1.12,1.18,1.08,1.22,1.1045000553131104,2
4959,214.99192810058594,52.99111557006836,0.44,0.44,0.5,0.42,0.52,0.454,2
4961,214.88809204101562,52.91891098022461,5.12,5.1,5.18,5.08,5.2,5.083700180053711,0
4969,214.87669372558594,52.91082000732422,1.18,0.9,1.62,0.66,2.82,1.66,-1
4970,214.88909912109375,52.91958236694336,3.52,2.96,3.68,1.7,3.84,3.763,2
4971,214.9394989013672,52.955326080322266,1.92,1.72,2.54,0.16,2.64,2.516112,2
4998,214.95452880859375,52.96578598022461,1.62,1.56,1.66,1.44,1.74,1.63,2
5007,214.7836456298828,52.84419631958008,1.46,1.42,1.5,1.38,1.56,1.20119,2
5041,215.02188110351562,53.01332473754883,5.66,5.52,5.94,1.08,6.1,2.06,-1
5061,214.8708038330078,52.90625762939453,2.24,2.18,2.3,2.14,2.34,2.294269,2
5063,214.99603271484375,52.99505615234375,5.36,4.68,5.36,1.18,5.5,1.38,-1
5064,215.00704956054688,53.002811431884766,1.04,0.92,1.06,0.84,1.12,1.12,-1
5072,214.9261932373047,52.945552825927734,5.12,5.08,5.2,5.04,5.24,5.085746,2
5083,214.8904571533203,52.920196533203125,3.2,2.98,3.3,2.86,3.4,3.210719,2
5091,214.9092254638672,52.93350601196289,1.22,1.18,1.4,1.12,1.56,0.51,-1
5101,215.02212524414062,53.013309478759766,0.34,0.3,0.4,0.26,0.44,0.72,-1
5103,214.9508056640625,52.96289825439453,4.3,4.28,4.34,4.26,4.36,4.262549,2
5104,215.0128631591797,53.006771087646484,4.78,4.78,5.42,4.68,5.6,6.657400131225586,0
5114,214.91603088378906,52.9373779296875,0.8,0.8,0.82,0.8,0.84,0.7454,2
5164,214.77000427246094,52.832950592041016,0.9,0.9,0.94,0.88,0.96,0.9754,2
5165,214.77108764648438,52.83415985107422,0.56,0.54,0.58,0.54,0.62,0.406533,2
5167,214.86326599121094,52.90058898925781,2.98,3.08,3.56,2.96,3.72,4.2368,1
5185,214.8891143798828,52.91889190673828,0.62,0.5,0.7,0.38,0.78,0.11298,-1
5189,215.0068817138672,53.00221252441406,3.4,3.2,3.42,3.08,3.54,3.441211,2
5201,215.0305633544922,53.01866149902344,0.58,0.52,0.62,0.46,0.64,0.600392,2
5205,214.81256103515625,52.864402770996094,1.34,1.32,1.62,1.24,1.76,1.813599944114685,0
5211,214.86029052734375,52.897918701171875,1.36,1.34,1.38,1.3,1.4,1.3455,2
5212,214.88851928710938,52.91717529296875,0.68,0.62,0.72,0.56,0.76,0.6575,2
5223,214.94577026367188,52.958919525146484,2.18,2.1,2.26,2.0,2.4,2.1601,1
5227,214.76658630371094,52.83152389526367,4.84,4.82,4.86,4.8,4.88,4.501699924468994,0
5230,214.9046630859375,52.929718017578125,2.98,2.98,3.26,2.96,3.62,7.480015,-1
5248,214.88917541503906,52.91868209838867,3.3,3.14,3.38,2.96,3.42,3.269105,2
5261,214.80850219726562,52.86127471923828,3.74,3.66,3.74,3.6,3.76,3.583484,2
5278,214.82896423339844,52.87570571899414,5.74,5.74,5.78,5.72,5.8,5.77,2
5285,214.7596435546875,52.825950622558594,1.42,1.4,1.46,1.36,1.48,1.44978,2
5286,215.01878356933594,53.01025390625,0.7,0.68,0.74,0.64,0.76,0.72,-1
5290,214.8206787109375,52.86979293823242,3.52,3.5,3.6,3.46,3.7,3.601839,2
5296,214.8961944580078,52.92326354980469,3.86,3.84,3.92,3.82,3.96,3.842468,2
5297,214.89659118652344,52.923336029052734,0.7,0.68,0.74,0.66,0.76,0.707568,-1
5319,214.86837768554688,52.903175354003906,0.46,0.46,0.5,0.44,0.52,0.46,2
5327,214.98878479003906,52.98862075805664,3.5,3.48,3.52,3.46,3.56,3.475,2
5335,214.87242126464844,52.90632247924805,4.44,4.44,4.54,4.4,4.58,4.523702,2
5338,214.85952758789062,52.89734649658203,2.56,2.52,2.58,2.5,2.62,2.555,2
5342,214.96078491210938,52.969112396240234,1.34,1.34,1.36,1.34,1.38,1.39,2
5347,214.845703125,52.88751983642578,3.86,3.84,4.06,2.74,4.16,0.936581,1
5358,214.952880859375,52.963531494140625,2.94,2.6,2.92,0.38,2.94,0.37,-1
5362,214.94520568847656,52.95783233642578,0.78,0.74,0.8,0.7,0.82,0.7686,2
5376,214.86734008789062,52.90277099609375,2.32,2.18,2.84,1.34,3.0,2.46239,1
5383,214.84426879882812,52.886322021484375,5.74,5.74,5.78,5.72,5.8,2.126003,-1
5385,214.89732360839844,52.92383575439453,4.9,4.88,4.9,4.86,4.92,4.9597,2
5386,214.92095947265625,52.94075393676758,6.68,6.68,6.7,6.66,6.72,6.673016,2
5387,214.99131774902344,52.9902229309082,1.08,1.06,1.12,1.04,1.16,1.01577,2
5405,214.9368438720703,52.95173263549805,2.38,2.36,2.38,2.36,2.4,2.3749,2
5407,214.8779754638672,52.91018295288086,0.72,0.68,0.78,0.62,0.82,3.64824,-1
5413,214.81149291992188,52.8626708984375,2.6,2.54,2.62,2.5,2.66,2.592391,2
5415,214.81448364257812,52.864925384521484,3.86,3.86,3.9,3.84,4.02,3.885,2
5424,214.9110565185547,52.93312072753906,2.98,2.94,3.0,2.92,3.04,2.68,1
5434,214.85546875,52.894126892089844,5.86,5.86,6.04,5.76,6.62,5.992300033569336,2
5437,214.7671661376953,52.83049011230469,2.94,2.92,2.94,2.86,2.94,2.95,2
5448,214.83929443359375,52.882572174072266,7.16,7.06,7.18,7.02,7.2,7.0286,2
5469,214.85617065429688,52.89436340332031,3.1,3.08,3.16,3.06,3.26,3.234923,2
5473,214.76437377929688,52.82906723022461,1.74,1.72,1.86,1.64,1.96,1.4593000411987305,0
5497,214.9601593017578,52.968055725097656,0.44,0.4,0.48,0.36,0.54,6.76338,-1
5500,214.9120330810547,52.93394470214844,2.94,2.72,2.94,2.0,2.98,1.979201,-1
5501,214.95559692382812,52.96484375,3.44,3.44,3.46,3.42,3.52,3.448199,-1
5528,214.95005798339844,52.96074676513672,3.02,3.02,3.02,3.0,3.02,2.96938,2
5543,215.01046752929688,53.00343322753906,3.42,3.38,3.56,3.12,3.72,3.44,2
5544,214.91482543945312,52.93572998046875,5.74,5.74,5.78,5.72,5.8,5.74,2
5546,214.9862518310547,52.986289978027344,2.62,1.8,2.64,1.06,2.66,2.61,1
5552,214.9982452392578,52.994747161865234,4.44,4.44,4.54,4.42,4.6,4.6,2
5554,214.85842895507812,52.89475631713867,4.24,4.22,4.26,4.2,4.3,4.231395,2
5556,214.85830688476562,52.895076751708984,4.24,4.22,4.24,4.22,4.26,4.228799819946289,2
5560,215.0037384033203,52.99856185913086,1.66,1.68,1.92,1.62,2.0,1.915,-1
5573,214.91836547851562,52.93789291381836,3.9,3.88,3.96,3.84,4.04,3.91177,2
5580,214.973388671875,52.97689437866211,0.98,0.88,1.0,0.76,1.02,0.97092,2
5623,214.8921356201172,52.91923141479492,3.24,3.14,3.42,3.0,3.6,3.218602418899536,-1
5640,214.99423217773438,52.99128723144531,1.24,1.12,1.24,1.08,1.26,1.259499,2
5650,214.95050048828125,52.960628509521484,2.2,2.14,2.28,2.1,2.34,0.572363,-1
5657,214.93084716796875,52.946617126464844,0.98,0.94,1.02,0.9,1.04,1.061225,2
5672,214.86083984375,52.89659118652344,0.96,0.9,0.98,0.86,1.0,0.9703,2
5674,214.9625701904297,52.96913528442383,4.48,4.42,4.58,4.38,4.64,3.22,1
5675,215.02149963378906,53.01068115234375,1.34,1.34,1.36,1.32,1.4,1.34,2
5678,214.9588623046875,52.96645736694336,3.3,3.28,3.3,3.22,3.3,6.298302,-1
5685,214.86468505859375,52.89908981323242,1.94,1.88,1.96,1.84,1.98,1.93,2
5688,214.9098663330078,52.931434631347656,0.54,0.52,0.58,0.5,0.6,0.5469,2
5689,214.9107208251953,52.93146514892578,0.88,0.88,0.92,0.84,0.94,0.8976,2
5690,214.95489501953125,52.963619232177734,4.58,4.52,4.6,4.44,4.62,5.85468,-1
5730,214.98764038085938,52.98671340942383,5.7,5.58,5.78,5.44,5.88,5.78,2
5733,215.0390167236328,53.02237319946289,0.08,0.04,0.12,0.0,0.16,0.0369,2
5770,215.01092529296875,53.00300979614258,6.64,6.62,6.64,6.62,6.66,6.67,2
5782,214.91798400878906,52.93724822998047,4.88,4.86,6.78,4.84,6.84,4.891989,2
5789,214.8129425048828,52.862606048583984,3.4,3.38,3.48,3.34,3.58,3.45,2
5796,214.8172607421875,52.86558532714844,1.02,0.96,1.06,0.88,1.14,1.17,-1
5799,214.84088134765625,52.882057189941406,1.34,1.34,1.4,1.32,1.44,1.36316,2
5800,214.8966827392578,52.92205810546875,3.74,1.72,3.76,0.66,3.9,1.31,-1
5820,214.8524932861328,52.89056396484375,5.78,5.76,5.8,5.74,5.82,5.77,2
5832,214.9927520751953,52.98979568481445,1.1,1.08,1.12,1.04,1.16,1.10434,2
5835,214.84376525878906,52.884342193603516,1.04,1.0,1.9,0.68,2.42,6.06924,-1
5842,214.9585723876953,52.9656982421875,0.94,0.94,1.12,0.88,1.18,1.12,2
5846,214.9385223388672,52.95084762573242,1.54,1.52,1.58,1.5,1.6,1.51055,2
5877,214.89210510253906,52.91844177246094,2.82,2.76,2.94,2.7,3.04,2.844477,2
5882,214.91624450683594,52.93549728393555,2.0,1.98,2.02,1.84,2.02,2.005,2
5892,214.89413452148438,52.91901397705078,0.24,0.14,0.3,0.02,0.38,0.275914,2
5908,214.85842895507812,52.89439392089844,3.04,3.0,3.08,3.0,3.14,3.000499963760376,2
5912,214.9210968017578,52.93792724609375,1.04,1.02,1.08,1.0,1.1,1.1048,2
5960,214.9617919921875,52.967491149902344,3.82,3.8,3.94,3.64,4.06,4.235934,-1
5965,214.9547882080078,52.962059020996094,4.36,4.34,4.36,4.34,4.38,4.346594,-1
5973,214.92306518554688,52.93983459472656,0.4,0.38,0.44,0.34,0.46,0.4081,2
5980,215.0189208984375,53.0078010559082,1.92,1.8,2.02,1.72,2.12,0.655,-1
5982,214.95108032226562,52.95988464355469,4.04,3.96,4.16,3.9,4.18,4.19,2
5991,214.90069580078125,52.923866271972656,0.38,0.36,0.44,0.34,0.46,0.3795,2
5997,214.9630126953125,52.96823501586914,4.86,4.86,4.88,4.86,4.88,5.13,1
6003,215.01690673828125,53.006248474121094,2.18,2.14,2.26,2.1,2.32,2.6334999999999997,2
6004,215.01712036132812,53.006160736083984,2.58,2.56,2.62,2.54,2.64,2.63,2
6011,214.86648559570312,52.89964294433594,3.02,3.02,3.18,2.98,3.28,3.0624001026153564,2
6023,214.8573760986328,52.8927001953125,1.02,1.0,1.04,0.98,1.06,1.0447,2
6024,214.85816955566406,52.892967224121094,1.04,1.02,1.06,1.0,1.1,1.0434,2
6027,214.88876342773438,52.915252685546875,0.06,0.04,0.1,0.0,0.18,1.1066,2
6041,214.88308715820312,52.911468505859375,0.2,0.16,0.26,0.06,0.32,0.29,-1
6043,215.0063934326172,52.998722076416016,3.46,3.44,3.48,3.42,3.5,3.48,2
6065,214.9314727783203,52.94514083862305,0.88,0.88,0.92,0.84,0.94,0.8933,2
6068,214.9362030029297,52.94830322265625,1.22,1.12,1.24,1.08,1.26,0.3473,2
6075,214.8805389404297,52.90914535522461,1.16,1.12,1.2,1.08,1.22,1.1793,2
6079,214.90646362304688,52.92757034301758,6.64,6.64,6.66,6.62,6.66,6.68,2
6084,215.0207061767578,53.00872802734375,0.82,0.78,0.88,0.72,0.94,0.34,-1
6098,214.83567810058594,52.87744140625,5.78,5.76,5.78,5.76,5.78,5.773989,2
6123,214.7623291015625,52.82509231567383,2.2,2.14,2.24,2.08,2.32,2.2351999282836914,2
6129,215.008056640625,52.9995231628418,0.88,0.86,0.92,0.84,0.96,0.91076,2
6133,214.76405334472656,52.826454162597656,3.34,3.32,3.5,3.06,3.68,3.45,2
6153,214.91407775878906,52.93303298950195,4.46,4.44,4.52,4.44,4.54,4.51,2
6160,214.942626953125,52.95328903198242,2.38,1.4,2.38,1.36,2.5,2.37,2
6191,214.83937072753906,52.87995910644531,3.82,3.78,3.82,3.68,3.96,3.772871,2
6201,214.8394012451172,52.87974166870117,3.74,3.74,3.74,3.74,3.76,3.76,2
6207,214.9769287109375,52.97710418701172,1.68,1.64,1.68,1.6,1.96,1.674676,2
6210,215.01661682128906,53.005462646484375,6.92,6.76,7.0,1.64,7.26,5.15,0
6220,214.8994598388672,52.922054290771484,1.04,1.02,1.06,1.0,1.08,1.0522,2
6229,214.9973602294922,52.99174118041992,1.62,1.56,1.62,1.24,1.68,2.004609,2
6233,215.0380859375,53.01996994018555,0.14,0.12,0.22,0.08,0.28,0.191,2
6235,214.7703094482422,52.83053970336914,3.64,3.5,3.68,3.36,3.72,9.471858,-1
6238,214.77923583984375,52.836917877197266,4.08,4.04,4.1,4.0,4.16,4.041999,2
6239,214.9115753173828,52.93101119995117,6.82,6.78,6.92,6.74,6.98,6.674551,-1
6254,214.8681640625,52.900169372558594,3.18,3.16,3.22,3.12,3.26,3.11,2
6269,215.042724609375,53.02333068847656,2.18,2.1,2.24,2.04,2.32,2.1600325107574463,-1
6302,214.8468017578125,52.8844108581543,1.44,1.42,1.48,1.38,1.52,1.44734,2
6303,214.85812377929688,52.891170501708984,2.0,2.0,2.02,1.98,2.04,1.99966,2
6311,214.9346466064453,52.94706726074219,6.64,6.64,6.64,6.62,6.64,6.653800010681152,2
6312,214.9347686767578,52.94710159301758,6.64,6.64,6.64,6.62,6.66,6.653333,2
6313,214.99440002441406,52.9893798828125,8.84,8.8,8.9,8.76,8.96,8.8,2
6315,214.8116912841797,52.8597297668457,3.24,3.14,3.26,3.06,3.28,3.21,2
6316,214.8332061767578,52.87413787841797,0.0,0.0,0.06,0.0,0.08,0.0823,2
6317,214.91552734375,52.93335723876953,1.42,1.42,1.5,1.36,1.52,1.5234664678573608,-1
6326,214.8663787841797,52.898353576660156,1.82,1.76,1.86,1.7,1.94,1.81229,2
6334,214.8245391845703,52.868858337402344,6.08,6.08,6.1,6.08,6.1,6.1,2
6335,214.8226318359375,52.86746597290039,1.02,0.92,1.06,0.84,1.16,0.71,-1
6339,214.95925903320312,52.96443176269531,4.04,4.02,4.12,3.98,4.14,3.91,2
6341,215.0087890625,52.99941635131836,2.96,2.96,3.12,2.88,3.2,2.99,1
6344,214.98492431640625,52.982505798339844,5.68,5.56,5.82,5.44,5.94,5.6457,-1
6359,214.99916076660156,52.99256896972656,2.64,2.58,2.66,2.52,2.66,2.6,2
6363,214.95631408691406,52.962284088134766,5.16,5.1,5.18,5.06,5.22,5.16,2
6369,214.81871032714844,52.86438751220703,3.42,3.42,3.44,3.42,3.44,3.44,2
6370,214.90599060058594,52.92660140991211,3.8,3.76,3.8,3.48,3.9,0.740403,-1
6371,214.9086456298828,52.92788314819336,1.34,1.32,1.34,1.28,1.36,1.3494,2
6372,214.9688262939453,52.9710693359375,4.68,4.66,4.7,4.66,4.72,4.715691,2
6374,214.99560546875,52.98990249633789,2.46,2.46,2.48,2.44,2.52,5.9,1
6381,214.8105926513672,52.858497619628906,2.24,2.02,2.46,1.72,2.6,1.71252,2
6386,214.86505126953125,52.89730453491211,0.74,0.7,0.78,0.66,0.8,0.711688,2
6387,214.8836212158203,52.90994644165039,1.1,1.08,1.16,1.04,1.2,0.349321,2
6388,214.88449096679688,52.910213470458984,0.36,0.34,0.36,0.34,0.42,0.3487,2
6396,214.8820343017578,52.90943145751953,0.9,0.84,0.94,0.78,1.0,0.94,-1
6398,214.87591552734375,52.90461349487305,2.34,2.22,2.34,2.18,2.36,2.305641,2
6406,215.00340270996094,52.99534606933594,4.64,4.42,4.64,4.36,4.7,4.639936,2
6411,215.0172119140625,53.0048942565918,2.42,2.38,2.42,2.36,2.46,2.407,2
6418,214.99114990234375,52.98610305786133,1.08,1.04,1.12,1.02,1.16,1.1188,2
6420,214.9547882080078,52.96090316772461,2.08,2.06,2.14,2.04,2.24,2.140007,2
6421,214.96438598632812,52.96709060668945,1.12,1.1,1.18,1.06,1.22,1.17385,2
6432,215.00515747070312,52.996551513671875,7.96,7.9,7.98,2.06,8.0,8.0,2
6435,215.00537109375,52.99669647216797,7.94,7.9,7.96,7.86,7.98,8.0,2
6436,215.0117645263672,53.00098419189453,0.88,0.88,0.92,0.84,0.94,0.9175,2
6439,215.0289306640625,53.01298141479492,0.56,0.52,0.62,0.46,0.66,0.5924,2
6440,214.7825469970703,52.838356018066406,0.82,0.8,0.84,0.78,0.86,0.84596,2
6452,215.00074768066406,52.993350982666016,4.86,4.84,4.9,4.82,4.96,4.898812,2
6453,215.00823974609375,52.99806594848633,0.9,0.86,0.94,0.84,0.96,0.91,2
6454,215.00851440429688,52.99732971191406,0.92,0.9,0.94,0.88,0.94,0.9122,2
6462,214.97088623046875,52.9720344543457,1.68,1.68,1.7,1.66,1.74,1.67647,2
6472,214.9030303955078,52.92398452758789,1.18,1.12,1.2,1.08,1.24,1.185114,2
6486,214.90403747558594,52.924617767333984,0.34,0.32,0.38,0.3,0.4,0.349561,2
6495,215.0082244873047,52.99850845336914,3.1,3.06,3.18,3.04,3.26,3.07,2
6501,214.89334106445312,52.91679763793945,2.7,2.58,2.8,2.48,2.94,2.2663636207580566,-1
6509,215.00665283203125,52.99616241455078,1.12,1.1,1.22,1.06,1.26,1.2435,2
6510,214.83775329589844,52.87743377685547,1.88,1.8,1.96,1.74,2.02,1.930805,2
6533,214.95411682128906,52.96010208129883,6.02,5.9,6.22,5.74,6.36,1.511299967765808,0
6535,215.0125274658203,53.00136947631836,2.7,2.34,2.72,2.18,2.82,10.237700462341309,0
6540,214.9553985595703,52.96095275878906,3.7,3.68,4.68,3.58,4.82,4.46433,1
6546,214.8992919921875,52.92117691040039,2.98,2.98,3.42,2.96,3.56,1.3499000072479248,0
6548,214.9029998779297,52.92323303222656,0.88,0.86,0.9,0.84,0.92,0.882987,2
6558,214.7824249267578,52.83798599243164,4.8,4.76,4.8,4.72,4.82,1.251796,1
6576,214.84854125976562,52.884761810302734,5.72,5.32,5.78,3.7,5.94,5.75481,2
6577,214.8749542236328,52.90343475341797,0.84,0.84,0.86,0.8,0.9,0.8512,2
6587,214.7648162841797,52.82516860961914,2.12,2.1,2.24,2.08,2.32,2.1320385932922363,-1
6596,214.92193603515625,52.936824798583984,2.62,2.54,2.64,2.46,2.66,2.505812883377075,-1
6597,214.96121215820312,52.96485137939453,4.7,4.38,4.74,3.62,4.8,4.1483001708984375,0
6605,214.99667358398438,52.989898681640625,1.64,1.64,1.64,1.64,1.64,1.6294,2
6615,214.92034912109375,52.93585205078125,6.66,6.66,6.68,6.64,6.68,6.670457,2
6663,214.76966857910156,52.82851791381836,4.86,4.84,4.88,4.84,4.92,4.872956,2
6670,214.98501586914062,52.972389221191406,0.56,0.52,0.62,0.46,0.68,0.58,2
6683,214.93653869628906,52.947105407714844,5.16,5.12,5.18,5.1,5.2,5.191194,2
6692,215.00213623046875,52.99348831176758,2.34,2.34,2.34,2.34,2.34,2.135,2
6696,214.8103485107422,52.857425689697266,4.26,4.22,4.38,3.9,4.48,4.278183,2
6705,214.91390991210938,52.930267333984375,0.76,0.72,0.78,0.7,0.82,0.771563,-1
6714,214.82955932617188,52.87051773071289,1.54,1.5,1.6,1.44,1.6,1.5429,2
6731,214.78475952148438,52.83829879760742,0.84,0.82,0.86,0.8,0.9,0.84873,2
6732,214.89947509765625,52.92066955566406,5.68,5.66,5.7,5.64,5.7,5.69,2
6741,214.9536590576172,52.95906066894531,2.32,2.22,2.52,2.1,2.68,1.248044,-1
6743,214.9592742919922,52.96300506591797,3.38,3.34,3.84,3.2,3.98,0.5163000226020813,0
6744,214.83645629882812,52.875877380371094,2.4,1.42,2.56,1.02,3.5,0.4,1
6749,214.950927734375,52.95703887939453,6.5,6.46,6.52,6.4,6.54,6.5,2
6762,214.76724243164062,52.826412200927734,3.44,3.42,3.48,3.42,3.5,3.47066,2
6764,214.8892822265625,52.91270446777344,0.84,0.72,0.96,0.68,1.0,0.841276,2
6784,214.8131561279297,52.858917236328125,3.08,2.92,3.14,2.76,3.22,3.221102,2
6786,214.86582946777344,52.89653778076172,4.42,4.38,4.52,4.3,4.62,4.276400089263916,0
6790,215.02320861816406,53.007972717285156,4.0,4.0,4.04,3.98,4.08,3.87,2
6793,214.93338012695312,52.94437026977539,0.74,0.72,0.8,0.68,0.84,0.838141,-1
6796,214.95343017578125,52.95802307128906,1.22,1.16,1.24,1.12,1.26,1.234,2
6801,214.92724609375,52.9395637512207,0.7,0.68,0.74,0.64,0.76,0.735,2
6802,214.94735717773438,52.9542121887207,2.64,2.58,2.64,2.56,2.66,2.567305,2
6807,215.01321411132812,53.00089645385742,1.02,0.94,1.12,0.82,1.22,0.42590001225471497,0
6821,214.8795928955078,52.90513229370117,2.62,2.52,2.64,2.48,2.72,2.65,1
6822,214.880126953125,52.90549850463867,2.4,2.24,2.48,2.14,2.6,1.58,-1
6825,214.81723022460938,52.861873626708984,1.04,1.04,1.06,1.04,1.1,1.06,2
6828,214.91546630859375,52.931640625,2.68,2.56,2.68,2.44,2.72,2.41,2
6837,214.9980926513672,52.990142822265625,4.66,4.56,5.1,4.34,5.38,4.910324,1
6839,214.8180389404297,52.86243438720703,4.24,1.78,4.26,1.02,4.36,3.6319000720977783,0
6848,215.0230712890625,53.007755279541016,4.12,3.84,4.42,0.78,4.68,4.14109992980957,0
6860,214.88307189941406,52.90738296508789,1.16,1.1,1.18,1.06,1.22,1.177578,2
6861,214.88323974609375,52.90711975097656,1.06,1.04,1.1,1.04,1.14,1.177578,2
6864,214.8191375732422,52.863136291503906,0.66,0.64,0.9,0.56,1.0,0.4823000133037567,0
6865,214.8798828125,52.90617752075195,2.02,2.0,2.02,2.0,2.02,2.007222,2
6871,214.83779907226562,52.87638854980469,2.76,2.66,2.92,1.7,3.16,4.120800018310547,0
6893,214.94204711914062,52.95022964477539,2.12,2.0,2.2,1.9,2.34,2.003748,2
6898,214.9503631591797,52.95619201660156,6.68,6.68,6.7,6.66,6.72,6.67,2
6913,215.0215301513672,53.005393981933594,2.02,2.02,2.04,2.0,2.06,2.045,2
6916,214.82127380371094,52.86447525024414,4.82,4.8,4.84,4.78,4.86,4.814,1
6925,214.9623565673828,52.964630126953125,3.22,3.1,3.24,3.06,3.28,3.06,1
6951,215.02615356445312,53.008628845214844,2.2,2.16,2.3,2.1,2.34,2.3084399700164795,-1
6953,214.99266052246094,52.986000061035156,1.54,1.52,7.88,1.36,7.98,8.0,2
6955,214.82044982910156,52.863834381103516,0.0,0.0,0.02,0.0,0.04,0.275368,-1
6974,214.85223388671875,52.885826110839844,0.98,0.94,1.02,0.9,1.04,1.0094,2
6975,214.8535919189453,52.88584899902344,0.36,0.36,0.4,0.34,0.42,0.3717,2
6978,214.87255859375,52.90053176879883,3.28,3.24,3.3,3.22,3.3,3.26646089553833,-1
6985,214.7820587158203,52.83616638183594,0.14,0.12,0.16,0.1,0.2,0.1515,2
6993,214.85035705566406,52.88469314575195,0.48,0.46,0.48,0.46,0.48,0.509486,2
6994,214.91322326660156,52.92958450317383,4.5,4.48,4.54,4.46,4.58,4.51,2
6998,214.92466735839844,52.9373664855957,1.04,1.04,1.1,1.0,1.12,1.08757,2
7002,215.01373291015625,53.000701904296875,2.04,2.04,2.06,2.04,2.06,2.06,2
7017,214.84463500976562,52.88082504272461,4.78,4.74,4.8,4.7,4.8,0.598800003528595,0
7018,214.95713806152344,52.9600715637207,0.34,0.32,0.38,0.3,0.42,0.36,1
7026,214.81689453125,52.860713958740234,3.2,3.18,3.24,3.14,3.28,3.23,2
7027,214.81723022460938,52.86077117919922,3.18,3.08,3.2,3.04,3.26,3.2212,2
7044,214.8180694580078,52.86180877685547,2.94,1.68,3.04,1.24,3.22,8.158499717712402,0
7046,214.8316650390625,52.87141418457031,3.3,3.24,3.42,3.14,3.52,1.902398,1
7049,214.88650512695312,52.91013717651367,0.38,0.34,0.38,0.3,0.4,0.3537,2
7058,214.8498077392578,52.884368896484375,3.54,3.48,3.64,3.44,3.72,1.4039000272750854,0
7064,214.8923797607422,52.91438674926758,1.08,1.02,1.16,0.92,1.22,1.11,2
7088,214.9240264892578,52.936344146728516,0.76,0.74,0.78,0.7,0.82,0.761127,2
7098,214.78038024902344,52.83479690551758,4.32,4.3,4.34,4.3,4.34,4.282,2
7106,214.9017791748047,52.92111587524414,4.54,4.54,4.6,4.52,4.62,4.6,2
7140,214.77638244628906,52.83126449584961,0.44,0.44,0.46,0.44,0.5,0.451946,2
7154,214.9993896484375,52.98975372314453,0.9,0.88,0.92,0.86,0.94,0.90885,2
7181,214.94837951660156,52.953857421875,2.86,2.76,2.9,2.7,2.94,2.671131,2
7189,215.0461883544922,53.02229309082031,0.76,0.7,0.82,0.66,0.88,0.8431,2
7190,215.06724548339844,53.037498474121094,0.7,0.7,0.92,0.68,1.0,0.9557,2
7191,214.76531982421875,52.8237419128418,1.88,1.78,1.92,1.72,1.96,0.767667,-1
7194,214.90457153320312,52.922821044921875,3.72,1.06,4.28,0.88,4.82,2.6465001106262207,0
7199,214.7705078125,52.8273811340332,0.08,0.08,1.78,0.06,2.14,1.654108,-1
7204,214.96629333496094,52.96641540527344,3.3,3.26,3.46,3.18,3.6,3.25,2
7210,214.8632354736328,52.89334487915039,2.48,2.46,2.56,2.4,2.62,2.5596001148223877,2
7215,214.88552856445312,52.90891647338867,0.78,0.74,0.82,0.72,0.84,0.7677,2
7217,214.90496826171875,52.92241287231445,3.08,3.0,3.14,2.96,3.22,3.23,2
7220,214.9309844970703,52.941463470458984,4.94,4.92,5.02,4.88,5.08,4.889435,2
7223,214.9759521484375,52.972293853759766,1.62,1.58,1.64,1.48,1.7,1.6126,2
7226,214.93695068359375,52.945465087890625,1.9,1.84,1.96,1.78,2.02,1.889,1
7245,214.8618927001953,52.89231872558594,3.8,3.58,3.9,3.32,4.04,8.963786,-1
7248,214.90696716308594,52.92432403564453,3.02,3.0,3.02,3.0,3.04,2.99,2
7253,214.82461547851562,52.86575698852539,3.46,3.4,3.54,3.3,3.62,3.23,2
7273,215.00582885742188,52.99402618408203,2.36,2.28,2.42,2.2,2.42,2.2335805892944336,-1
7275,214.9540252685547,52.95747756958008,1.42,1.32,1.48,1.26,1.54,1.55,2
7278,214.92538452148438,52.93730545043945,1.1,1.14,1.9,1.08,2.12,0.805,-1
7280,214.93890380859375,52.946746826171875,4.54,4.44,4.58,4.4,4.64,4.0,1
7281,214.95033264160156,52.95489501953125,1.04,0.92,1.08,0.86,1.14,1.059919,2
7288,214.9315948486328,52.94144821166992,4.38,4.38,4.4,4.38,4.4,4.375026,2
7294,214.91172790527344,52.92753601074219,5.26,5.2,5.28,5.0,5.28,5.2873,2
7299,214.96420288085938,52.964176177978516,1.24,1.2,1.26,1.16,1.32,1.234967,2
7304,214.9663543701172,52.966217041015625,6.58,6.54,6.6,6.38,6.62,6.4994,2
7311,214.9070281982422,52.92414855957031,2.98,2.98,3.02,2.98,3.1,2.978295,2
7317,214.7655792236328,52.82350540161133,3.3,3.28,3.3,3.22,3.32,3.3187999725341797,2
7325,214.866943359375,52.895668029785156,4.22,4.22,4.3,4.22,4.32,4.225900173187256,2
7336,215.05020141601562,53.024959564208984,0.76,0.68,0.78,0.64,0.82,0.746482,2
7352,214.83474731445312,52.87260818481445,3.32,3.32,3.36,3.32,3.36,3.3349,2
7358,214.7964324951172,52.845211029052734,0.4,0.4,0.42,0.38,0.42,0.387266,2
7386,214.86932373046875,52.896907806396484,0.42,0.38,0.42,0.36,0.42,0.3728,2
7388,214.91835021972656,52.931827545166016,4.86,4.86,4.86,4.86,4.86,4.9,2
7393,214.89903259277344,52.91792678833008,1.28,1.2,1.34,1.14,1.42,1.28,2
7405,214.96002197265625,52.961151123046875,2.22,2.16,2.26,2.12,2.32,2.1608,2
7424,214.81968688964844,52.86149978637695,2.22,2.16,2.26,2.1,2.34,2.2427,2
7430,215.00791931152344,52.99483871459961,0.72,0.68,0.74,0.64,0.78,0.71571,2
7445,214.7652587890625,52.8228645324707,3.3,3.3,3.36,3.24,3.4,3.33,2
7448,214.89016723632812,52.91175079345703,4.16,4.16,4.4,4.08,4.66,4.30945,2
7452,214.89273071289062,52.913082122802734,1.22,1.12,1.28,1.06,1.36,1.1728,2
7457,214.9998016357422,52.988712310791016,1.5,1.44,1.56,1.4,1.6,1.5345,2
7463,214.79103088378906,52.841148376464844,4.86,4.86,4.86,4.84,4.88,4.877071,1
7465,214.7763214111328,52.83057403564453,4.42,4.36,4.5,4.24,4.58,3.992711,-1
7466,214.85079956054688,52.88368606567383,1.12,1.08,1.24,1.04,1.4,7.054062,1
7473,214.89830017089844,52.917320251464844,3.96,3.88,4.06,3.74,4.14,3.92,2
7490,214.8368377685547,52.87345504760742,3.14,3.1,3.2,3.04,3.24,2.2297,1
7513,214.77072143554688,52.82647705078125,2.0,1.6,2.0,1.48,2.08,0.37369999289512634,0
7526,214.8822479248047,52.905826568603516,1.08,1.04,1.18,0.98,1.26,1.12,1
7539,214.84219360351562,52.87657165527344,0.1,0.1,0.18,0.06,0.24,0.13120000064373016,2
7540,214.84317016601562,52.87672424316406,1.54,1.48,1.58,1.4,1.6,1.5388,2
7562,214.83261108398438,52.87047576904297,1.1,1.06,1.36,0.7,5.96,1.4330999851226807,0
7577,214.9226837158203,52.93424987792969,2.4,2.38,2.4,2.36,2.4,2.366835,1
7587,214.96917724609375,52.967166900634766,0.62,0.54,0.66,0.5,0.7,0.53,-1
7589,215.002197265625,52.99011993408203,0.76,0.74,0.8,0.7,0.82,0.7816,2
7598,215.0111846923828,52.99391174316406,1.6,1.46,1.6,1.4,1.64,1.537052,2
7599,215.0117950439453,52.995521545410156,0.9,0.88,0.92,0.86,0.96,0.915165,2
7602,214.8568115234375,52.88740921020508,0.98,0.96,1.0,0.88,1.0,0.98476,2
7611,214.86325073242188,52.892024993896484,3.22,3.2,3.28,3.16,3.3,3.30049991607666,2
7613,214.8989715576172,52.91722106933594,0.42,0.36,0.5,0.28,0.58,0.4085,2
7624,214.9586944580078,52.95928192138672,0.44,0.44,0.48,0.42,0.5,0.4635,2
7636,214.8546142578125,52.88594055175781,4.74,4.7,4.76,4.68,4.78,4.702974,2
7651,214.83326721191406,52.870059967041016,0.78,0.74,0.8,0.7,0.84,0.7563,2
7652,214.83404541015625,52.87009048461914,2.32,2.18,2.34,2.08,2.34,2.328,2
7657,214.91574096679688,52.92927169799805,4.8,0.82,4.86,0.7,15.38,4.79,2
7683,214.83558654785156,52.87222671508789,3.1,3.08,3.18,3.06,3.28,3.214911,2
7685,214.84376525878906,52.87799072265625,2.36,2.14,2.36,1.42,2.4,2.167304,2
7702,214.90878295898438,52.92416763305664,6.88,6.86,6.9,6.84,6.92,6.8203,2
7706,214.8228759765625,52.86305236816406,4.36,4.34,4.36,4.34,4.36,4.359808,2
7752,214.9737091064453,52.969505310058594,1.38,1.36,1.4,1.34,1.42,1.39648,2
7764,215.00735473632812,52.99375534057617,0.4,0.32,0.5,0.24,0.62,0.405,-1
7765,214.8519287109375,52.8830680847168,1.5,1.4,1.52,1.38,1.56,1.53017,2
7768,214.97906494140625,52.97322463989258,0.7,0.68,0.78,0.62,0.84,0.7544,2
7770,214.91429138183594,52.92778778076172,4.94,4.94,4.96,4.92,4.96,5.3,2
7789,214.8209228515625,52.86138153076172,0.68,0.68,4.2,0.6,4.66,4.764078,1
7792,214.8178253173828,52.859073638916016,2.36,2.26,2.4,2.18,2.52,2.227078,2
7798,214.9404754638672,52.946170806884766,2.02,1.16,2.16,1.12,2.26,2.005,2
7817,215.0685577392578,53.036163330078125,0.76,0.72,0.9,0.68,0.96,0.9567,2
7824,214.7635955810547,52.82041931152344,3.28,3.22,3.28,3.16,3.3,6.237211,-1
7846,214.9198455810547,52.93144607543945,4.56,4.54,4.58,4.52,4.6,4.524443,2
7849,214.83277893066406,52.86949920654297,2.36,2.34,2.36,2.3,2.36,2.3148,2
7868,214.942138671875,52.94641876220703,2.46,2.18,2.48,2.06,2.56,2.015091,2
7893,214.9026336669922,52.91889190673828,4.12,4.1,4.16,4.08,4.18,4.11,2
7901,214.96376037597656,52.962310791015625,2.84,2.8,2.88,2.76,2.9,6.096646,-1
7903,214.899169921875,52.916526794433594,1.42,1.4,2.78,1.14,3.12,0.94,-1
7908,214.95745849609375,52.95779800415039,1.7,1.66,1.86,1.54,1.98,1.235705,-1
7912,214.87960815429688,52.90262222290039,3.48,3.14,3.58,2.92,3.7,3.45,1
7916,215.02085876464844,53.00244903564453,2.3,2.18,2.32,2.12,2.34,1.52,1
7933,214.8697509765625,52.89553451538086,4.08,4.0,4.12,3.92,4.16,3.871956,-1
7942,214.8864288330078,52.90719223022461,1.16,1.1,1.18,1.08,1.2,1.123996,2
7943,214.88671875,52.906982421875,1.12,1.1,1.16,1.06,1.22,1.41,1
7950,214.7788848876953,52.830780029296875,5.0,4.96,5.16,4.9,5.28,3.56,1
7952,214.9774932861328,52.971622467041016,2.18,2.18,2.22,2.14,2.26,2.2352,2
7954,214.82713317871094,52.86516571044922,2.98,2.96,3.08,0.34,3.28,3.11,1
7963,214.91903686523438,52.930355072021484,4.36,4.36,4.38,4.34,4.38,4.3592,-1
7964,214.94772338867188,52.95064163208008,2.32,2.26,2.32,2.2,2.34,2.263777,2
7966,214.81820678710938,52.85871887207031,2.22,2.2,2.3,2.2,2.36,2.247487,1
7967,214.89370727539062,52.91240310668945,0.44,0.3,0.52,0.24,0.6,0.44,-1
7976,214.7825469970703,52.8310432434082,0.44,0.42,0.44,0.42,0.46,0.4409,2
7980,214.85964965820312,52.88814163208008,4.82,4.82,4.82,4.82,4.82,4.81,2
7981,214.8595428466797,52.8879508972168,4.72,4.7,4.8,4.66,4.84,4.799564,2
7983,214.79849243164062,52.84439468383789,1.3,1.28,1.34,1.26,1.36,1.334,2
7987,214.77394104003906,52.8270263671875,3.46,3.44,3.48,3.44,3.52,3.4695000648498535,2
7989,214.83946228027344,52.87370300292969,2.4,2.38,2.42,2.32,2.42,2.4547,2
7994,214.93226623535156,52.93967056274414,2.22,2.14,2.3,2.08,2.34,2.328942,2
8000,214.94479370117188,52.94853210449219,2.38,2.28,2.46,2.2,2.56,0.58178,-1
8006,214.77734375,52.829368591308594,0.8,0.76,0.82,0.72,0.86,0.8098999857902527,2
8030,214.8892822265625,52.90903091430664,0.14,0.1,0.2,0.06,0.28,0.32,-1
8035,214.9565887451172,52.956783294677734,6.26,6.26,6.44,6.24,6.56,6.389962,2
8038,215.03607177734375,53.01267623901367,0.74,0.08,0.78,0.02,0.86,0.7452,2
8048,214.96873474121094,52.96520233154297,3.44,3.4,3.52,3.36,3.6,3.471555,-1
8079,214.953125,52.953773498535156,1.26,1.24,1.3,1.18,1.34,1.2822,2
8092,214.8652801513672,52.89170455932617,4.36,4.36,4.38,4.34,4.4,4.35621,-1
8093,214.77383422851562,52.826629638671875,3.44,3.44,3.52,3.42,3.68,6.869757,-1
8094,214.77383422851562,52.82636642456055,3.52,3.52,3.54,3.44,3.56,7.533076,-1
8112,214.9277801513672,52.93589782714844,4.88,4.88,4.92,4.86,4.94,4.895,2
8120,214.86737060546875,52.89320755004883,3.42,3.42,3.44,3.4,3.58,3.625,2
8126,214.8206024169922,52.85993576049805,0.18,0.18,1.64,0.18,1.96,1.845172,-1
8127,214.8939666748047,52.912071228027344,1.04,0.94,1.14,0.7,1.28,1.06,-1
8139,214.77830505371094,52.829219818115234,0.82,0.8,0.86,0.76,0.88,0.8242999911308289,2
8143,214.97012329101562,52.9658317565918,1.78,1.72,1.84,1.66,1.98,1.65,1
8152,214.7618865966797,52.81768035888672,1.22,1.14,1.24,1.08,1.28,1.21333,2
8155,214.90969848632812,52.92308044433594,5.3,5.28,5.3,5.26,5.3,5.3,2
8160,215.02452087402344,53.00431823730469,2.08,2.06,2.18,2.02,2.28,0.14,-1
8161,214.77471923828125,52.82710647583008,5.06,4.94,5.16,4.84,5.3,1.052854,-1
8166,214.82200622558594,52.86078643798828,5.06,5.04,5.18,4.96,5.22,5.14,2
8189,214.9656524658203,52.96261215209961,3.28,3.22,3.3,3.14,3.3,3.31,2
8204,214.8253631591797,52.863067626953125,7.2,7.14,7.24,7.1,7.26,7.18,2
8214,214.9066619873047,52.9207649230957,4.56,4.54,4.58,4.52,4.6,4.552235,2
8227,214.9628448486328,52.95989990234375,5.84,5.84,5.86,5.84,5.86,0.04470000043511391,1
8235,214.9603729248047,52.95873260498047,5.08,5.02,5.16,4.94,5.24,5.08,2
8236,214.9672393798828,52.96363067626953,7.0,6.98,7.02,6.98,7.04,6.986911,2
8238,214.99502563476562,52.983055114746094,1.04,1.04,1.1,1.02,1.14,1.11171,2
8250,214.85279846191406,52.88238525390625,4.56,4.54,4.58,4.52,4.6,4.586708,2
8274,215.04010009765625,53.014129638671875,2.52,2.42,2.64,2.36,2.7,2.368764638900757,-1
8276,215.0405731201172,53.01464080810547,0.7,0.66,0.74,0.62,0.78,0.6809999942779541,2
8281,214.86280822753906,52.88938522338867,6.62,6.46,6.64,6.34,6.66,6.63,1
8282,214.863037109375,52.88943862915039,6.62,6.62,6.64,6.6,6.64,6.58,2
8291,214.82046508789062,52.85920715332031,3.78,3.52,3.78,3.46,3.8,3.7600998878479004,0
8304,215.00022888183594,52.985107421875,0.1,0.08,0.1,0.08,0.14,0.1594,2
8310,214.83349609375,52.8682975769043,4.2,4.2,4.22,4.18,4.24,4.230817500000001,2
8311,214.83370971679688,52.8682861328125,4.2,4.2,4.2,4.18,4.22,4.23,2
8322,214.9587860107422,52.95731735229492,1.88,1.64,2.12,1.24,2.94,2.83,1
8324,214.913818359375,52.925445556640625,5.24,5.14,5.56,4.88,5.8,6.210705,2
8352,214.8796844482422,52.90090560913086,0.7,0.66,0.72,0.62,0.76,0.6714,2
8362,214.91383361816406,52.925357818603516,6.22,6.2,6.22,6.16,6.24,6.21,2
8369,215.01583862304688,52.99710464477539,1.24,1.22,1.24,1.14,1.24,1.2414,2
8375,215.02365112304688,53.002769470214844,0.44,0.42,0.46,0.4,0.5,0.4493,2
8380,214.86990356445312,52.89392852783203,1.2,1.14,1.22,1.1,1.24,1.1923,2
8399,214.90684509277344,52.9202880859375,2.1,2.1,2.3,0.06,2.34,1.5321999788284302,0
8404,214.88168334960938,52.90205764770508,0.86,0.86,0.94,0.82,0.96,0.897,2
8405,214.92047119140625,52.929954528808594,0.62,0.48,0.68,0.38,0.78,2.693978,-1
8408,214.7779998779297,52.82851028442383,2.44,2.44,2.44,2.44,2.44,2.435241,1
8413,214.7643585205078,52.81880569458008,1.58,1.54,1.6,1.5,1.64,1.599349,-1
8415,214.83029174804688,52.865692138671875,3.86,3.84,3.92,3.82,3.96,3.861891,-1
8419,214.7684326171875,52.8216667175293,3.04,3.04,3.06,3.02,3.08,3.004531,2
8428,214.8533935546875,52.88220977783203,4.82,4.82,4.84,4.8,4.84,4.803628,2
8430,214.9420928955078,52.945037841796875,2.34,2.22,2.34,2.18,2.36,2.313026,2
8437,214.85792541503906,52.88528823852539,3.42,3.42,3.42,3.4,3.44,0.073455,-1
8449,214.90626525878906,52.91907501220703,2.18,2.12,2.24,2.08,2.32,2.2344,2
8464,214.94122314453125,52.94435501098633,4.38,4.34,4.4,4.28,4.4,4.40227,-1
8471,214.89324951171875,52.907188415527344,1.14,1.08,1.16,1.04,1.2,1.17,2
8472,214.8929443359375,52.907901763916016,1.04,0.9,1.14,0.74,1.26,1.1,2
8475,214.9188995361328,52.92862319946289,0.72,0.66,0.78,0.58,0.84,3.848449,-1
8497,214.99600219726562,52.98295593261719,0.96,0.9,0.98,0.86,1.0,0.98179,2
8500,214.86070251464844,52.88704299926758,0.28,0.24,0.28,0.0,0.3,0.3034999966621399,1
8504,214.90457153320312,52.918399810791016,4.1,4.02,4.12,3.98,4.14,3.87,2
8508,214.90135192871094,52.91562271118164,1.12,1.04,1.26,0.88,1.38,1.21,2
8517,214.91294860839844,52.923980712890625,0.74,0.72,0.78,0.68,0.82,0.77269,2
8523,214.88482666015625,52.904296875,4.9,4.88,4.98,4.84,5.08,5.335,2
8530,214.9091339111328,52.921180725097656,4.98,4.96,5.0,4.92,5.02,5.289231,2
8540,214.89051818847656,52.90738296508789,1.4,1.36,1.44,1.32,1.46,1.39,2
8541,214.9303741455078,52.936561584472656,3.16,3.14,3.22,3.12,3.28,3.825,2
8543,214.832275390625,52.86682891845703,3.44,3.38,3.68,3.2,3.76,6.116084,-1
8566,214.9662628173828,52.961341857910156,1.62,1.58,1.7,1.52,1.8,1.6728,2
8567,214.84359741210938,52.87483596801758,0.82,0.76,0.94,0.7,1.0,0.9114000201225281,0
8580,215.0110321044922,52.99256896972656,1.54,1.48,1.58,1.44,1.6,1.523122,2
8581,214.9665069580078,52.96200180053711,1.76,1.16,1.92,1.06,2.16,1.69,-1
8586,214.94671630859375,52.94784927368164,4.52,4.48,4.58,4.42,4.62,4.497788,1
8587,214.94859313964844,52.94922637939453,4.94,4.92,5.06,4.9,5.18,5.097328,-1
8591,214.77877807617188,52.82858657836914,4.56,4.5,4.58,4.42,4.6,0.900615,-1
8593,214.82337951660156,52.86037063598633,5.74,5.74,5.76,5.72,5.78,5.750981,2
8594,214.82347106933594,52.860435485839844,5.78,5.76,5.8,5.74,5.8,6.08,1
8598,214.95851135253906,52.95590591430664,4.54,4.5,4.56,4.46,4.58,4.571076,-1
8603,214.87571716308594,52.89750289916992,3.72,3.56,3.72,3.46,3.76,3.761899948120117,2
8604,214.96893310546875,52.963111877441406,1.18,1.12,1.2,1.08,1.24,1.152198,2
8617,214.82952880859375,52.86452102661133,1.08,1.06,1.1,1.04,1.16,1.182651,-1
8630,214.8396759033203,52.87173080444336,2.96,2.96,3.08,2.86,3.18,3.23,2
8631,214.86387634277344,52.88885498046875,0.92,0.88,0.96,0.86,0.98,0.955,-1
8640,214.81884765625,52.85696029663086,5.12,5.1,5.18,5.06,5.22,5.095905,-1
8651,214.90907287597656,52.92103958129883,4.8,4.76,4.82,4.7,4.84,4.806664,2
8660,214.9677276611328,52.962554931640625,6.12,6.12,6.18,6.1,6.22,6.109976,2
8664,214.81602478027344,52.854888916015625,2.36,2.36,2.36,2.36,2.36,4.33,1
8671,214.8333740234375,52.86705780029297,4.74,4.72,4.76,4.7,4.78,4.703400135040283,2
8672,214.83351135253906,52.86708450317383,4.72,4.7,4.76,4.7,4.78,4.70364,-1
8678,214.9625701904297,52.958831787109375,2.02,0.24,2.02,0.2,2.02,1.5117000341415405,0
8706,214.99398803710938,52.980918884277344,5.18,5.14,5.2,5.12,5.22,5.16668,-1
8721,214.8250274658203,52.86103439331055,3.78,3.6,3.78,3.46,3.8,3.740538,2
8725,214.77197265625,52.8232421875,1.84,1.8,1.92,1.74,1.94,1.8418999910354614,2
8728,214.9657440185547,52.96063232421875,1.16,1.1,1.2,1.06,1.24,1.14,2
8729,214.9657745361328,52.960453033447266,5.12,5.12,5.16,5.1,5.18,5.1696,2
8736,214.82101440429688,52.85795593261719,1.32,1.26,1.32,1.22,1.34,1.25805,2
8739,214.94668579101562,52.947364807128906,4.8,4.76,4.82,4.72,4.84,4.786038,-1
8750,214.98568725585938,52.97487258911133,1.56,1.26,1.58,1.14,1.66,1.552118,2
8751,214.7723846435547,52.82337188720703,4.8,4.8,4.8,4.78,4.8,4.77727,2
8770,214.83102416992188,52.86498260498047,0.22,0.18,0.26,0.14,0.28,0.71,-1
8779,214.96759033203125,52.96200942993164,1.96,1.44,1.96,1.32,2.12,0.69,-1
8786,215.00393676757812,52.987518310546875,1.36,1.36,1.58,1.36,1.6,1.35726,2
8801,214.96983337402344,52.96337890625,3.78,3.72,3.78,3.62,3.78,7.181598,2
8815,214.81643676757812,52.85458755493164,3.42,3.34,3.5,3.14,3.62,3.33,1
8817,214.9185028076172,52.927005767822266,2.22,2.14,2.4,2.02,2.56,1.69,-1
8829,214.90289306640625,52.9158935546875,2.24,2.14,2.36,2.02,2.46,0.52,-1
8843,214.85862731933594,52.884517669677734,2.4,2.36,2.42,1.42,2.44,2.345,2
8850,214.77684020996094,52.82587814331055,2.18,2.16,2.22,2.12,2.26,2.27416,2
8869,214.83737182617188,52.869285583496094,6.78,6.76,6.84,6.72,6.92,6.7555,2
8870,214.86849975585938,52.891048431396484,0.18,0.14,0.2,0.1,0.24,0.144128,2
8874,214.7994842529297,52.84199523925781,0.52,0.5,0.54,0.46,0.56,0.527131,2
8876,214.9500732421875,52.94926834106445,7.92,7.88,7.94,7.86,7.96,7.917185,2
8878,214.79344177246094,52.83799743652344,6.56,6.46,6.58,6.32,6.6,6.49,2
8886,214.8859100341797,52.903709411621094,2.1,2.06,2.28,1.12,2.36,2.185,0
8893,214.879638671875,52.89918518066406,2.94,2.88,2.94,2.86,2.94,2.9386000633239746,2
8897,214.8849639892578,52.90292739868164,3.26,3.14,3.26,3.1,3.28,3.255,2
8898,214.9578399658203,52.95465087890625,4.5,4.42,4.54,4.4,4.6,4.46409,2
8899,214.85691833496094,52.88300323486328,4.42,4.42,4.44,4.42,4.46,4.43,2
8908,214.9193878173828,52.927303314208984,4.86,4.84,4.88,4.84,4.9,4.889631,-1
8912,215.01220703125,52.99299240112305,4.64,4.6,4.64,4.56,4.66,4.625442,2
8916,214.93382263183594,52.93733215332031,1.42,1.4,1.46,1.36,1.48,1.4603919982910156,-1
8917,214.8485870361328,52.87690734863281,1.56,1.56,1.6,1.54,1.6,1.57668,2
8918,214.93145751953125,52.935523986816406,3.0,3.0,3.06,2.98,3.1,3.06,2
8923,214.86151123046875,52.88608932495117,2.34,2.28,2.34,2.2,2.36,2.33,2
8941,214.9748077392578,52.96644592285156,4.88,4.86,4.88,4.86,4.88,4.88925,2
8951,214.78033447265625,52.82827377319336,2.44,2.42,2.44,2.4,2.46,2.427999973297119,2
8964,214.918701171875,52.9264030456543,2.44,2.44,2.52,2.36,2.62,2.4080491065979004,-1
8981,215.05308532714844,53.0213623046875,0.72,0.68,0.76,0.62,0.78,0.7488,2
8982,214.8778839111328,52.897682189941406,6.54,6.5,6.56,6.44,6.58,6.54,2
8987,214.90390014648438,52.91592788696289,1.1,1.1,1.22,1.04,1.24,1.123648,2
8989,214.95899963378906,52.95474624633789,1.26,1.26,1.3,1.22,1.32,1.25579,2
8993,214.9718475341797,52.96418762207031,3.78,3.76,3.78,3.74,3.78,3.766825,1
8994,215.01327514648438,52.99348068237305,1.04,1.04,1.8,1.04,1.88,1.804761,2
8995,215.01339721679688,52.99345779418945,2.0,1.82,2.1,1.7,2.36,1.8,2
8998,214.89378356933594,52.908782958984375,1.1,1.06,1.2,0.96,1.28,1.1685,2
9000,214.92503356933594,52.930484771728516,1.36,1.36,1.38,1.34,1.4,1.357496,2
9004,214.82090759277344,52.857051849365234,0.46,0.46,0.5,0.44,0.54,1.865076,-1
9005,214.821044921875,52.85700225830078,1.02,0.98,1.02,0.96,1.02,4.59499979019165,2
9025,215.01329040527344,52.99324417114258,5.1,5.1,5.18,5.08,5.22,5.070619,2
9029,214.97601318359375,52.96669387817383,1.04,1.02,1.08,1.0,1.1,1.04521,2
9047,214.83494567871094,52.86687469482422,3.08,3.06,3.12,3.06,3.16,3.12,2
9059,214.78126525878906,52.828575134277344,2.42,2.38,2.44,2.24,2.48,2.4375998973846436,0
9061,214.900634765625,52.913448333740234,2.58,2.44,2.62,2.32,2.7,1.72,1
9065,214.88058471679688,52.89910888671875,1.42,1.42,1.48,1.4,1.48,1.4604,2
9097,214.94029235839844,52.941322326660156,4.42,4.4,4.42,4.4,4.44,4.396944,2
9099,214.93359375,52.93674850463867,7.36,7.34,7.4,7.34,7.42,7.41,2
9100,215.0144500732422,52.993900299072266,4.64,4.5,4.64,4.46,4.64,4.64,2
9112,214.96006774902344,52.95547103881836,5.12,5.08,5.18,5.06,5.2,5.07972,2
9117,214.7899932861328,52.834598541259766,5.32,5.32,5.32,5.32,5.32,5.3434,-1
9121,214.95533752441406,52.9512939453125,1.22,1.18,1.28,1.14,1.32,1.281801,2
9132,214.88401794433594,52.90141296386719,2.86,2.8,2.92,2.72,2.94,2.962074,2
9133,214.88406372070312,52.90125274658203,2.2,2.16,2.32,2.12,2.36,2.188777,2
9135,214.94854736328125,52.94697570800781,2.02,2.02,2.06,2.0,2.1,2.0166,2
9141,214.88719177246094,52.90326690673828,2.94,2.86,2.94,2.82,2.96,2.94,2
9143,214.94558715820312,52.94499206542969,0.88,0.86,0.96,0.84,0.98,0.94936,2
9149,214.85220336914062,52.878849029541016,1.2,1.16,1.46,1.08,1.66,0.479451,1
9152,214.8864288330078,52.90256881713867,0.84,0.82,0.86,0.78,0.88,0.8412,2
9157,214.9166259765625,52.92453384399414,4.2,3.72,4.24,3.16,4.42,0.6890000104904175,0
9166,214.90301513671875,52.914798736572266,2.32,1.74,2.54,1.32,2.96,2.35,2
9171,214.84365844726562,52.872528076171875,1.54,1.54,1.58,1.46,1.6,1.546398,2
9180,215.01138305664062,52.99148941040039,0.94,0.92,1.14,0.84,1.3,0.98,-1
9184,214.99972534179688,52.982643127441406,0.7,0.68,0.74,0.66,0.76,0.7435,2
9189,214.86624145507812,52.888465881347656,4.2,4.2,4.22,4.2,4.24,4.2,2
9205,214.79440307617188,52.837398529052734,5.36,5.36,5.36,5.36,5.36,5.343166,2
9211,214.9060821533203,52.91674041748047,1.08,1.06,1.2,1.04,1.26,0.49,-1
9218,214.97076416015625,52.961769104003906,0.76,0.74,0.8,0.7,0.84,0.7461,2
9230,214.94241333007812,52.94208908081055,0.76,0.74,0.8,0.7,0.82,0.7498,2
9239,214.76724243164062,52.81770324707031,3.44,3.38,3.52,3.32,3.56,3.472897,-1
9246,214.97491455078125,52.965389251708984,4.6,4.56,4.6,4.54,4.62,7.441914,-1
9254,214.8527069091797,52.878318786621094,1.54,1.54,1.58,1.54,1.6,1.56896,2
9258,214.9161376953125,52.9238395690918,1.3,0.82,1.32,0.7,1.48,3.1273000240325928,0
9277,214.7894744873047,52.833499908447266,0.44,0.44,0.44,0.42,0.44,0.4379,2
9293,214.9033966064453,52.91464614868164,5.08,4.98,5.18,4.86,5.24,4.95,2
9299,214.9075927734375,52.9176025390625,1.26,1.24,1.28,1.2,1.3,1.193324,2
9303,214.82521057128906,52.8590202331543,4.9,4.88,5.0,4.86,5.1,5.11,2
9307,214.97923278808594,52.96783447265625,0.16,0.16,0.36,0.14,0.4,0.371629,2
9310,215.01608276367188,52.99412536621094,1.24,1.22,1.24,1.16,1.24,1.248943,2
9319,214.8167266845703,52.85296630859375,2.68,2.62,2.84,2.32,2.94,0.726929,-1
9325,215.01980590820312,52.996681213378906,1.72,1.7,1.82,1.66,1.9,1.78,2
9337,214.9237823486328,52.92810821533203,0.74,0.7,0.76,0.68,0.8,0.7683,2
9338,214.9253692626953,52.929325103759766,0.38,0.36,0.38,0.34,0.42,0.3712,2
9340,214.92581176757812,52.928707122802734,0.36,0.36,0.4,0.34,0.42,0.371615,2
9358,214.84254455566406,52.8712043762207,7.46,7.42,7.5,7.4,7.54,7.4664,2
9362,215.02151489257812,52.99800109863281,0.84,0.8,2.64,0.68,3.1,0.37040001153945923,0
9375,214.82337951660156,52.857421875,0.5,0.5,0.5,0.46,0.5,0.0,-1
9378,215.02297973632812,52.99892807006836,1.24,1.14,1.28,1.08,1.34,0.39,-1
9382,214.95237731933594,52.948997497558594,1.54,1.54,1.54,1.54,1.56,1.528708,2
9386,214.92578125,52.929969787597656,3.16,3.14,3.22,3.08,3.26,3.209764242172241,-1
9392,214.94313049316406,52.94244384765625,11.84,11.46,11.9,11.28,12.02,11.41,2
9398,214.94677734375,52.94487762451172,1.56,1.56,1.6,1.54,1.6,1.515,2
9402,215.07386779785156,53.0340461730957,0.96,0.76,0.96,0.7,1.02,0.9556,2
9403,215.07537841796875,53.03465270996094,1.02,0.92,1.08,0.88,1.16,1.036749,2
9404,215.07479858398438,53.03292465209961,0.96,0.78,1.0,0.72,1.04,1.0364,2
9405,215.07652282714844,53.0326042175293,0.34,0.3,0.36,0.26,0.4,0.3557,2
9412,214.83697509765625,52.867008209228516,7.16,7.1,7.18,7.06,7.2,7.161427,2
9414,214.8842315673828,52.900596618652344,4.84,4.82,4.84,4.82,4.86,4.813408,2
9415,214.90447998046875,52.914737701416016,1.48,1.26,1.56,1.16,1.68,1.51,2
9416,215.05674743652344,53.021785736083984,0.7,0.68,0.74,0.66,0.78,0.748175,2
9422,215.04098510742188,53.011390686035156,1.76,1.4,1.88,1.14,2.0,1.8,2
9424,214.85382080078125,52.878944396972656,6.24,6.24,6.5,6.24,6.54,6.471965,1
9428,214.8196258544922,52.85449981689453,2.36,2.36,2.36,2.22,2.38,2.17,2
9433,214.8789825439453,52.896751403808594,6.56,6.54,6.58,6.54,6.6,6.54,2
9434,214.88548278808594,52.90134048461914,4.02,3.98,4.08,3.84,4.12,3.845,2
9437,214.85179138183594,52.8768310546875,0.82,0.78,0.84,0.76,0.84,0.783151,2
9442,214.9000701904297,52.9117317199707,2.0,1.42,1.92,1.16,2.0,1.4701999425888062,0
9443,214.9309844970703,52.93363571166992,0.86,0.82,0.96,0.72,1.2,4.832699775695801,1
9451,214.8834686279297,52.899837493896484,2.88,2.86,2.92,2.8,2.96,2.920599937438965,2
9470,214.82101440429688,52.85539627075195,5.68,5.64,5.68,5.62,5.68,5.614673,2
9482,214.88209533691406,52.89866638183594,3.74,3.74,3.74,3.72,3.76,3.76301,2
9512,214.91310119628906,52.92034912109375,0.1,0.1,0.14,0.08,0.18,0.151406,2
9514,214.7897186279297,52.83302307128906,2.44,2.04,2.5,1.4,2.64,1.73,-1
9521,214.81759643554688,52.85284423828125,2.46,2.46,2.48,2.44,2.5,2.460658,2
9527,214.82923889160156,52.8610954284668,4.74,4.72,4.74,4.72,4.76,9.046217,-1
9532,214.97344970703125,52.963375091552734,5.2,5.16,5.24,5.12,5.26,5.15208,-1
9537,214.88726806640625,52.902320861816406,2.14,1.68,2.18,1.36,2.28,1.4505000114440918,0
9538,214.89138793945312,52.905147552490234,2.26,2.16,2.3,2.12,2.34,2.2658,2
9542,214.7827911376953,52.827701568603516,0.96,0.92,0.98,0.86,1.0,0.925823,-1
9552,214.90597534179688,52.915245056152344,2.42,2.26,2.6,1.96,2.74,2.7,2
9563,214.8996124267578,52.91102600097656,1.42,1.18,1.48,1.06,1.98,1.19,1
9570,214.91494750976562,52.919166564941406,0.72,0.7,0.74,0.66,0.78,0.7545,2
9571,214.9151153564453,52.91865921020508,0.8,0.8,0.82,0.76,0.9,0.753397,2
9572,214.8241424560547,52.85699462890625,1.18,1.1,1.2,1.06,1.24,1.20119,2
9577,214.9830780029297,52.96977996826172,2.54,2.5,2.64,2.44,2.68,2.65,1
9579,214.90931701660156,52.91728591918945,0.96,0.9,0.96,0.88,1.0,0.9502,2
9593,214.7729949951172,52.82080841064453,1.96,1.84,2.16,1.58,2.52,2.403700113296509,0
9608,215.04164123535156,53.011287689208984,0.86,0.74,0.92,0.68,0.96,0.92,-1
9611,215.0408935546875,53.01076126098633,0.88,0.72,0.96,0.68,1.04,1.04,2
9615,214.9020538330078,52.91246032714844,4.76,4.72,4.88,4.68,4.92,4.93266,1
9630,215.0391387939453,53.00940704345703,2.2,2.1,2.28,2.04,2.32,2.326618,2
9638,215.04432678222656,53.01285171508789,2.42,2.36,2.52,2.28,2.6,2.38,1
9640,214.95040893554688,52.9466552734375,0.44,0.44,0.44,0.44,0.46,0.0,-1
9656,214.818115234375,52.85263442993164,2.38,2.38,2.4,2.36,2.42,1.595,2
9664,214.82981872558594,52.86072540283203,0.64,0.6,0.66,0.58,0.68,0.6394,2
9672,215.04161071777344,53.01103973388672,1.84,1.68,2.04,1.18,2.16,2.006033,2
9686,214.97244262695312,52.96219253540039,5.32,5.32,5.32,5.3,5.32,5.078,2
9694,214.93067932128906,52.931976318359375,0.82,0.78,0.84,0.76,0.86,0.83034,2
9709,215.04586791992188,53.013851165771484,1.58,1.48,1.64,1.34,1.68,1.57527,2
9719,215.04270935058594,53.011474609375,2.36,2.36,2.6,2.22,2.68,2.374325,2
9720,214.90078735351562,52.910911560058594,0.34,0.3,0.38,0.24,0.42,0.3489,2
9724,214.7889862060547,52.83134841918945,2.0,1.8,2.0,1.68,2.02,1.833428,1
9739,214.87152099609375,52.89039993286133,2.52,2.06,2.54,1.9,2.66,0.935,-1
9740,214.88812255859375,52.90223693847656,3.6,3.44,3.76,3.28,3.92,3.845,1
9741,214.89259338378906,52.90538787841797,5.16,5.14,5.18,5.12,5.2,5.145835,2
9761,214.98292541503906,52.96881866455078,1.54,1.54,1.54,1.38,1.58,1.534723,2
9763,214.7680206298828,52.81639862060547,3.64,3.48,3.66,3.4,3.72,3.47,2
9775,214.93605041503906,52.9360466003418,1.7,1.7,1.82,1.68,1.94,1.755944,1
9777,214.99131774902344,52.97505187988281,2.72,2.66,2.82,2.56,2.92,2.703483,2
9787,214.9330291748047,52.933837890625,3.7,3.64,3.7,3.62,3.72,3.620555,2
9793,214.78509521484375,52.828670501708984,5.26,4.92,5.24,4.9,5.26,5.283988,-1
9800,215.04006958007812,53.009490966796875,2.56,2.1,3.48,1.44,3.8,2.47,2
9816,214.9504852294922,52.945980072021484,0.76,0.74,0.8,0.7,0.82,0.751001,-1
9822,214.838623046875,52.86669158935547,1.82,1.76,1.96,1.68,2.04,2.0409998893737793,0
9841,215.0118865966797,52.98945999145508,2.36,2.22,2.38,2.14,2.42,2.26,2
9842,214.81956481933594,52.8531379699707,4.22,4.22,4.32,4.18,4.42,4.2807,2
9851,214.8345947265625,52.86369323730469,4.74,4.72,4.78,4.7,4.8,7.581028,-1
9853,214.8983154296875,52.90902328491211,1.56,1.4,1.58,1.26,1.6,1.54,2
9855,214.99786376953125,52.979469299316406,2.38,2.38,2.4,2.38,2.4,2.41,1
9859,214.9568328857422,52.949092864990234,0.68,0.66,0.7,0.62,0.74,0.6869,2
9860,214.96217346191406,52.95416259765625,0.32,0.28,0.34,0.24,0.36,0.0,-1
9868,215.0183868408203,52.99393844604492,1.82,1.72,1.86,1.7,1.94,1.7345000000000002,0
9871,214.98532104492188,52.97028350830078,1.3,1.18,1.32,1.12,1.4,1.23893,2
9879,214.93310546875,52.93363952636719,1.62,1.62,1.62,1.5,1.64,1.53,-1
9881,215.04403686523438,53.01203155517578,1.4,1.26,1.58,1.14,1.66,1.57527,1
9916,214.8199462890625,52.85312271118164,2.7,2.34,2.74,2.16,2.86,5.628035,-1
9957,214.89553833007812,52.90671920776367,4.84,4.64,5.12,4.42,5.46,4.801,2
9958,214.8956298828125,52.90666198730469,4.74,4.66,4.82,4.58,4.88,4.795293,2
9959,214.93621826171875,52.93550109863281,4.46,4.44,4.52,4.42,4.54,4.479699,2
9969,214.86570739746094,52.88546371459961,2.18,2.14,2.22,2.1,2.26,2.162501,2
9970,214.87806701660156,52.894264221191406,3.86,3.86,3.92,3.84,4.06,3.872299909591675,2
9987,214.89736938476562,52.9077033996582,1.66,1.64,1.76,1.6,1.84,1.54,2
9995,214.90023803710938,52.90980529785156,1.98,1.88,2.44,1.76,2.5,4.67,1
10000,214.9298095703125,52.93061828613281,0.36,0.34,0.38,0.34,0.4,0.3713,2
10005,214.8279266357422,52.85809326171875,0.26,0.24,0.28,0.22,0.32,0.266,2
10006,214.8313446044922,52.85826873779297,1.08,1.06,1.12,1.04,1.2,1.2124,2
10014,215.05625915527344,53.019935607910156,0.58,0.5,0.62,0.44,0.68,0.630484,2
10021,214.85984802246094,52.880985260009766,2.76,2.72,2.82,2.68,2.88,2.852400064468384,2
10029,215.04888916015625,53.01485824584961,3.44,3.44,3.54,3.44,3.58,3.46,2
10030,214.88275146484375,52.897308349609375,6.6,6.56,6.62,6.54,6.64,6.531017,2
10055,215.01089477539062,52.9876823425293,2.34,2.22,2.34,2.16,2.34,2.2603,2
10065,214.83685302734375,52.864505767822266,3.84,3.84,3.92,3.82,3.98,3.862377,-1
10089,214.85946655273438,52.880496978759766,4.86,4.86,4.86,4.86,4.88,4.887667,-1
10091,214.8902587890625,52.90239715576172,2.36,2.28,2.42,2.2,2.54,1.86,1
10095,215.02027893066406,52.99406814575195,0.72,0.7,0.74,0.66,0.78,0.7359,2
10097,214.9556121826172,52.948577880859375,1.08,1.04,1.08,1.02,1.1,1.08652,2
10101,214.79295349121094,52.83248519897461,1.64,1.64,2.0,1.62,2.0,1.0929,2
10102,214.8231201171875,52.85469436645508,4.9,4.88,4.98,4.84,5.06,4.98,1
10103,214.84092712402344,52.86732864379883,5.26,4.98,5.26,4.94,5.28,5.271246,2
10112,214.76812744140625,52.81650924682617,3.44,3.44,3.66,3.42,3.72,3.466933,2
10116,214.84458923339844,52.869544982910156,0.8,0.76,0.82,0.74,0.86,0.805961,2
10124,215.0068817138672,52.984683990478516,0.92,0.88,0.94,0.86,0.96,0.9808,2
10125,215.03953552246094,53.00788879394531,1.12,1.08,1.28,0.74,1.38,1.227051,2
10127,214.87928771972656,52.89414978027344,1.36,1.36,1.38,1.36,1.4,1.360373,2
10128,214.95201110839844,52.94602966308594,5.2,5.14,5.22,5.1,5.24,5.1,2
10142,214.99180603027344,52.97383117675781,3.46,3.44,3.56,3.42,3.68,3.435444,2
10143,214.84548950195312,52.8702507019043,3.18,3.14,3.22,3.06,3.26,3.210836,2
10146,214.8776397705078,52.89295196533203,0.96,0.9,0.98,0.86,1.0,0.95424,2
10151,215.02308654785156,52.99616241455078,4.6,4.5,4.64,4.42,4.7,4.64,1
10157,214.92103576660156,52.92397689819336,2.02,2.02,2.38,2.0,2.6,1.56,-1
10161,214.86642456054688,52.8848991394043,1.04,1.04,1.06,1.02,1.08,1.0434,2
10172,214.92337036132812,52.92559051513672,5.3,5.06,5.3,5.02,5.3,5.29,2
10173,214.92330932617188,52.92548370361328,3.38,3.28,3.38,3.22,3.42,5.28,2
10177,215.01170349121094,52.988304138183594,8.98,8.9,9.0,8.78,9.02,8.87,2
10178,214.92840576171875,52.929161071777344,0.6,0.6,0.68,0.54,0.76,0.607747,2
10187,214.8760223388672,52.89185333251953,5.06,4.96,5.14,4.92,5.26,0.0,-1
10190,214.94869995117188,52.943260192871094,0.5,0.46,0.5,0.44,0.52,0.5086,2
10205,214.86093139648438,52.881160736083984,2.38,2.12,2.78,1.04,2.94,5.724,1
10210,214.94778442382812,52.94276809692383,1.08,1.06,1.16,1.04,2.06,0.163545,-1
10214,215.04345703125,53.01032257080078,4.04,3.98,4.16,3.92,4.26,4.014212,2
10237,214.86997985839844,52.88719177246094,1.04,1.04,1.08,1.04,1.08,1.05,2
10242,214.7679901123047,52.814212799072266,0.68,0.64,0.74,0.6,0.8,0.6688,2
10251,214.9586639404297,52.950321197509766,1.76,1.76,1.84,1.74,1.86,1.790656,2
10269,214.96519470214844,52.95481491088867,4.44,4.42,4.48,4.4,4.52,4.409019,-1
10273,214.7836151123047,52.82585906982422,4.76,4.74,4.76,4.72,4.78,2.871999979019165,1
10274,214.7837371826172,52.82576370239258,3.32,3.3,3.34,3.28,3.36,6.598896,-1
10283,214.8660430908203,52.88425827026367,3.42,3.4,3.46,3.36,3.52,3.400899887084961,2
10287,214.99057006835938,52.97267150878906,1.24,1.16,1.28,1.1,1.32,1.27,2
10293,214.8509063720703,52.873443603515625,2.08,2.1,2.24,2.06,2.32,2.3119,2
10297,214.93406677246094,52.93244171142578,2.92,2.84,2.92,2.82,2.94,2.926498,2
10309,214.8265838623047,52.8560905456543,0.26,0.24,0.28,0.2,0.3,0.266327,2
10317,214.8223114013672,52.853328704833984,2.98,2.98,3.2,2.94,3.32,1.27,-1
10321,214.94985961914062,52.94356155395508,1.26,1.26,1.32,1.22,1.34,1.2705,2
10324,214.83421325683594,52.861759185791016,4.8,4.8,4.82,4.78,4.84,4.8161,2
10349,214.90032958984375,52.9083366394043,1.02,0.96,1.06,0.82,1.12,1.059862,2
10350,214.98648071289062,52.969608306884766,1.12,1.12,1.48,1.1,1.64,1.38598,2
10354,214.87326049804688,52.88944625854492,3.04,3.02,3.12,3.0,3.26,3.8052000999450684,0
10355,214.96340942382812,52.953369140625,2.64,2.62,2.64,2.62,2.64,2.64,2
10358,214.97694396972656,52.962310791015625,1.08,1.06,1.16,1.04,1.2,1.11383,2
10359,214.98455810546875,52.96831512451172,2.02,1.28,2.0,1.14,2.12,1.670799970626831,0
10373,215.02549743652344,52.996360778808594,0.44,0.44,0.44,0.42,0.44,0.4488,2
10376,214.98304748535156,52.966854095458984,1.16,1.12,1.2,1.08,1.22,1.16409,2
10398,215.01673889160156,52.9905891418457,0.76,0.72,0.78,0.68,0.8,0.75945,2
10399,215.01724243164062,52.99082565307617,4.52,4.52,4.62,4.52,4.64,4.632,1
10412,215.0424041748047,53.008583068847656,1.42,1.2,1.5,1.0,1.62,1.4097,2
10423,215.02647399902344,52.99763870239258,3.1,3.08,3.12,3.06,3.14,3.08116,-1
10425,214.90452575683594,52.9113883972168,0.72,0.5,0.88,0.44,1.02,0.41,-1
10435,215.04714965820312,53.01198959350586,0.8,0.72,0.86,0.66,0.94,0.9,-1
10468,214.78309631347656,52.82486343383789,3.76,3.74,3.78,3.66,3.8,6.161805,-1
10470,214.86578369140625,52.8834228515625,3.44,3.42,3.56,2.0,3.7,3.44,2
10475,214.97109985351562,52.958187103271484,2.36,2.36,2.36,2.36,2.36,2.356964349746704,-1
10476,214.97096252441406,52.957679748535156,2.36,2.24,2.38,2.16,2.42,2.3655,2
10478,214.97097778320312,52.95733642578125,2.36,2.36,2.36,2.36,2.36,2.35348,2
10481,214.9087371826172,52.9141731262207,3.28,3.12,3.32,3.02,3.38,3.30283,-1
10505,214.99044799804688,52.97199630737305,7.44,7.3,7.62,7.22,7.8,7.45,2
10529,214.87411499023438,52.88898468017578,2.0,1.8,2.0,1.58,2.02,0.9712,2
10541,214.9425048828125,52.937889099121094,4.86,4.82,5.02,4.76,5.14,9.656502,-1
10542,214.94253540039062,52.93772888183594,4.88,4.86,4.88,4.86,4.9,4.8859,2
10544,214.8258819580078,52.85508728027344,5.52,5.52,5.54,5.52,5.54,5.52,2
10545,214.8649444580078,52.882938385009766,3.42,3.4,3.42,3.4,3.44,3.44123,2
10550,214.98277282714844,52.966064453125,1.36,1.34,1.38,1.3,1.4,1.3549,2
10555,214.83843994140625,52.86405944824219,0.7,0.68,1.08,0.12,2.86,5.26,1
10564,214.78646850585938,52.826690673828125,0.64,0.62,0.68,0.58,0.7,0.6446,2
10567,214.9947052001953,52.97468948364258,1.0,0.94,1.0,0.84,1.02,0.97,2
10575,215.05149841308594,53.014774322509766,3.3,3.18,3.34,3.08,3.38,3.22,2
10576,214.93504333496094,52.932594299316406,6.6,6.38,6.6,6.28,6.64,6.523309,2
10591,214.90573120117188,52.9113655090332,1.96,1.86,2.52,1.7,2.64,1.9022,2
10594,215.04205322265625,53.00796890258789,1.2,1.08,1.24,1.0,1.28,0.915636,-1
10597,214.95550537109375,52.9470100402832,7.44,7.4,7.5,7.36,7.54,7.540479,2
10616,214.86509704589844,52.88278579711914,2.88,2.84,2.9,2.76,2.92,2.854212,2
10622,214.94520568847656,52.93964385986328,4.26,4.24,4.44,4.18,4.6,4.390726,2
10625,214.8392791748047,52.86439895629883,4.82,4.82,4.82,4.82,4.82,4.833848,2
10628,214.9126739501953,52.91655731201172,2.94,2.94,2.94,2.92,2.94,2.928325,2
10629,214.96771240234375,52.955501556396484,2.64,2.62,2.66,2.58,2.66,0.67,2
10632,214.83799743652344,52.86345672607422,6.98,6.94,7.1,6.88,7.22,6.9685,2
10633,215.01412963867188,52.98811340332031,0.58,0.56,0.6,0.52,0.64,0.574769,2
10640,214.91258239746094,52.916404724121094,3.3,3.16,3.3,3.06,3.32,3.208309,2
10646,214.88702392578125,52.898189544677734,2.94,2.86,2.94,2.82,2.94,2.940700054168701,2
10654,214.94281005859375,52.93775939941406,4.86,4.86,4.88,4.84,4.9,4.903882,2
10658,215.02418518066406,52.995243072509766,0.84,0.76,0.86,0.7,0.9,0.31,-1
10659,214.7857208251953,52.82581329345703,2.94,2.84,2.94,2.76,2.94,2.95,2
10664,214.98556518554688,52.96800231933594,5.32,5.3,5.34,5.28,5.56,5.278155,2
10689,214.8756866455078,52.88993835449219,3.48,3.44,3.5,3.42,3.54,3.44,2
10692,214.9033660888672,52.909549713134766,1.94,1.74,1.94,1.68,1.98,1.92,2
10693,214.8328094482422,52.859413146972656,1.18,1.14,1.24,1.08,1.3,2.57041,-1
10700,214.9502410888672,52.94273376464844,1.28,1.22,1.32,1.12,1.36,5.513844,-1
10716,214.9222869873047,52.92205810546875,4.52,4.5,4.56,4.46,4.6,6.030674,-1
10717,214.92166137695312,52.92222213745117,2.18,2.12,2.24,2.06,2.3,2.232896566390991,-1
10721,214.84071350097656,52.86503601074219,3.42,3.4,3.42,3.4,3.44,3.467191,2
10728,214.77719116210938,52.81952667236328,0.96,0.9,0.98,0.86,1.0,0.9763,2
10734,214.82095336914062,52.85086441040039,0.66,0.64,0.7,0.58,0.74,0.64,-1
10748,214.89013671875,52.90001678466797,2.82,2.78,2.94,2.72,3.1,2.955,2
10757,214.86703491210938,52.883277893066406,3.5,3.46,3.54,3.44,3.58,3.434125,-1
10759,214.92391967773438,52.92402648925781,2.02,2.16,2.58,2.0,2.72,2.36,2
10760,214.98570251464844,52.967559814453125,5.3,5.3,5.32,5.28,5.32,5.288226,2
10764,214.90155029296875,52.907535552978516,0.34,0.3,0.38,0.26,0.42,0.366542,2
10771,215.05224609375,53.01448440551758,0.76,0.7,0.82,0.66,0.86,0.7702,2
10797,214.960205078125,52.9495964050293,4.4,4.34,4.46,4.26,4.54,2.270861,-1
10798,214.96409606933594,52.952125549316406,2.18,2.12,2.22,2.1,2.28,2.190686,2
10802,215.0457000732422,53.00996017456055,1.98,1.72,2.26,1.16,2.52,2.47,2
10812,214.9198760986328,52.92097854614258,3.32,3.32,3.32,3.32,3.34,3.385291,-1
10822,214.99200439453125,52.97183609008789,2.62,2.52,2.64,2.42,2.72,2.56,2
10823,215.00698852539062,52.98197937011719,0.96,0.94,1.0,0.9,1.0,0.9867,2
10827,215.00650024414062,52.98082733154297,0.96,0.96,0.98,0.96,1.0,0.9869,2
10835,214.8895263671875,52.8992919921875,2.2,2.18,2.26,2.18,2.3,2.116009,2
10838,214.78871154785156,52.827545166015625,0.44,0.4,0.46,0.34,0.48,0.44,-1
10845,215.02163696289062,52.992679595947266,1.62,1.62,1.66,1.62,1.68,1.63,2
10852,215.04461669921875,53.009029388427734,2.0,1.84,2.0,1.76,2.02,1.83,2
10859,214.79486083984375,52.83151626586914,1.88,1.84,1.94,1.78,1.96,1.86,2
10872,215.01834106445312,52.9904899597168,1.42,1.2,2.72,0.96,3.66,12.035499572753906,0
10874,214.84361267089844,52.86665725708008,2.44,2.44,2.44,2.42,2.46,2.446012,2
10890,214.83673095703125,52.86164093017578,3.82,3.8,3.9,3.64,3.96,2.729512,-1
10901,214.8861541748047,52.89677047729492,3.68,3.6,3.7,3.52,3.72,3.637125,-1
10933,215.02072143554688,52.9919548034668,2.7,2.46,2.76,0.16,2.88,1.1,-1
10944,214.8775634765625,52.890506744384766,3.46,3.3,3.58,3.14,3.7,6.823952,-1
10949,214.86378479003906,52.88037109375,3.42,3.42,3.42,3.42,3.44,3.437824,2
10955,214.92298889160156,52.9227409362793,2.44,2.22,2.48,1.96,2.62,2.45,2
10960,214.9005126953125,52.906272888183594,0.74,0.72,0.78,0.7,0.82,0.8512,2
10962,214.92959594726562,52.92741775512695,4.4,4.38,4.58,4.24,4.7,4.386044,2
10963,214.95162963867188,52.94301986694336,6.66,6.66,6.68,6.64,6.7,6.65461,2
10982,214.88619995117188,52.89650344848633,2.0,1.96,2.06,1.82,2.14,2.01,2
10996,214.83078002929688,52.85661315917969,1.9,1.86,1.98,1.8,2.04,1.9081,2
11005,214.9365692138672,52.932071685791016,1.24,1.12,1.24,1.08,1.28,1.241224,2
11008,214.9751739501953,52.9589958190918,0.34,0.34,0.46,0.32,0.48,0.3783,2
11011,214.8647918701172,52.88102340698242,1.56,1.54,1.58,1.54,1.6,1.5622128248214722,-1
11013,214.86453247070312,52.88072204589844,3.42,3.42,3.44,3.42,3.44,3.443100690841675,-1
11018,214.83816528320312,52.86213684082031,2.42,2.42,2.42,2.4,2.42,2.427299976348877,0
11019,214.83811950683594,52.86202621459961,2.42,2.42,2.42,2.42,2.42,2.4303,2
11028,214.8418426513672,52.8648681640625,2.4,2.22,2.42,0.06,2.56,6.381298,-1
11029,214.908447265625,52.91209411621094,2.66,2.48,2.8,1.78,2.9,1.913969,2
11031,214.99105834960938,52.970306396484375,1.22,1.12,1.28,1.04,1.32,1.23,-1
11036,215.02088928222656,52.991329193115234,0.96,0.92,0.98,0.88,1.0,0.948847,2
11045,214.8691864013672,52.88418960571289,0.66,0.58,0.7,0.54,0.76,0.49,-1
11046,214.874267578125,52.88694381713867,1.08,1.06,1.1,1.04,1.12,1.1742,2
11047,214.87486267089844,52.88712692260742,1.1,1.06,1.16,1.04,1.2,1.17,2
11051,214.95436096191406,52.94411849975586,1.22,1.2,1.24,1.16,1.24,1.2285,2
11052,214.95401000976562,52.94342041015625,1.22,1.18,1.24,1.14,1.24,1.23111,2
11057,214.88047790527344,52.89219284057617,3.52,3.5,3.56,3.44,3.56,3.4358999729156494,2
11058,214.89108276367188,52.898834228515625,0.06,0.04,0.08,0.02,0.1,0.0823,2
11065,214.87274169921875,52.88664245605469,5.84,5.82,5.86,5.74,5.86,5.783599853515625,2
11066,214.8728485107422,52.88658142089844,5.78,5.76,5.8,5.74,5.82,5.775345,2
11068,214.9346923828125,52.930458068847656,3.04,3.04,3.38,2.96,3.5,3.19,1
11072,214.8964080810547,52.90403366088867,1.18,1.14,1.22,1.1,1.26,1.192168,2
11098,214.93389892578125,52.9295539855957,0.96,0.9,0.96,0.86,1.0,0.955,2
11103,215.05946350097656,53.01865768432617,2.94,2.74,2.94,2.66,3.0,2.901815,2
11111,214.8858184814453,52.89582061767578,5.54,5.52,5.54,5.52,5.56,5.48,2
11118,215.04644775390625,53.008853912353516,1.24,1.16,1.3,1.08,1.38,1.245,2
11124,214.93179321289062,52.928585052490234,2.92,2.92,2.92,2.88,2.94,2.937206,2
11150,214.85906982421875,52.87661361694336,4.5,4.48,4.5,4.46,4.5,4.59025,2
11155,215.02700805664062,52.995670318603516,3.56,3.54,3.64,3.52,3.74,3.520904,2
11157,214.8601531982422,52.87743377685547,5.76,5.76,5.76,5.74,5.78,5.759092,2
11167,214.91407775878906,52.916969299316406,3.1,3.06,3.18,3.0,3.26,3.213646,1
11170,214.8397216796875,52.86289596557617,4.14,4.02,4.14,3.98,4.16,4.111799,2
11186,215.01702880859375,52.98819351196289,0.58,0.56,0.6,0.52,0.62,0.570585,2
11197,215.0570526123047,53.01621627807617,0.84,0.78,0.94,0.74,1.0,0.9539,2
11208,214.88523864746094,52.89508056640625,3.44,3.44,3.44,3.42,3.46,3.44,2
11214,214.9854278564453,52.96609115600586,5.06,5.04,5.08,5.0,5.1,5.040632,2
11217,214.78196716308594,52.820953369140625,1.88,1.86,1.98,1.78,2.02,1.92,2
11241,214.8414306640625,52.86383819580078,1.28,1.22,1.62,1.14,1.9,1.72989,2
11242,214.8758544921875,52.8882942199707,0.92,0.9,0.94,0.84,4.46,0.32246,-1
11257,214.87710571289062,52.88914108276367,3.62,3.58,3.7,3.52,3.72,3.6356000900268555,2
11264,215.0260772705078,52.994510650634766,4.6,4.58,4.62,4.54,4.62,4.63,2
11273,214.937744140625,52.931949615478516,1.24,1.22,1.24,1.2,1.26,1.231949,2
11295,214.83062744140625,52.855770111083984,4.8,4.8,4.8,4.78,4.8,4.814479,2
11299,214.98617553710938,52.96623992919922,2.6,2.52,2.62,2.5,2.64,2.604882,2
11320,214.77536010742188,52.816246032714844,1.36,1.36,1.4,1.32,1.4,1.34785,2
11323,214.9848175048828,52.965267181396484,2.4,2.4,2.42,2.36,2.44,2.404727,2
11342,214.778564453125,52.818634033203125,3.44,3.44,3.54,3.42,3.62,3.466635,-1
11346,214.93609619140625,52.930686950683594,3.34,3.34,3.34,3.34,3.34,3.38,2
11348,214.8476104736328,52.867835998535156,1.7,1.34,1.74,1.24,1.86,1.83,-1
11354,214.9502410888672,52.94068145751953,1.36,1.36,1.4,1.36,2.86,1.578994,2
11357,214.9939727783203,52.9715690612793,1.8,1.66,1.92,1.4,2.02,1.804882,2
11360,214.9175262451172,52.91703414916992,0.46,0.44,0.48,0.44,0.52,0.460631,2
11361,215.0540313720703,53.013851165771484,1.86,1.74,1.96,1.66,2.02,1.91,2
11363,215.01695251464844,52.9878044128418,3.78,3.78,3.78,3.76,3.8,3.773424,2
11376,214.8277130126953,52.853302001953125,2.0,1.96,2.02,1.82,2.14,1.93202,2
11385,214.86721801757812,52.88167190551758,0.12,0.12,0.12,0.1,6.56,6.562484,2
11387,214.9507293701172,52.94090270996094,6.8,6.78,6.84,6.76,6.88,6.7774,2
11407,215.0222625732422,52.991310119628906,2.54,2.54,2.6,2.0,2.64,4.644999980926514,0
11417,214.9280242919922,52.924705505371094,7.06,6.96,7.18,6.88,7.28,7.21,1
11418,214.93716430664062,52.9310302734375,3.34,3.32,3.36,3.3,3.36,3.386792,2
11422,214.95028686523438,52.94046401977539,4.56,4.5,4.58,4.46,4.6,4.467868,2
11424,214.7992401123047,52.83254623413086,0.82,0.8,0.84,0.78,0.86,0.822752,2
11427,214.8809814453125,52.8912239074707,6.5,6.48,6.52,6.46,6.52,6.48244,2
11445,214.82333374023438,52.85059356689453,0.66,0.64,0.68,0.62,0.7,0.65,-1
11447,214.8740234375,52.885860443115234,0.3,0.26,0.32,0.22,0.34,0.283371,2
11452,214.9038543701172,52.907440185546875,0.86,0.68,0.98,0.52,1.12,0.739242,1
11456,215.0218048095703,52.990657806396484,3.2,3.18,3.22,3.18,3.24,3.192427,2
11457,215.0233154296875,52.99042510986328,0.22,0.2,0.24,0.18,0.24,0.202949,2
11474,214.9076385498047,52.91002655029297,2.52,2.38,2.62,2.26,2.7,0.24,1
11487,214.903076171875,52.90677261352539,0.02,0.02,0.5,0.0,0.56,0.49,-1
11491,215.03904724121094,53.00278091430664,4.12,4.08,4.18,4.02,4.24,4.29,2
11497,214.83966064453125,52.861698150634766,5.16,5.12,5.18,5.1,5.2,5.094888,2
11500,214.8889617919922,52.89670944213867,6.58,6.56,6.6,6.54,6.62,6.533027,2
11505,214.80374145507812,52.83575439453125,0.84,0.82,0.86,0.78,0.88,0.825,2
11511,214.93487548828125,52.92927551269531,0.44,0.48,1.94,0.44,2.14,0.7735000252723694,0
11541,214.85755920410156,52.8740348815918,0.56,0.52,0.56,0.48,0.58,0.5087,2
11546,214.89886474609375,52.90357208251953,0.18,0.18,1.14,0.16,2.4,6.569900035858154,0
11548,214.98854064941406,52.967044830322266,2.16,2.14,2.26,2.1,2.32,2.137479,2
11557,214.9368438720703,52.930179595947266,1.04,1.02,1.06,1.0,1.08,1.07,2
11558,214.9375,52.93016052246094,1.24,1.2,1.24,1.12,1.26,1.2338,2
11560,214.8284454345703,52.85344314575195,5.22,5.12,5.22,5.1,5.24,5.102008,2
11569,215.0502166748047,53.00967788696289,0.74,0.62,0.78,0.54,0.86,0.745,2
11571,214.8278045654297,52.85297775268555,5.64,5.62,5.66,5.6,5.68,5.65,2
11574,214.94149780273438,52.933658599853516,0.18,0.18,0.2,0.18,0.24,2.205,2
11591,214.98828125,52.96645736694336,2.42,2.36,2.44,2.24,2.48,2.39,2
11596,214.80667114257812,52.837799072265625,6.48,6.26,6.48,6.24,6.5,6.286869,2
11607,214.8438262939453,52.86394500732422,0.58,0.58,0.6,0.56,0.6,0.0,0
11608,214.878662109375,52.88897705078125,0.66,0.64,0.74,0.6,1.0,1.06,-1
11610,214.9286651611328,52.92435836791992,2.22,2.18,2.46,2.1,2.62,2.35305,2
11611,214.82424926757812,52.85026931762695,3.76,3.76,3.78,3.74,3.78,3.759199,-1
11620,214.85195922851562,52.869747161865234,0.76,0.72,0.78,0.7,0.8,0.760441,2
11624,214.86659240722656,52.880226135253906,0.36,0.36,0.36,0.36,0.38,0.3721,2
11627,215.04164123535156,53.00423812866211,1.58,1.38,2.4,1.06,2.84,1.866797,1
11628,215.0579071044922,53.01569747924805,0.4,0.36,0.44,0.3,0.5,0.631291,-1
11634,215.0565643310547,53.01350784301758,1.82,1.56,2.12,1.16,2.28,1.900075,2
11640,215.06289672851562,53.017765045166016,0.98,0.86,1.1,0.78,1.22,1.036,2
11641,215.06349182128906,53.017303466796875,1.88,1.82,1.98,1.74,2.02,1.716447,2
11648,214.88938903808594,52.89646911621094,4.48,4.38,4.54,4.28,4.62,4.385076,-1
11653,214.97848510742188,52.9592170715332,0.96,0.9,0.98,0.86,1.0,0.9595,2
11654,214.9342803955078,52.92801284790039,1.5,1.46,1.54,1.4,1.6,1.507643,2
11656,214.8028106689453,52.83422088623047,1.16,1.14,1.2,1.1,1.22,1.1901,2
11669,214.98655700683594,52.965049743652344,1.34,1.32,1.4,1.26,1.46,1.383532,2
11679,214.8475341796875,52.86656188964844,4.44,4.42,4.44,4.42,4.46,4.418952,2
11681,214.87551879882812,52.88597106933594,4.4,4.36,4.44,4.26,4.46,1.1931,2
11684,214.9437713623047,52.934730529785156,2.84,2.8,2.92,2.74,2.94,2.946711,2
11687,214.89578247070312,52.900794982910156,3.14,3.1,3.16,3.08,3.26,3.259006,2
11689,214.9404754638672,52.93255615234375,7.56,7.48,7.58,7.42,7.62,7.545,2
11702,214.77613830566406,52.81544494628906,2.22,2.18,2.22,2.16,2.24,2.16,2
11709,214.93490600585938,52.92797088623047,1.3,1.2,1.32,1.14,1.38,1.349438,2
11710,214.9353485107422,52.92805862426758,2.02,1.94,2.04,1.8,2.08,2.005552,2
11718,214.87806701660156,52.88807678222656,3.56,3.54,3.7,3.52,3.72,3.435659,2
11722,214.9392547607422,52.930816650390625,0.76,0.72,0.76,0.68,0.8,0.756,2
11725,214.83827209472656,52.85984802246094,1.72,1.66,1.86,1.56,1.98,1.706046,-1
11730,215.0058135986328,52.97808837890625,1.6,1.56,1.6,1.54,1.6,1.5342,2
11745,214.8658905029297,52.87921142578125,0.34,0.32,0.36,0.3,0.38,0.372592,2
11748,215.0194091796875,52.987701416015625,1.3,1.26,1.32,1.24,1.34,1.25241,2
11751,214.9665985107422,52.9508171081543,4.38,4.38,4.4,4.36,4.44,4.36,2
11755,214.90115356445312,52.9044189453125,2.36,2.22,2.54,2.02,2.68,2.374143,2
11763,214.8643798828125,52.8782958984375,3.4,3.08,3.4,3.0,3.42,3.44,2
11767,215.0133819580078,52.98359680175781,0.88,0.86,0.92,0.84,0.96,0.94449,2
11773,214.9825897216797,52.96209716796875,5.68,5.64,5.68,5.62,5.68,5.6831,2
11775,214.92691040039062,52.922210693359375,1.54,1.52,1.6,1.46,1.62,1.60127,2
11778,214.839111328125,52.86007308959961,2.36,2.22,2.36,2.16,2.4,2.29,2
11791,214.86737060546875,52.88032531738281,1.36,1.28,1.48,1.16,1.68,1.426087,-1
11792,214.9229736328125,52.91975021362305,3.14,3.1,3.24,3.04,3.28,3.22,2
11804,214.87135314941406,52.881771087646484,0.64,0.6,0.66,0.56,0.68,0.6303,2
11807,214.834228515625,52.8563232421875,1.74,1.74,1.92,1.72,1.96,1.92,2
11808,214.86158752441406,52.87616729736328,7.2,7.16,7.26,7.12,7.28,7.17,2
11814,214.87855529785156,52.888160705566406,3.42,3.36,3.5,3.08,3.68,3.449899911880493,2
11821,214.96934509277344,52.952518463134766,0.22,0.14,0.28,0.1,0.32,0.4781000018119812,0
11824,214.9407958984375,52.93229293823242,3.3,3.3,3.3,3.3,3.3,3.303418,2
11828,214.7784423828125,52.81656265258789,2.12,2.1,2.2,2.08,2.24,2.157758,2
11832,215.05709838867188,53.01321029663086,0.2,0.2,2.48,0.18,2.78,1.905,2
11839,214.83570861816406,52.8576774597168,4.4,4.4,4.56,4.38,4.6,6.071599,1
11853,214.78268432617188,52.819828033447266,0.52,1.74,3.6,0.52,3.7,1.32019,-1
11854,214.8400421142578,52.86064910888672,4.1,4.08,4.1,4.08,4.12,3.853054,2
11862,214.94009399414062,52.93163299560547,4.4,4.32,4.46,4.24,4.52,4.48,1
11866,214.83197021484375,52.854820251464844,3.78,3.76,3.78,3.74,3.78,3.774304,2
11876,214.96914672851562,52.95195770263672,1.56,1.54,1.6,1.48,1.62,1.53,2
11877,214.99916076660156,52.97331619262695,4.64,4.56,4.66,4.52,4.7,4.621739,2
11879,215.0042724609375,52.97700881958008,0.3,0.26,0.32,0.24,0.54,0.53,-1
11885,214.93057250976562,52.924808502197266,2.86,2.74,2.96,2.64,3.04,2.618126,-1
11903,214.92218017578125,52.918888092041016,0.6,0.62,4.44,0.4,4.94,1.0663000345230103,0
11905,214.95010375976562,52.938201904296875,1.5,1.5,1.66,1.48,1.74,1.504862,2
11917,214.92005920410156,52.91360092163086,2.0,1.84,2.02,1.78,2.04,1.899591,1
11918,214.92092895507812,52.91691970825195,0.68,0.66,0.7,0.64,0.72,0.7074,2
11919,214.92095947265625,52.91523742675781,0.68,0.64,0.7,0.62,0.72,0.709962,-1
11935,214.87908935546875,52.888065338134766,3.42,3.38,3.54,3.34,3.64,3.45,2
11938,214.98431396484375,52.96129608154297,1.1,1.06,1.14,1.04,1.18,1.1784,2
11946,214.78671264648438,52.822322845458984,1.3,1.28,1.34,1.26,1.34,1.301954,2
11953,214.83596801757812,52.85746765136719,3.78,3.76,3.8,3.74,3.8,3.77,2
11958,214.8387908935547,52.85944366455078,4.2,3.96,4.38,3.82,4.54,4.43,2
11963,214.84930419921875,52.86693572998047,2.32,2.12,2.5,1.5,2.72,1.29,-1
11970,214.84848022460938,52.86631774902344,0.9,0.8,0.94,0.7,1.04,0.779203,-1
11987,215.0455322265625,53.005706787109375,3.72,2.76,4.54,1.44,4.96,1.2380000352859497,2
11990,214.88380432128906,52.89094924926758,0.44,0.44,0.48,0.44,0.5,0.4519,2
11999,214.92327880859375,52.91929626464844,5.86,5.86,5.86,5.86,5.88,5.95,2
12007,214.92660522460938,52.92161178588867,2.74,2.72,2.9,2.68,2.96,3.04521,1
12031,214.87359619140625,52.883968353271484,1.06,0.98,1.3,0.82,1.48,6.901848,-1
12036,214.95106506347656,52.93891143798828,6.76,6.74,6.82,6.7,6.88,6.776598,2
12037,214.8638153076172,52.876373291015625,3.08,3.06,3.38,3.02,3.42,3.436936,2
12040,214.8638458251953,52.8766975402832,2.34,2.26,2.34,2.18,2.34,2.29,2
12051,214.92938232421875,52.923336029052734,2.72,2.7,2.78,2.68,2.84,2.769478,2
12054,214.89093017578125,52.89596176147461,2.34,2.26,2.34,2.18,2.34,2.315,2
12059,215.04444885253906,53.00476837158203,4.12,0.46,4.14,0.34,4.32,0.37,-1
12075,215.04037475585938,53.00177764892578,1.56,1.54,1.62,1.46,1.64,1.634133,2
12083,214.79257202148438,52.82598876953125,3.48,3.42,3.54,3.34,3.64,3.357586,-1
12103,214.8257598876953,52.84963607788086,5.06,5.04,5.22,4.96,5.24,5.25,1
12115,215.00205993652344,52.974430084228516,0.4,0.36,0.42,0.34,0.46,0.36,-1
12116,215.0019989013672,52.97406005859375,1.1,1.04,1.18,0.98,1.24,1.12,2
12117,215.00186157226562,52.97378158569336,2.64,2.6,2.68,2.5,2.98,2.445,2
12119,214.83331298828125,52.8548469543457,2.36,2.34,2.42,2.26,2.44,2.2891,2
12120,214.87838745117188,52.886993408203125,3.24,3.12,3.34,3.02,3.46,3.4381000995635986,2
12123,214.9298553466797,52.92349624633789,2.12,2.08,2.22,2.02,2.3,2.377667,2
12133,214.7771453857422,52.81411361694336,0.26,0.26,0.26,0.24,0.26,0.25839999318122864,2
12135,214.87550354003906,52.884918212890625,0.26,0.24,0.3,0.08,0.36,0.35,-1
12140,214.95263671875,52.93838119506836,0.32,0.3,0.34,0.28,0.36,0.3133,2
12144,215.01768493652344,52.985347747802734,0.28,0.26,0.3,0.22,0.32,0.2711,2
12146,214.89500427246094,52.89816665649414,0.2,0.16,0.22,0.14,0.24,0.203039,2
12151,214.78086853027344,52.817447662353516,1.34,1.32,1.34,1.3,1.46,7.697199821472168,2
12178,214.81005859375,52.838130950927734,0.92,0.88,0.94,0.84,0.96,0.92,-1
12182,214.9311981201172,52.92427062988281,0.74,0.74,1.26,0.68,5.06,1.48580002784729,0
12183,214.9311981201172,52.92416000366211,0.54,0.5,0.7,0.46,0.78,3.7558999061584473,0
12188,214.85057067871094,52.86602783203125,3.72,3.4,3.72,2.02,3.74,3.65,2
12212,214.85226440429688,52.868099212646484,3.28,3.08,3.26,3.02,3.3,3.221327,2
12230,214.8480682373047,52.86507034301758,1.34,1.2,6.08,1.08,6.34,1.379,2
12231,214.8807373046875,52.88823318481445,3.24,3.18,3.24,3.16,3.26,3.2218000888824463,2
12232,214.89991760253906,52.90185546875,3.46,3.42,3.58,3.32,3.68,3.432055,1
12237,214.82778930664062,52.850616455078125,1.08,1.06,1.42,1.04,2.52,6.9277,2
12241,215.0063934326172,52.97697067260742,1.04,1.02,1.08,1.0,1.1,1.10013,2
12249,214.94778442382812,52.93550491333008,2.94,2.94,2.94,2.92,2.94,2.93535,2
12252,214.79737854003906,52.828922271728516,0.82,0.72,2.94,0.52,3.72,1.53,-1
12254,214.91845703125,52.91426086425781,0.34,0.34,0.38,0.32,0.4,0.349241,2
12263,214.88839721679688,52.893489837646484,0.92,0.88,0.96,0.86,0.98,0.945,2
12272,214.87351989746094,52.883026123046875,1.18,0.94,1.54,0.72,5.86,3.31319,-1
12275,215.04122924804688,53.00102615356445,1.88,1.78,1.9,1.74,1.98,1.868,2
12277,214.9057159423828,52.90577697753906,3.36,3.16,3.36,1.14,3.4,3.21,2
12279,214.9892578125,52.96501159667969,1.98,1.96,2.64,1.7,2.66,2.564454,2
12285,214.99505615234375,52.96892547607422,2.62,2.56,2.64,2.54,2.64,2.674631,2
12288,214.86924743652344,52.87992858886719,0.36,0.34,0.5,0.3,0.56,0.58,-1
12292,215.02224731445312,52.988224029541016,0.58,0.56,0.6,0.52,0.64,0.91,-1
12296,214.7808380126953,52.8167724609375,1.92,1.86,1.94,1.78,1.98,1.9,2
12302,214.93020629882812,52.92274475097656,1.74,1.72,1.92,1.68,2.0,1.9036,2
12315,214.84498596191406,52.86250686645508,2.38,2.14,2.4,1.92,2.44,2.28,1
12316,214.94041442871094,52.93026351928711,4.48,4.44,4.54,4.4,4.6,4.47,2
12318,214.79554748535156,52.82686996459961,0.76,0.74,0.8,0.7,0.82,0.75945,2
12321,214.93434143066406,52.92585754394531,2.48,1.96,2.52,1.7,2.6,3.623534,-1
12322,215.0526123046875,53.009490966796875,0.88,0.8,0.94,0.7,1.0,0.825,-1
12324,214.8267059326172,52.84943771362305,5.7,5.68,5.72,5.64,5.76,5.66,2
12333,214.9416961669922,52.93095397949219,4.3,4.22,4.34,0.94,4.44,4.49,2
12343,214.8638153076172,52.87575912475586,2.02,1.64,2.04,1.52,2.18,1.231607,-1
12344,214.88023376464844,52.88749313354492,0.98,0.88,1.02,0.74,1.1,3.2275,2
12345,214.88026428222656,52.88739013671875,3.18,3.12,3.22,3.04,3.26,3.23,2
12349,214.84286499023438,52.85930252075195,0.88,0.86,0.9,0.86,0.92,0.9142,2
12357,215.0593719482422,53.014190673828125,2.04,1.8,2.1,1.62,2.24,1.145,-1
12358,214.7839813232422,52.81861114501953,0.96,0.92,0.98,0.86,1.0,0.9773,2
12359,214.84756469726562,52.86415481567383,2.32,2.32,2.34,2.3,2.34,2.31,2
12360,214.84754943847656,52.86397171020508,2.32,2.3,2.34,2.26,2.34,2.312474,2
12363,214.9278106689453,52.921207427978516,1.7,1.68,1.8,1.6,1.9,3.694163,-1
12373,214.92459106445312,52.91869354248047,6.64,6.64,6.64,6.62,6.66,6.676856,2
12377,214.77978515625,52.81586456298828,1.26,1.18,1.3,1.1,1.34,1.2577999830245972,2
12389,214.8486785888672,52.864952087402344,5.06,4.96,5.22,4.76,5.3,5.307,0
12402,214.8402099609375,52.8588752746582,2.96,2.0,3.34,1.8,3.56,3.4237,2
12409,214.93426513671875,52.925636291503906,5.7,5.7,5.7,5.7,5.7,5.6568,2
12415,214.7940673828125,52.82586669921875,3.56,3.52,3.72,3.44,3.76,3.371417,-1
12417,214.8396453857422,52.85837936401367,1.16,1.08,2.5,0.74,2.74,0.24,-1
12424,214.86351013183594,52.87522506713867,1.54,1.5,1.58,1.42,1.6,1.56,1
12429,214.7756805419922,52.81273651123047,2.9,2.86,2.94,2.74,3.14,2.696813,1
12436,214.98167419433594,52.95906066894531,5.08,5.08,5.1,5.08,5.12,5.077429,2
12449,214.9288787841797,52.921600341796875,1.68,1.66,1.7,1.64,1.74,1.67199,2
12451,215.0057373046875,52.97535705566406,1.06,0.96,1.08,0.92,1.12,1.1245,2
12457,214.95162963867188,52.93777084350586,5.28,5.0,5.28,4.9,5.3,5.28,2
12458,215.00787353515625,52.973175048828125,0.46,0.42,0.48,0.4,0.5,0.4556,2
12460,215.0050811767578,52.97323989868164,0.42,0.4,0.5,0.36,0.54,0.4543,2
12468,215.00848388671875,52.977970123291016,6.16,6.16,6.16,6.14,6.18,6.125,2
12470,215.05032348632812,53.007442474365234,7.3,7.26,7.4,7.24,7.48,7.467013,2
12482,214.88768005371094,52.892303466796875,4.74,4.72,4.76,4.7,4.76,4.6852,1
12483,214.92347717285156,52.917747497558594,2.64,2.58,2.64,2.54,2.66,2.618971,2
12485,214.9783935546875,52.95647048950195,0.82,0.76,0.84,0.72,0.86,0.7443,2
12492,214.96937561035156,52.94978713989258,2.22,2.2,2.28,2.18,2.32,2.27,2
12493,214.96966552734375,52.9498405456543,2.22,2.2,2.32,2.16,2.34,2.2683639526367188,-1
12497,215.0394287109375,52.99972915649414,1.42,1.4,1.88,1.18,2.12,1.42,-1
12521,214.77859497070312,52.814544677734375,6.56,6.56,6.58,6.54,6.58,6.55,2
12542,214.79856872558594,52.828529357910156,2.88,2.86,2.92,2.84,2.94,2.904289,2
12543,214.79954528808594,52.829002380371094,1.96,1.86,1.96,1.78,1.98,1.9081,2
12550,214.87838745117188,52.885353088378906,2.02,2.0,2.02,2.0,2.02,2.006755,2
12551,214.95166015625,52.93749237060547,4.9,4.88,4.92,4.88,4.94,4.950113,2
12556,215.06065368652344,53.014442443847656,2.44,2.3,2.52,2.2,2.64,2.33,1
12561,214.9302215576172,52.92200469970703,2.02,2.0,2.04,2.0,2.06,2.014533,2
12569,214.98892211914062,52.96379852294922,4.94,4.92,5.08,4.86,5.22,5.08650016784668,0
12570,214.99569702148438,52.96812057495117,1.42,1.36,1.64,1.3,1.96,1.7604999542236328,2
12571,214.8303680419922,52.851295471191406,4.44,4.42,4.54,4.4,4.6,5.080876,1
12580,214.98878479003906,52.96327209472656,1.16,1.12,1.2,1.08,1.24,1.04521,2
12586,214.88906860351562,52.892616271972656,3.46,3.44,3.58,3.36,3.7,3.44,2
12587,214.93833923339844,52.92742156982422,1.08,1.04,1.12,1.02,1.14,1.11171,2
12588,214.93853759765625,52.92786407470703,1.72,1.36,1.76,1.28,1.88,1.295,-1
12592,214.99961853027344,52.970943450927734,1.88,1.78,1.94,1.68,2.0,1.90665,2
12593,215.0000457763672,52.97098159790039,1.64,1.4,1.7,1.16,1.8,1.5693,2
12617,214.98294067382812,52.95885467529297,5.12,5.1,5.18,5.04,5.22,5.082499,2
12620,214.98268127441406,52.95895767211914,5.18,5.16,5.2,5.14,5.22,5.077226,2
12633,214.92857360839844,52.92064666748047,2.6,2.56,2.64,2.52,2.66,2.551405,2
12644,215.0487518310547,53.00574493408203,3.68,3.54,3.78,3.44,3.98,3.45,2
12657,215.0397491455078,52.99942398071289,3.12,3.0,3.28,2.18,3.44,0.1843000054359436,0
12666,214.92575073242188,52.91852569580078,3.18,3.08,3.22,3.0,3.26,3.21,2
12675,214.92994689941406,52.92146301269531,2.82,2.74,2.82,2.72,2.84,2.821407,1
12678,214.9933319091797,52.966548919677734,2.32,2.08,2.32,2.04,2.34,2.339622,2
12684,214.9904022216797,52.9644660949707,0.66,0.62,0.76,0.54,0.86,1.3586000204086304,0
12687,214.79547119140625,52.82550811767578,0.26,0.24,0.28,0.2,0.3,0.262185,2
12696,214.98971557617188,52.963966369628906,3.4,3.26,3.42,3.02,3.5,3.444499969482422,0
12713,214.78485107421875,52.818389892578125,2.76,2.72,2.92,2.66,3.04,1.844499945640564,0
12734,214.79071044921875,52.82248306274414,3.3,3.3,3.3,3.3,3.32,0.9199000000953674,0
12735,214.7908477783203,52.8223876953125,3.32,3.3,3.4,3.24,3.44,6.379083,-1
12736,214.87985229492188,52.88572692871094,1.58,1.56,1.6,1.54,1.6,1.54,2
12738,215.05319213867188,53.00851058959961,2.64,2.6,2.7,2.56,2.88,2.57,2
12743,214.9603271484375,52.942901611328125,1.54,1.54,1.56,1.38,1.6,1.533436,2
12745,214.9869842529297,52.96184539794922,2.36,2.36,2.38,2.24,2.4,2.372005,2
12748,215.036865234375,52.99692153930664,2.36,2.36,2.36,2.36,2.38,2.351933002471924,-1
12756,214.97857666015625,52.95582580566406,5.08,5.08,5.08,5.06,5.1,5.07824,2
12766,214.9915313720703,52.96493911743164,1.36,1.36,1.4,1.34,1.42,1.332633,2
12778,214.9418487548828,52.929569244384766,4.42,4.4,4.5,4.38,4.56,4.477279,2
12788,214.8116912841797,52.83723068237305,5.26,5.24,5.26,5.22,5.28,5.29,2
12803,215.04417419433594,53.00197982788086,1.7,1.66,1.86,1.56,1.98,0.92,-1
12812,214.92666625976562,52.918907165527344,4.58,4.5,4.62,4.42,4.64,4.493328,2
12813,214.95509338378906,52.93857955932617,0.26,0.22,0.28,0.18,0.32,0.3122,2
12817,215.0576934814453,53.01143264770508,1.64,1.28,1.68,1.14,1.84,1.65,2
12823,215.05018615722656,53.00584030151367,1.4,1.32,1.48,1.2,1.66,1.39,2
12839,214.8774871826172,52.88390350341797,2.46,2.46,2.48,2.46,2.48,2.476342,2
12850,214.87969970703125,52.88516616821289,0.54,0.54,0.56,0.54,0.58,0.548285,2
12855,214.890869140625,52.89324951171875,6.0,6.0,6.02,5.98,6.04,5.983926,2
12869,215.03724670410156,52.99675750732422,3.16,3.04,3.18,3.02,3.2,2.3499832153320312,-1
12880,214.89053344726562,52.892982482910156,2.76,2.74,2.76,2.74,2.8,2.745800018310547,2
12892,214.94476318359375,52.931453704833984,7.94,7.9,7.96,7.88,7.98,7.925,2
12896,214.92666625976562,52.91859817504883,3.12,3.1,3.28,3.06,3.3,3.222833,2
12900,214.81195068359375,52.83699035644531,5.06,5.02,5.12,4.94,5.26,5.274563,2
12908,214.8094940185547,52.834049224853516,0.26,0.22,0.28,0.18,0.3,0.2658,2
12917,214.9416046142578,52.92913818359375,7.0,6.98,7.04,6.96,7.08,6.97,2
12919,214.79330444335938,52.823387145996094,0.76,0.72,0.78,0.7,0.8,0.757955,2
12920,214.79409790039062,52.82349395751953,4.38,4.26,4.42,4.2,4.52,4.779094,-1
12927,214.93157958984375,52.92100143432617,4.42,4.4,4.46,4.4,4.5,4.484433,2
12932,214.98516845703125,52.95938491821289,0.48,0.46,0.5,0.44,0.5,0.46,2
12934,214.97486877441406,52.95267105102539,5.08,5.06,5.08,5.06,5.1,5.06,2
12951,215.04429626464844,53.001625061035156,0.94,0.72,0.98,0.68,1.02,5.87,1
12957,214.8452911376953,52.86058807373047,1.82,1.74,1.84,1.74,1.86,1.839772,2
12961,214.88214111328125,52.886837005615234,3.28,3.24,3.28,3.2,3.28,3.27,2
12968,214.9915313720703,52.96433639526367,3.44,3.22,3.66,0.3,3.82,3.445,2
12975,214.79063415527344,52.821502685546875,4.42,4.4,4.44,4.38,4.5,4.42,2
12977,214.79522705078125,52.82490539550781,4.76,4.74,4.78,4.72,4.78,4.703186,2
12980,214.9436798095703,52.93037033081055,1.54,1.46,1.56,1.38,1.62,1.353866,-1
12986,214.9224853515625,52.91532516479492,2.94,2.94,2.94,2.94,2.94,2.935543,2
12988,214.9877166748047,52.961463928222656,2.22,2.18,2.3,2.12,2.36,2.293581,2
12990,214.8911895751953,52.8931884765625,6.0,5.98,6.02,5.96,6.02,5.989986,2
12997,214.861083984375,52.871795654296875,2.96,2.98,3.56,2.88,3.76,3.883101,-1
13000,215.06236267089844,53.01340866088867,0.94,0.92,1.02,0.88,1.08,0.950253,2
13001,215.06307983398438,53.01323318481445,1.68,1.54,1.78,1.48,1.92,1.8,2
13003,214.88943481445312,52.892208099365234,3.24,3.16,3.32,3.0,3.42,2.382369,1
13013,214.96022033691406,52.94175720214844,1.64,1.62,1.68,1.62,1.72,1.6738,2
13022,214.9483184814453,52.933284759521484,1.28,1.26,1.3,1.26,1.32,1.2832,2
13023,214.9236602783203,52.916038513183594,3.9,3.88,4.0,3.86,4.06,6.32733,-1
13028,215.040283203125,52.998291015625,1.24,1.22,1.24,1.18,1.3,1.244119,2
13029,214.86895751953125,52.87721252441406,5.26,4.92,5.24,4.88,5.26,5.27,2
13040,214.78651428222656,52.81846237182617,4.0,3.08,4.36,0.68,4.54,4.046626,-1
13044,214.8787384033203,52.883567810058594,1.52,1.52,1.6,1.5,1.64,1.54,2
13046,214.89682006835938,52.896968841552734,3.7,3.64,3.72,3.62,3.72,3.62,2
13052,214.7862091064453,52.818016052246094,0.66,0.64,0.68,0.64,0.7,0.639255,2
13053,214.93951416015625,52.92660903930664,2.08,2.06,2.22,2.04,2.26,2.3138,2
13086,215.04782104492188,53.00330352783203,0.32,0.3,0.38,0.26,0.42,0.28,-1
13089,215.02490234375,52.98689651489258,0.56,0.52,0.58,0.5,0.6,1.0072,2
13094,214.95777893066406,52.93986129760742,3.38,3.34,3.38,3.3,3.4,3.327411,2
13111,214.93328857421875,52.92256546020508,5.7,5.42,5.72,0.86,5.82,3.134151,-1
13118,214.83010864257812,52.8492431640625,2.38,1.9,2.38,1.74,2.42,2.1542999744415283,0
13128,214.94369506835938,52.92961883544922,4.58,4.48,4.6,4.42,4.64,4.53,1
13129,214.9438934326172,52.92978286743164,4.52,4.52,4.52,4.48,4.54,4.477835,2
13131,214.88888549804688,52.890995025634766,1.6,1.5,1.7,1.34,1.78,1.12915,-1
13138,215.05580139160156,53.008853912353516,1.64,1.58,1.66,1.54,1.68,1.675975,2
13151,215.00244140625,52.970947265625,0.3,0.28,0.34,0.24,0.4,0.34,1
13156,214.9280548095703,52.91815185546875,0.72,0.7,0.74,0.66,0.78,0.7548,2
13158,214.8466339111328,52.8607177734375,3.72,3.64,3.74,3.56,3.76,3.64,2
13160,214.88978576660156,52.89143753051758,1.22,1.04,1.28,0.92,1.34,0.890814,-1
13169,214.847412109375,52.86134719848633,5.34,5.32,5.34,5.32,5.38,5.32373,2
13170,214.87237548828125,52.87914276123047,5.7,5.66,5.7,5.6,5.72,5.686543,2
13176,214.92967224121094,52.91964340209961,3.46,3.36,3.58,3.22,3.68,3.491783,2
13184,214.87701416015625,52.88229751586914,0.44,0.34,0.46,0.2,0.5,0.28,-1
13188,214.91929626464844,52.912193298339844,1.7,1.66,1.76,1.6,1.86,0.785,-1
13194,214.84031677246094,52.85618209838867,0.44,0.42,0.52,0.36,0.56,0.4537999927997589,0
13195,214.99180603027344,52.963584899902344,2.66,2.58,2.68,2.52,2.8,2.59,1
13196,214.99188232421875,52.9634895324707,2.02,2.0,2.04,1.9,2.08,2.022801,2
13197,214.847900390625,52.86149215698242,4.84,4.82,4.86,4.8,4.88,4.817195,-1
13212,214.83224487304688,52.85029602050781,2.0,2.0,2.0,1.9,2.0,1.918951,2
13213,214.83267211914062,52.85070037841797,3.32,3.32,3.36,3.32,3.4,3.35,2
13217,214.93472290039062,52.92319107055664,4.38,4.22,4.5,4.04,4.64,4.48,2
13222,215.02615356445312,52.98776626586914,2.0,2.0,2.02,1.92,2.1,2.049799919128418,1
13227,214.92454528808594,52.91596603393555,0.56,0.56,2.14,0.18,3.66,0.35,-1
13247,215.00778198242188,52.97478103637695,1.36,1.08,1.44,0.9,1.62,0.4957999885082245,0
13250,214.78402709960938,52.81548309326172,1.24,1.24,1.26,1.24,1.26,1.24005,2
13252,214.9783172607422,52.953819274902344,1.06,1.06,1.08,1.04,1.1,6.673527,2
13278,215.03880310058594,52.995994567871094,4.28,4.26,4.32,4.24,4.34,4.28414,-1
13284,215.02635192871094,52.988868713378906,0.44,0.44,0.46,0.44,0.5,0.4539,2
13288,214.98532104492188,52.958744049072266,4.94,4.92,4.98,4.92,5.02,6.985300064086914,2
13289,214.98550415039062,52.9587516784668,7.0,7.0,7.04,6.98,7.08,6.98,2
13295,214.9312744140625,52.92012405395508,2.68,2.4,2.68,2.2,2.74,0.33,-1
13300,214.80030822753906,52.827056884765625,1.88,1.88,1.98,1.82,1.98,1.91,2
13301,214.80099487304688,52.82708740234375,0.7,0.68,0.74,0.64,0.76,0.683937,2
13304,214.9264373779297,52.91703796386719,3.52,3.5,3.6,3.48,3.66,3.607195,2
13305,214.92648315429688,52.916805267333984,3.6,3.54,3.66,3.48,3.7,3.6,2
13307,214.85940551757812,52.8693733215332,2.42,2.34,2.42,2.22,2.5,2.3947,1
13317,214.85585021972656,52.86662673950195,1.38,1.36,1.4,1.36,1.4,1.39888,2
13321,214.89662170410156,52.89580535888672,6.64,6.56,6.66,6.36,6.7,6.59,2
13324,214.92050170898438,52.91269302368164,1.32,1.28,1.32,1.26,1.36,3.259432,1
13341,214.87771606445312,52.882293701171875,1.1,1.08,1.2,1.06,1.82,1.14,2
13348,215.01622009277344,52.980037689208984,1.24,1.16,1.26,1.1,1.3,1.25241,2
13349,214.8759307861328,52.880943298339844,2.22,2.16,2.3,2.12,2.38,2.31,1
13354,214.83712768554688,52.8530387878418,1.14,1.1,1.18,1.06,1.22,1.1705,2
13361,214.89468383789062,52.89398956298828,1.98,1.88,2.0,1.8,2.0,1.9713,2
13373,214.7919921875,52.82000732421875,0.26,0.26,0.26,0.22,0.28,0.2622,2
13376,214.99258422851562,52.96354675292969,1.12,1.1,1.34,1.06,1.4,1.41545,2
13377,214.8450469970703,52.85887908935547,4.92,4.92,4.98,4.9,5.02,4.985688,2
13378,214.86973571777344,52.87614059448242,2.0,1.86,1.98,1.8,2.0,1.8493,2
13392,214.7787322998047,52.81159591674805,2.96,1.26,2.96,0.5,3.18,3.38100004196167,0
13403,214.8424530029297,52.85673904418945,1.2,1.12,1.22,1.08,1.26,1.194338,2
13404,214.8426055908203,52.856319427490234,1.36,1.36,2.4,1.36,2.42,1.551,2
13405,214.8487091064453,52.86140441894531,0.66,0.64,0.68,0.64,0.68,4.80068,2
13413,214.93338012695312,52.92148208618164,3.28,3.28,3.3,3.26,3.3,3.283797,2
13415,215.01063537597656,52.97618103027344,3.98,3.98,4.02,3.98,4.04,3.93,2
13419,214.80503845214844,52.83025360107422,3.68,3.64,3.7,3.62,3.72,3.66644,-1
13428,214.9925537109375,52.96337890625,1.98,1.9,2.52,1.72,2.68,1.404099941253662,0
13433,214.89060974121094,52.891117095947266,3.42,3.42,3.42,3.4,3.44,3.445,2
13435,214.95082092285156,52.93376541137695,4.8,4.8,4.82,4.78,4.82,4.782372,2
13437,214.8761444091797,52.880828857421875,8.42,8.42,8.44,8.4,8.44,8.3519,2
13441,214.95211791992188,52.9345588684082,0.98,0.96,1.0,0.9,1.02,0.990816,2
13446,214.99095153808594,52.96204376220703,1.26,1.24,1.3,1.22,1.34,1.2692999839782715,0
13454,214.9830322265625,52.95600509643555,7.2,7.18,7.2,7.16,7.2,6.981585,2
13455,214.9919891357422,52.96287155151367,1.88,1.8,1.92,1.74,1.94,0.48,-1
13460,215.0637664794922,53.011329650878906,0.62,0.56,0.64,0.5,0.68,0.638982,2
13461,214.87474060058594,52.87976837158203,4.94,4.94,5.04,4.92,5.08,5.268287,2
13462,214.93275451660156,52.92158126831055,1.92,1.74,1.92,1.7,1.94,1.838996,2
13471,214.849853515625,52.86192321777344,0.14,0.12,0.16,0.1,0.22,0.1441,2
13475,214.91273498535156,52.90669250488281,4.94,4.82,5.14,4.56,5.24,4.792217,2
13482,214.69232177734375,52.74909591674805,2.36,2.22,2.36,2.14,2.38,2.3457,2
13491,214.7979736328125,52.82499313354492,1.88,1.76,1.92,1.7,1.96,6.33459997177124,0
13492,214.7979278564453,52.82489013671875,6.62,6.42,6.62,6.32,6.68,6.33,2
13499,214.88160705566406,52.883975982666016,0.4,0.36,0.4,0.34,0.42,0.3729,2
13500,214.88125610351562,52.88373565673828,0.54,0.16,0.54,0.16,0.54,1.84,2
13504,214.93511962890625,52.922454833984375,4.3,4.28,4.32,4.26,4.32,4.271509,2
13506,214.93524169921875,52.922054290771484,0.96,0.88,0.96,0.84,1.0,0.98,2
13526,214.9849090576172,52.95680236816406,0.7,0.7,0.74,0.66,0.78,0.712108,2
13533,214.93942260742188,52.925437927246094,2.02,2.0,2.06,1.88,2.2,2.032135,2
13542,214.94540405273438,52.9295768737793,2.02,1.96,2.04,1.8,2.06,2.005853,2
13555,214.77792358398438,52.810298919677734,2.12,2.1,2.22,2.08,2.26,2.185110330581665,-1
13560,214.86769104003906,52.87444305419922,0.68,0.66,0.72,0.62,0.74,0.715,-1
13568,214.88241577148438,52.884765625,6.0,5.96,6.02,5.88,6.04,5.99,2
13569,214.88287353515625,52.884769439697266,5.98,5.92,6.02,5.88,6.06,5.979000091552734,0
13570,214.88319396972656,52.88471984863281,5.88,5.88,5.88,5.88,5.98,5.975342,2
13571,214.92112731933594,52.912044525146484,0.54,0.54,0.58,0.52,0.62,0.547674,2
13579,214.85446166992188,52.86467742919922,2.34,2.28,2.34,2.22,2.34,2.312,2
13591,215.06649780273438,53.015010833740234,1.92,1.78,1.98,1.7,2.02,1.8711,2
13595,214.83096313476562,52.84829330444336,7.56,7.52,7.58,7.46,7.6,7.560159,2
13596,214.83914184570312,52.85413360595703,4.92,4.92,5.06,4.86,5.1,1.096,1
13603,214.95272827148438,52.93474578857422,4.38,0.88,4.52,0.66,4.66,1.1025999784469604,0
13604,215.05381774902344,53.006046295166016,1.74,1.7,1.9,1.64,1.98,1.76,2
13610,214.83392333984375,52.84955596923828,1.1,1.08,1.16,1.06,1.22,1.1773,2
13611,214.96595764160156,52.94365692138672,1.12,1.08,1.18,1.04,1.22,1.23,2
13632,215.03561401367188,52.99278259277344,4.32,4.3,4.32,4.28,4.34,4.2835,-1
13653,215.04910278320312,53.00265121459961,3.34,3.2,3.34,3.12,3.36,3.315772,2
13667,214.86927795410156,52.87531661987305,3.98,3.98,4.04,3.96,4.1,3.924074,2
13672,215.054443359375,53.00638961791992,2.24,2.16,2.4,2.08,2.5,2.32,2
13681,214.9162139892578,52.90842056274414,2.18,2.1,2.24,2.04,2.34,2.2323853969573975,-1
13682,214.96121215820312,52.94050979614258,5.26,5.18,5.28,5.08,5.3,5.281683,-1
13684,215.0454864501953,52.999549865722656,2.02,2.0,2.04,1.82,2.1,2.0223,1
13691,214.80197143554688,52.826515197753906,0.8,0.76,0.82,0.74,0.84,0.86172,2
13692,214.80258178710938,52.82688903808594,0.84,0.82,0.86,0.8,0.86,0.822875,2
13695,214.93951416015625,52.92511749267578,0.98,0.94,1.02,0.88,1.02,0.58,-1
13707,214.9996795654297,52.967594146728516,1.48,1.22,1.56,1.12,1.72,1.43,2
13715,214.9022979736328,52.89862823486328,1.74,1.66,1.8,1.62,1.9,1.625,1
13719,214.96893310546875,52.94537353515625,1.04,1.02,1.06,1.0,1.08,1.041,2
13720,214.96905517578125,52.94552993774414,1.04,1.02,1.04,0.96,1.06,1.062119,-1
13727,214.88624572753906,52.8871955871582,3.44,3.42,3.46,3.4,3.5,3.4391000270843506,2
13735,214.9906005859375,52.961185455322266,3.98,3.96,4.04,3.92,4.08,3.961179,2
13736,214.81008911132812,52.83298873901367,2.04,2.04,2.04,2.04,2.04,2.0382,2
13737,214.81033325195312,52.833003997802734,2.04,2.04,2.06,2.04,2.08,2.0381786823272705,-1
13742,215.0298309326172,52.98871612548828,2.02,2.02,2.02,2.0,2.02,2.01319,2
13753,215.06527709960938,53.01377868652344,1.84,1.76,1.94,1.7,2.0,1.7,1
13766,214.99917602539062,52.96699905395508,2.06,2.06,2.2,2.04,2.3,2.075287,2
13769,214.79476928710938,52.82197189331055,3.66,3.64,3.72,3.6,3.72,4.159649,-1
13778,215.0041046142578,52.9704704284668,0.4,0.36,0.46,0.3,0.54,0.39,-1
13786,214.8311309814453,52.84762954711914,1.34,1.34,1.34,1.32,1.34,1.33614,2
13801,214.8382110595703,52.8527717590332,2.0,1.76,2.0,1.7,2.1,1.799093,1
13802,214.8880157470703,52.88826370239258,5.24,5.06,5.26,5.02,5.26,5.27,2
13811,214.86473083496094,52.871734619140625,6.58,6.56,6.6,6.54,6.62,6.571065,2
13823,214.99240112304688,52.962162017822266,2.02,2.02,2.02,2.0,2.12,2.015,2
13824,214.994384765625,52.96334457397461,2.66,2.6,2.66,2.54,2.66,2.662955,2
13827,214.72254943847656,52.769813537597656,1.08,1.08,1.24,1.04,1.26,1.21223,2
13829,214.80360412597656,52.828086853027344,4.28,4.26,4.3,4.24,4.32,4.29,2
13830,215.0018310546875,52.96870803833008,1.58,1.5,1.64,1.42,1.72,0.83,-1
13831,215.00222778320312,52.968902587890625,3.42,3.26,3.46,3.12,3.5,3.47,2
13832,215.00225830078125,52.96860885620117,1.58,1.56,1.58,1.56,1.62,1.57,2
13837,214.8054656982422,52.829376220703125,0.7,0.64,0.74,0.54,0.8,0.5012000203132629,0
13841,214.8442840576172,52.857017517089844,0.96,0.94,0.98,0.9,1.02,1.005904,2
13842,214.8443145751953,52.85689163208008,1.02,0.98,1.02,0.92,1.06,0.91,-1
13848,215.01097106933594,52.97524642944336,0.7,0.7,1.04,0.62,1.26,1.14,-1
13853,214.99884033203125,52.96635437011719,1.3,1.2,1.42,1.14,1.62,1.3898,2
13860,214.90476989746094,52.89960479736328,2.34,2.28,2.48,2.22,2.6,2.2928,2
13864,215.00289916992188,52.96949005126953,4.6,4.5,4.66,4.42,4.74,4.62,2
13866,214.889892578125,52.8892707824707,3.48,3.44,3.52,3.42,3.56,3.44,2
13867,214.92523193359375,52.91453170776367,1.76,1.76,1.94,1.7,1.98,1.773854,2
13871,214.85183715820312,52.862003326416016,3.46,3.46,3.66,3.4,3.72,3.632796,-1
13878,214.93858337402344,52.92393493652344,0.36,0.32,0.4,0.26,0.44,0.85768,-1
13879,214.86428833007812,52.87107467651367,5.34,5.32,5.34,5.32,5.34,5.319976,2
13880,214.864501953125,52.87097930908203,5.32,5.32,5.32,5.32,5.32,5.31981,2
13884,214.7874298095703,52.81622314453125,1.36,1.34,1.38,1.28,1.4,1.34785,2
13886,214.92601013183594,52.914955139160156,0.64,0.58,0.7,0.54,0.76,0.689269,-1
13902,215.05262756347656,53.00446701049805,2.32,2.12,2.32,2.04,2.34,2.17,2
13912,214.8737335205078,52.87784957885742,4.08,3.94,4.12,3.86,4.16,2.75,1
13923,214.89248657226562,52.89105224609375,3.42,3.4,3.44,3.38,3.5,3.45,2
13925,214.77999877929688,52.81108093261719,1.76,1.74,1.96,1.58,2.24,0.886341,-1
13926,214.88522338867188,52.88577651977539,1.04,1.02,1.06,0.98,1.1,0.855,-1
13927,214.97470092773438,52.949398040771484,6.7,6.7,6.72,6.7,6.72,6.6707,2
13932,215.04074096679688,52.99533462524414,2.4,2.4,2.4,2.4,2.4,2.4079508781433105,-1
13937,214.96607971191406,52.942787170410156,2.42,2.36,2.42,2.36,2.44,1.73,-1
13944,214.7187957763672,52.76694107055664,1.92,1.78,1.94,1.72,1.98,0.794662,2
13952,214.8466033935547,52.85844039916992,3.58,3.48,3.7,3.32,3.8,3.7,1
13970,214.91091918945312,52.90400695800781,3.2,3.06,3.22,3.02,3.26,3.217928886413574,-1
13971,214.97315979003906,52.94818115234375,6.68,6.66,6.68,6.66,6.7,6.6733,2
13977,214.9019012451172,52.89754867553711,1.24,1.22,1.28,1.16,1.32,1.256,2
13978,214.98956298828125,52.95978546142578,5.1,5.08,5.16,5.06,5.2,5.16,2
13979,215.00347900390625,52.96957015991211,4.68,4.62,4.72,4.56,4.78,4.634571,2
13984,215.01461791992188,52.977046966552734,0.34,0.34,0.4,0.3,0.44,0.347164,2
13994,214.7836151123047,52.81304931640625,0.44,0.42,0.44,0.38,0.46,0.4405,2
13997,215.04434204101562,52.99838638305664,2.02,2.02,2.02,2.02,2.02,2.004399,2
14002,214.93394470214844,52.92033004760742,2.02,2.0,2.02,2.0,2.02,2.03,2
14003,214.94793701171875,52.93019485473633,3.34,3.34,3.34,3.34,3.36,4.58939,-1
14011,214.90841674804688,52.902069091796875,2.42,2.38,2.48,2.32,2.54,2.301434,1
14017,214.80780029296875,52.8305549621582,0.86,0.84,0.88,0.8,0.92,0.825,-1
14019,214.8872528076172,52.88718032836914,3.12,3.06,3.28,3.02,3.32,3.349299907684326,0
14024,214.84979248046875,52.860435485839844,2.3,2.2,2.3,2.14,2.34,2.290524,1
14028,214.89898681640625,52.89496994018555,1.6,1.56,1.6,1.54,1.6,1.58,2
14030,214.86367797851562,52.87032699584961,5.32,5.3,5.32,5.28,5.34,5.306087,2
14033,215.04763793945312,53.00049591064453,1.78,1.7,1.9,1.64,2.02,0.910404,-1
14042,214.70156860351562,52.75438690185547,0.68,0.66,0.72,0.62,0.74,0.681959,2
14049,214.9622802734375,52.94015884399414,4.86,4.86,5.08,4.82,5.2,5.084414,2
14053,214.81304931640625,52.8342399597168,7.2,7.16,7.2,7.12,7.22,7.175,2
14058,215.05197143554688,53.00355529785156,0.02,0.04,0.84,0.0,0.98,0.81,-1
14063,214.97877502441406,52.95137023925781,0.76,0.74,0.78,0.7,0.82,0.7669,2
14074,214.80409240722656,52.827781677246094,6.58,6.54,6.6,6.44,6.6,6.327818,2
14076,214.81407165527344,52.8348274230957,1.88,1.84,1.94,1.74,1.98,1.81,1
14086,214.98886108398438,52.95897674560547,6.72,2.42,6.74,0.88,6.82,6.76866,2
14093,214.8812713623047,52.88267517089844,5.78,5.76,5.78,5.76,5.8,5.758867,-1
14095,214.99525451660156,52.96342468261719,5.28,5.26,5.28,5.26,5.28,5.29,2
14107,214.98931884765625,52.95914840698242,2.66,2.62,2.66,2.52,2.66,2.65,2
14108,214.98959350585938,52.95917510986328,2.66,2.64,2.66,2.62,2.66,2.66,2
14118,215.0681915283203,53.014862060546875,2.32,2.14,2.44,2.06,2.64,2.325000047683716,0
14120,214.7985076904297,52.82373809814453,4.82,0.74,4.82,0.56,4.86,0.71,-1
14124,214.8871612548828,52.886226654052734,1.2,1.12,1.2,1.1,1.2,1.170637,2
14125,214.8870086669922,52.88655471801758,1.06,1.04,1.08,1.04,1.1,0.997998,-1
14126,214.8866424560547,52.88623046875,1.04,1.04,1.08,1.04,1.1,1.063478,2
14127,214.8869171142578,52.88639831542969,1.08,1.08,1.08,1.06,1.08,1.0514,2
14137,214.93199157714844,52.917720794677734,1.04,1.04,1.08,1.02,1.1,1.06473,2
14138,214.9325714111328,52.91835403442383,2.66,2.64,2.68,2.6,2.74,2.613664,2
14150,214.87351989746094,52.876365661621094,0.7,0.68,0.74,0.66,0.76,0.745,1
14167,214.961181640625,52.93886184692383,0.66,0.62,0.68,0.6,0.72,0.743929,2
14174,214.97659301757812,52.95006561279297,5.08,5.06,5.12,5.06,5.2,5.12403,2
14196,214.84666442871094,52.857730865478516,1.06,1.04,1.08,1.04,1.08,1.072551,2
14197,214.9445343017578,52.9272575378418,5.12,5.08,5.16,3.66,5.2,5.08,2
14204,214.716796875,52.76460647583008,5.3,5.04,5.3,4.9,5.34,3.765,-1
14214,214.9268341064453,52.91435241699219,0.68,0.62,0.68,0.56,0.72,8.756912,-1
14218,214.8389434814453,52.852115631103516,0.74,0.7,0.78,0.64,0.82,0.7558000087738037,2
14222,214.9227752685547,52.91176223754883,4.4,4.38,4.54,4.32,4.58,0.32,-1
14224,214.9734649658203,52.947696685791016,2.28,2.22,2.64,1.92,2.8,2.4923999309539795,0
14225,214.9915008544922,52.960453033447266,7.22,7.02,7.24,6.96,7.3,6.98,2
14226,215.0429229736328,52.99677276611328,2.32,2.18,2.32,2.14,2.34,2.166945,2
14227,215.05384826660156,53.00439453125,2.3,2.18,2.46,2.02,2.6,0.540899,-1
14232,214.9970703125,52.96419143676758,2.64,2.58,2.66,2.54,2.82,2.628416,2
14238,214.9541015625,52.93394088745117,4.8,4.78,4.82,4.74,4.84,4.792223,2
14240,215.0529327392578,53.002960205078125,0.54,0.2,0.6,0.1,0.66,0.561541,2
14243,214.90338134765625,52.8979606628418,5.7,5.7,5.7,5.7,5.7,5.671,2
14245,214.84024047851562,52.85310363769531,5.12,5.1,5.18,5.1,5.2,5.184589,2
14250,214.94761657714844,52.92934036254883,5.52,5.52,5.56,5.5,5.6,5.464924,2
14251,214.9856719970703,52.956233978271484,5.1,5.08,5.12,5.08,5.14,5.200344,2
14256,215.0486297607422,52.999755859375,2.04,2.02,2.08,2.0,2.14,2.016457,2
14260,214.8819122314453,52.88256072998047,3.04,3.0,3.08,2.98,3.14,3.01,2
14274,214.9039764404297,52.89811325073242,3.06,3.02,3.12,2.98,3.16,1.33147,2
14277,214.97750854492188,52.95044708251953,4.98,4.92,5.28,4.86,5.36,5.295948,1
14280,214.94309997558594,52.92533874511719,1.04,1.02,1.08,0.98,1.1,1.057447,1
14286,214.75550842285156,52.79213333129883,0.38,0.36,0.42,0.34,0.44,0.370499,2
14292,214.99496459960938,52.96259689331055,4.88,4.54,5.06,4.12,5.28,4.923124,2
14296,215.0081329345703,52.97172164916992,0.7,0.64,0.72,0.6,0.76,0.72,-1
14299,214.85389709472656,52.861366271972656,3.42,3.4,3.76,3.36,3.8,3.65,2
14300,214.87255859375,52.87595748901367,5.66,5.66,5.66,5.64,5.66,5.68,2
14308,214.85243225097656,52.861358642578125,2.3,2.18,2.3,2.12,2.34,2.2885,2
14327,214.8093719482422,52.83085250854492,6.64,6.62,6.64,6.62,6.64,6.590283,2
14336,214.84718322753906,52.85783386230469,0.86,0.8,0.98,0.72,1.06,1.08,-1
14337,214.87586975097656,52.87800598144531,2.34,2.32,2.36,2.24,2.4,2.3339,2
14339,214.87738037109375,52.87816619873047,2.14,2.08,2.22,2.04,2.28,2.31,2
14341,214.87828063964844,52.87578582763672,1.6,1.52,1.62,1.48,1.66,1.67514,2
14342,214.87689208984375,52.877220153808594,1.46,1.46,1.6,1.44,1.64,1.74,1
14343,214.8780975341797,52.87656021118164,1.54,1.52,1.58,1.5,1.66,1.545889,2
14347,214.98837280273438,52.95758056640625,0.82,0.76,0.82,0.72,0.84,0.82485,2
14352,214.92279052734375,52.911521911621094,10.14,9.86,10.38,9.26,10.52,10.1,0
14355,214.84097290039062,52.85336685180664,0.72,0.72,0.86,0.66,0.96,3.861728,-1
14361,214.88380432128906,52.88380813598633,2.0,1.26,2.0,1.16,2.02,0.73,-1
14379,214.9004364013672,52.89551544189453,6.96,6.94,7.02,6.88,7.1,6.967487,2
14384,214.796630859375,52.8215217590332,0.68,0.64,0.7,0.62,0.74,0.666257,2
14392,214.88963317871094,52.88756561279297,3.54,3.44,3.56,3.42,3.62,3.45,2
14393,214.9387969970703,52.9227409362793,8.76,8.64,8.88,8.58,8.96,8.83,2
14395,214.95167541503906,52.93181228637695,2.04,1.94,2.28,1.82,2.54,1.19350004196167,0
14397,214.83505249023438,52.84880065917969,2.02,2.02,2.02,2.0,2.02,2.01018,2
14398,214.84722900390625,52.85771942138672,3.6,3.52,3.68,3.46,3.74,3.631008,2
14425,215.01470947265625,52.97491455078125,2.18,2.14,2.22,2.12,2.26,2.103244,2
14426,215.01351928710938,52.975250244140625,1.6,1.56,1.62,1.54,1.62,1.5675,2
14427,215.0139923095703,52.97504806518555,1.6,1.56,1.6,1.56,1.6,1.5625,2
14432,214.74522399902344,52.78458023071289,2.16,2.12,2.22,2.08,2.28,2.2147,2
14444,214.96524047851562,52.94117736816406,2.38,2.38,2.42,2.36,2.44,2.3939,2
14455,214.92677307128906,52.91404342651367,5.08,5.08,5.1,5.06,5.12,5.069731,2
14463,214.85006713867188,52.859527587890625,2.36,2.3,2.38,2.22,2.42,2.31,2
14464,214.89248657226562,52.88969039916992,3.42,3.42,3.44,3.42,3.44,3.436492,2
14465,214.9488067626953,52.92964172363281,3.22,3.12,3.26,3.06,3.28,3.300692,2
14467,215.06715393066406,53.01302719116211,1.84,1.74,1.94,1.7,2.0,1.8,2
14491,215.05908203125,53.007354736328125,1.64,1.56,1.66,1.46,1.78,1.643588,2
14492,215.05874633789062,53.00712585449219,1.64,1.58,1.66,1.46,1.76,1.64,2
14497,214.99473571777344,52.9620475769043,4.98,4.94,5.02,4.92,5.06,4.9227,2
14500,214.9447479248047,52.92662048339844,1.98,1.88,2.0,1.76,2.06,1.84,2
14520,215.00437927246094,52.968509674072266,0.52,0.46,0.56,0.42,0.6,0.50018,2
14523,214.9878692626953,52.957115173339844,2.22,2.16,2.28,2.12,2.32,2.162672,2
14531,214.9927978515625,52.96062469482422,2.62,2.6,2.64,2.58,2.64,2.61373,2
14536,214.99179077148438,52.95989227294922,1.26,1.14,2.48,0.94,3.96,3.54,1
14540,214.85260009765625,52.861148834228516,2.36,2.34,2.36,2.26,2.38,2.3573999404907227,0
14541,214.86727905273438,52.87155532836914,0.6,0.56,0.72,0.36,3.72,3.251909,2
14542,214.96043395996094,52.93765640258789,1.08,1.08,1.98,0.98,2.64,6.814823,-1
14543,215.0012969970703,52.96364212036133,0.76,0.7,0.8,0.66,0.84,0.7444,2
14545,215.00311279296875,52.96591567993164,0.42,0.38,0.46,0.34,0.5,0.457223,2
14551,214.79847717285156,52.82259750366211,0.52,0.36,3.88,0.34,4.28,3.623146,2
14560,214.99061584472656,52.958717346191406,0.26,0.24,0.3,0.22,0.32,0.296023,2
14568,215.0063934326172,52.96992874145508,2.62,2.56,2.62,2.54,2.64,3.86211,-1
14569,214.80018615722656,52.82341003417969,2.96,2.96,2.98,2.96,2.98,3.22,2
14570,214.8001251220703,52.82320785522461,2.96,2.78,2.96,2.68,3.08,3.223099946975708,0
14571,214.8624267578125,52.868045806884766,2.68,2.68,2.88,2.68,2.92,2.890249,2
14572,214.93519592285156,52.91972351074219,5.28,5.12,5.4,4.98,5.74,5.275863,2
14594,214.81448364257812,52.833343505859375,1.18,1.14,1.22,1.1,1.24,1.1759,2
14600,214.8910675048828,52.888343811035156,5.8,5.74,5.8,5.72,5.84,5.765,2
14604,214.98858642578125,52.957401275634766,5.28,5.28,5.28,5.26,5.28,5.29,2
14612,214.79713439941406,52.821434020996094,4.9,4.9,4.9,4.9,4.9,4.91266,-1
14629,214.7246856689453,52.769256591796875,1.2,1.12,1.22,1.08,1.26,1.1938,2
14631,214.98390197753906,52.953495025634766,0.34,0.32,0.38,0.3,0.44,0.354,2
14639,215.042724609375,52.99556350708008,1.98,1.72,2.04,1.32,2.28,1.48,-1
14645,215.0132598876953,52.97468566894531,4.7,4.62,4.76,4.52,4.86,5.085,2
14657,214.75218200683594,52.788307189941406,0.5,0.46,0.52,0.44,0.52,0.4964,2
14659,214.87124633789062,52.87386703491211,1.56,1.54,1.6,1.5,1.6,1.54,2
14664,214.92919921875,52.91518020629883,6.22,6.2,6.22,6.2,6.22,6.21,2
14666,214.85787963867188,52.86454772949219,3.44,3.04,3.62,2.06,3.82,6.786202,-1
14667,214.89073181152344,52.88768768310547,0.54,0.5,0.56,0.46,0.58,0.5272,2
14670,214.88107299804688,52.880828857421875,2.22,2.18,2.3,2.12,2.34,2.29,2
14674,214.9374237060547,52.920318603515625,0.4,0.36,0.4,0.34,0.42,0.3724,2
14684,215.02854919433594,52.98513412475586,1.24,1.16,1.24,1.1,1.28,1.2423,2
14694,215.05599975585938,53.00453186035156,3.34,3.24,3.36,3.18,3.4,3.34,2
14700,214.8578338623047,52.8643913269043,3.4,3.2,3.52,2.94,3.68,8.87577,-1
14705,214.77651977539062,52.806461334228516,1.92,1.88,1.92,1.78,1.94,1.3193000555038452,0
14707,214.79835510253906,52.82181167602539,2.8,2.76,2.9,2.72,2.96,2.955828,2
14717,215.00790405273438,52.97046661376953,2.14,2.1,2.28,2.06,2.32,2.15,2
14728,214.7047119140625,52.7547721862793,1.74,1.72,1.8,1.7,1.86,1.7456,2
14737,215.0071563720703,52.97000503540039,0.7,0.56,0.78,0.48,0.84,0.78,2
14753,214.94161987304688,52.923728942871094,1.64,1.4,1.76,1.08,2.0,1.07,-1
14764,214.87843322753906,52.87881851196289,3.2,3.18,3.24,3.18,3.26,3.222907,2
14781,215.00575256347656,52.968482971191406,0.42,0.38,0.44,0.36,0.48,0.46,1
14789,214.99256896972656,52.95966720581055,2.64,2.52,2.64,1.86,2.78,0.5266000032424927,0
14793,214.83676147460938,52.849090576171875,1.54,1.38,1.82,1.2,2.04,1.3798999786376953,0
14794,214.8491973876953,52.85795974731445,4.84,4.82,4.86,0.52,4.88,4.82,2
14807,214.97705078125,52.948368072509766,3.4,3.4,3.44,3.38,3.48,3.382019281387329,-1
14812,214.84234619140625,52.85297775268555,3.78,3.66,3.78,3.54,3.8,3.77303,2
14815,215.0547637939453,53.00312805175781,2.32,2.2,2.32,2.1,2.34,0.8,-1
14816,214.84970092773438,52.85816955566406,1.36,1.28,1.38,1.26,1.4,0.818442,-1
14830,214.96194458007812,52.93709182739258,0.74,0.72,0.78,0.7,0.82,0.755475,2
14832,215.0261993408203,52.98304748535156,0.56,0.56,0.58,0.54,0.62,0.575,2
14837,214.7301788330078,52.77283477783203,2.22,2.18,2.24,2.16,2.24,2.1629,2
14838,214.7302703857422,52.772705078125,2.18,2.14,2.24,2.1,2.3,2.1628975868225098,-1
14842,214.87063598632812,52.873046875,2.3,2.22,2.3,2.2,2.34,2.27,2
14846,214.9832000732422,52.952022552490234,1.02,1.0,1.06,0.96,1.1,1.053,2
14847,214.98495483398438,52.951202392578125,1.04,1.0,1.06,0.96,1.1,1.0541,2
14853,214.9108123779297,52.90095520019531,2.32,2.32,2.34,2.28,2.34,3.44052,-1
14859,214.9027557373047,52.89532470703125,1.6,1.56,1.6,1.54,1.6,1.1635,2
14870,215.06082153320312,53.00753402709961,1.3,1.22,1.38,1.16,1.46,1.256963,2
14877,214.7859344482422,52.8120002746582,0.26,0.26,0.28,0.22,0.3,0.2837,2
14886,214.9904327392578,52.9598388671875,1.66,1.24,2.86,0.84,3.78,0.82,-1
14906,214.79734802246094,52.8206901550293,4.18,4.02,4.18,3.94,4.2,4.187016,2
14920,214.94137573242188,52.922760009765625,2.66,2.6,2.66,2.54,2.66,2.63288,2
14923,214.83346557617188,52.84635925292969,2.0,2.0,2.02,1.98,2.62,6.491431,1
14932,214.94317626953125,52.92388153076172,2.18,2.14,2.24,2.1,2.28,2.146192,2
14945,214.90760803222656,52.89897155761719,1.38,1.36,1.52,1.36,1.58,0.8566,2
14969,214.91343688964844,52.902809143066406,1.92,1.76,1.92,1.72,1.94,1.84624,2
14970,214.9134063720703,52.90262985229492,1.92,1.76,1.92,1.72,1.96,1.8434,2
14995,214.7605438232422,52.793701171875,2.22,2.18,2.26,2.14,2.32,2.215045,2
14996,214.76083374023438,52.79405212402344,1.28,1.26,1.32,1.22,1.34,1.273,2
15000,215.01177978515625,52.97234344482422,2.44,1.58,2.44,1.56,2.44,1.585,1
15005,214.7999725341797,52.82208251953125,2.76,2.72,2.88,2.68,2.94,2.922433,1
15009,214.93630981445312,52.918582916259766,1.48,1.44,1.52,1.42,1.6,1.5033,2
15022,214.8904266357422,52.88648223876953,5.8,5.76,5.8,5.74,5.8,5.763808,2
15023,214.89035034179688,52.886409759521484,5.76,5.74,5.78,5.74,5.8,5.761573,2
15033,215.0106201171875,52.971282958984375,1.6,1.56,1.62,1.54,1.64,1.579005,2
15038,214.79116821289062,52.815826416015625,0.34,0.34,1.86,0.16,2.1,0.92,-1
15039,214.84149169921875,52.851707458496094,4.94,4.92,5.08,4.9,5.18,4.975115,2
15040,214.87464904785156,52.874794006347656,1.46,1.44,1.5,1.38,1.52,1.54,2
15047,214.9959259033203,52.96122741699219,1.02,0.18,1.1,0.04,1.92,2.645383,-1
15060,214.8983612060547,52.89179992675781,0.88,0.86,0.92,0.84,0.96,0.90408,2
15061,214.93069458007812,52.915000915527344,1.7,0.88,1.88,0.68,2.16,0.45,-1
15081,214.86322021484375,52.86702346801758,2.22,2.18,2.28,2.14,2.34,2.216332,2
15085,214.8154754638672,52.83301544189453,3.66,3.58,3.74,3.5,3.78,3.675,2
15087,215.0408477783203,52.99211120605469,1.26,1.26,1.3,1.22,1.34,1.259265,2
15092,214.87974548339844,52.87873458862305,3.74,3.68,3.76,3.54,3.76,3.760151,-1
15096,214.9589385986328,52.9344482421875,1.64,1.64,1.68,1.62,1.72,1.67647,2
15104,214.8990020751953,52.89231872558594,3.68,3.64,3.7,3.62,3.72,3.633878,1
15109,214.88710021972656,52.88299560546875,2.02,2.0,2.02,2.0,2.02,2.0049,2
15111,214.88888549804688,52.88356018066406,1.02,0.98,1.04,0.94,1.08,1.060518,2
15112,214.8896942138672,52.883705139160156,1.04,1.02,1.08,1.0,1.12,1.053146,2
15114,214.90545654296875,52.89606475830078,0.84,0.82,0.86,0.78,0.88,0.8265,2
15116,214.92372131347656,52.909515380859375,1.12,1.06,1.16,1.02,1.22,1.09,1
15117,214.99681091308594,52.96166229248047,1.6,1.54,1.6,1.4,1.64,1.58,-1
15121,214.9038543701172,52.89578628540039,2.98,2.98,3.12,2.96,3.32,2.09,1
15125,214.87318420410156,52.87400817871094,1.38,1.34,1.54,1.26,1.86,1.747,1
15126,214.928955078125,52.91355895996094,2.56,2.3,2.56,2.16,2.62,1.39,-1
15128,214.85887145996094,52.86362838745117,3.54,3.46,3.56,3.44,3.58,3.427393,2
15139,214.9889373779297,52.95582580566406,4.56,4.44,4.58,4.4,4.6,4.497971,2
15149,215.06434631347656,53.00881576538086,1.56,1.46,1.7,1.36,1.8,1.65,2
15158,214.9757537841797,52.946205139160156,1.64,1.62,1.66,1.54,1.72,1.6567939519882202,-1
15188,214.88682556152344,52.88353729248047,0.18,0.68,8.98,0.18,10.36,4.2555999755859375,0
15193,214.95094299316406,52.92892837524414,3.24,3.16,3.28,3.1,3.34,0.730677,-1
15202,214.87301635742188,52.87363052368164,0.6,0.56,0.78,0.52,0.84,0.613595,-1
15208,214.7835693359375,52.80995178222656,2.78,2.76,2.82,2.74,2.84,2.82,2
15210,215.01026916503906,52.97025680541992,1.52,1.46,1.64,1.34,1.74,1.53,1
15224,214.94017028808594,52.92061996459961,1.48,1.48,1.52,1.48,1.58,1.4025,2
15236,214.99351501464844,52.95851135253906,4.28,4.26,4.32,4.24,4.34,4.284004,2
15262,214.8889617919922,52.884765625,0.34,0.32,0.36,0.28,0.38,6.704818,-1
15270,215.04299926757812,52.99374008178711,0.46,0.44,0.48,0.42,0.52,0.4625,2
15275,215.00575256347656,52.96743392944336,1.74,1.6,1.88,1.28,2.0,0.06,-1
15278,214.89266967773438,52.88736343383789,3.54,3.54,3.56,3.52,3.56,3.441971,-1
15290,214.7996368408203,52.82105255126953,1.62,1.56,1.62,1.52,1.66,1.6134,2
15299,214.79518127441406,52.81764602661133,1.02,1.0,1.04,0.94,1.08,1.0249,2
15300,214.7950897216797,52.81707000732422,6.14,6.12,6.16,6.1,6.18,0.0,0
15313,214.85621643066406,52.86112594604492,3.56,3.52,3.64,3.44,3.72,0.6759,1
15318,214.75051879882812,52.785823822021484,1.36,1.36,1.36,1.34,1.38,1.35137,2
15328,214.7642364501953,52.795654296875,3.52,3.48,3.54,3.44,3.56,3.47184,-1
15329,214.86509704589844,52.867618560791016,2.36,2.34,2.36,2.22,2.36,1.171178,-1
15332,215.0475311279297,52.99688720703125,0.46,0.42,3.5,0.26,3.86,0.953996,2
15352,214.8841094970703,52.881065368652344,2.84,2.78,2.88,2.72,2.94,2.87,2
15361,214.9456329345703,52.92424774169922,1.7,1.66,1.74,1.52,1.8,1.68,2
15368,214.92706298828125,52.911582946777344,5.7,5.6,5.7,5.56,5.7,5.6564,2
15373,215.04400634765625,52.99430465698242,9.42,9.28,9.48,9.18,9.7,9.38,2
15374,214.80799865722656,52.826866149902344,3.22,3.18,3.24,3.12,3.28,3.221400022506714,2
15376,215.00685119628906,52.96760940551758,0.42,0.38,0.46,0.36,0.5,0.46,2
15386,215.0489501953125,52.9976806640625,1.8,1.74,2.16,1.64,2.38,1.64,-1
15395,214.8609619140625,52.86455154418945,4.92,4.9,5.06,4.84,5.26,5.27247,2
15401,214.85794067382812,52.86237716674805,1.82,1.68,1.92,1.24,2.02,0.97,-1
15402,214.8718719482422,52.87228012084961,1.06,1.04,1.14,1.02,1.24,1.507876,-1
15409,214.81105041503906,52.8287353515625,0.76,0.72,0.78,0.7,0.82,0.729904,2
15413,214.857666015625,52.86220169067383,1.74,1.64,1.92,1.5,2.06,1.815,2
15418,214.98997497558594,52.95602035522461,8.14,8.12,8.2,8.08,8.26,8.14,2
15422,214.9385223388672,52.919586181640625,1.04,0.94,1.12,0.84,1.2,0.21050000190734863,0
15424,214.95150756835938,52.92852783203125,0.72,0.7,0.74,0.68,0.78,0.715903,2
15433,214.80242919921875,52.82278823852539,0.5,0.44,0.56,0.38,0.62,0.51,-1
15435,214.91262817382812,52.90070343017578,0.84,0.82,0.86,0.8,0.88,0.8429,2
15441,214.94798278808594,52.92577362060547,0.58,0.54,0.62,0.52,0.64,0.0,2
15444,214.88279724121094,52.8796272277832,1.36,1.36,1.4,1.36,1.4,1.4,2
15448,214.9250946044922,52.90995788574219,2.66,2.58,2.7,2.5,2.78,2.879,1
15449,214.8241729736328,52.83818054199219,1.48,1.4,1.58,1.3,1.68,1.0362000465393066,0
15451,214.8853759765625,52.881744384765625,3.5,3.48,3.64,3.44,3.7,3.626800060272217,0
15454,214.99832153320312,52.96178436279297,1.24,1.18,1.32,1.1,1.64,6.095,1
15467,214.7937774658203,52.815589904785156,0.28,0.26,0.3,0.26,0.32,0.2837,2
15470,215.0733184814453,53.01460266113281,1.56,1.56,1.6,1.54,1.62,1.575,2
15471,214.74810791015625,52.783775329589844,1.36,1.36,1.36,1.36,1.38,1.3950711488723755,-1
15472,214.85768127441406,52.86188507080078,3.36,3.34,3.4,3.32,3.42,3.39,2
15477,215.03463745117188,52.98735427856445,2.2,2.16,2.34,2.12,2.38,2.311811,2
15479,214.82034301757812,52.83494567871094,1.2,1.12,1.22,1.08,1.24,1.1903,2
15483,215.0169677734375,52.97490692138672,4.64,4.42,4.64,0.88,4.68,4.620800018310547,0
15484,214.82110595703125,52.8359489440918,4.38,4.34,4.52,4.26,4.6,4.6,1
15486,215.00917053222656,52.96926498413086,6.12,6.06,6.28,6.0,6.38,6.11,2
15488,214.97183227539062,52.942562103271484,1.02,1.02,1.08,1.0,1.14,0.913758,2
15494,214.8835906982422,52.88031005859375,2.3,2.26,2.3,2.22,2.32,2.306372,2
15498,215.0655517578125,53.00878143310547,0.78,0.72,0.84,0.66,0.88,0.85,-1
15517,215.0272979736328,52.981815338134766,2.68,2.68,2.78,2.66,2.82,4.28565,-1
15519,214.8068084716797,52.82567596435547,2.94,2.88,2.94,0.28,2.96,2.945499897003174,2
15529,214.9500274658203,52.92702865600586,1.52,1.5,1.54,1.42,1.54,1.519531,2
15538,214.88995361328125,52.884742736816406,3.72,3.66,3.72,3.62,3.72,3.62,2
15545,214.8556365966797,52.85997009277344,2.2,2.14,2.28,2.08,2.34,2.284965,2
15546,214.9375,52.91828918457031,3.96,3.9,3.96,3.9,4.0,3.940526,2
15547,214.9378204345703,52.91837692260742,3.72,3.58,13.12,3.44,13.86,2.81,1
15552,214.86415100097656,52.86614990234375,3.54,3.46,3.54,3.44,3.56,6.96252,-1
15562,214.84922790527344,52.85578155517578,3.32,3.32,3.32,3.32,3.34,3.35,2
15563,214.8694610595703,52.870121002197266,0.4,0.36,0.44,0.24,0.54,0.74995,-1
15577,215.0340118408203,52.98619079589844,0.26,0.26,0.28,0.26,0.3,0.2703,2
15582,214.9891815185547,52.95498275756836,0.02,0.0,2.62,0.0,3.32,2.637124,2
15608,214.8951416015625,52.88819885253906,3.54,3.46,3.54,3.44,3.56,3.45,2
15618,214.8572235107422,52.860992431640625,2.32,2.3,2.32,2.26,2.34,0.699726,-1
15621,214.7975311279297,52.818748474121094,6.36,6.3,6.46,6.26,6.54,6.62,2
15631,214.89263916015625,52.88629913330078,4.2,3.92,4.26,3.78,4.34,5.93032,2
15636,215.0509033203125,52.99839782714844,1.36,1.34,1.44,1.28,1.54,1.377318,2
15638,214.9390106201172,52.919132232666016,0.7,0.68,0.76,0.6,0.84,0.715946,2
15653,214.88626098632812,52.88172149658203,0.86,0.82,0.88,0.8,0.96,0.965541,-1
15656,214.84454345703125,52.8520393371582,3.78,3.76,3.78,3.76,3.78,3.76301,2
15659,214.92747497558594,52.91075897216797,0.94,0.9,1.0,0.86,1.02,1.061,2
15662,214.9518585205078,52.92826461791992,5.52,5.52,5.54,5.5,5.54,5.487173,2
15672,214.91067504882812,52.89886474609375,0.7,0.7,0.74,0.68,0.78,0.7169,2
15673,214.91043090820312,52.898319244384766,0.7,0.68,0.72,0.64,0.76,0.7167,2
15675,215.0525360107422,53.00070571899414,2.36,0.04,2.36,0.0,2.58,2.37,2
15676,214.75869750976562,52.790443420410156,1.26,1.26,1.32,1.22,1.34,1.25805,2
15698,215.0551300048828,53.00086975097656,1.1,1.08,1.16,1.06,1.26,6.15,2
15702,215.0164794921875,52.97384262084961,3.08,3.0,3.18,2.92,3.28,2.25,1
15711,214.8213348388672,52.8354606628418,4.94,4.94,4.98,4.92,5.02,5.2733,2
15717,215.04510498046875,52.9937858581543,0.26,0.24,0.28,0.2,0.3,0.2703,2
15720,215.04930114746094,52.99654769897461,1.24,1.22,1.24,1.18,1.26,1.244267,2
15722,214.9203643798828,52.90523910522461,1.04,1.04,1.06,1.04,1.08,1.175,2
15730,214.95323181152344,52.929080963134766,1.96,1.82,2.02,1.7,2.08,0.9825000166893005,0
15747,214.80311584472656,52.82223892211914,1.96,1.74,2.0,1.56,2.42,1.98,2
15751,214.93118286132812,52.91331100463867,5.04,5.0,5.2,4.92,5.26,4.953195,2
15753,214.87301635742188,52.872093200683594,5.32,5.26,5.32,5.18,5.46,5.31,2
15756,214.86119079589844,52.86351013183594,3.22,3.16,3.26,3.08,3.3,3.303562,2
15761,214.9303741455078,52.91278076171875,2.14,2.1,2.28,2.04,2.32,2.24,2
15767,214.96022033691406,52.933837890625,1.38,1.34,1.42,1.28,1.5,1.505,2
15768,214.96070861816406,52.93391036987305,1.72,1.66,1.74,1.58,2.0,1.69947,2
15771,214.95462036132812,52.92971420288086,2.16,2.1,2.24,2.08,2.28,2.1925535202026367,-1
15772,215.01651000976562,52.97367477416992,3.24,3.1,3.26,3.02,3.34,3.195,2
15784,214.99185180664062,52.956199645996094,1.72,1.64,1.88,0.68,2.08,1.2276999950408936,0
15785,214.99191284179688,52.9560661315918,0.32,0.26,0.34,0.14,0.38,0.9,-1
15786,214.9926300048828,52.95681381225586,1.7,1.52,2.02,1.0,2.96,6.49,1
15810,214.87155151367188,52.87093734741211,0.26,0.24,0.38,0.16,0.5,0.15,-1
15811,214.8943328857422,52.88710021972656,6.94,6.84,7.44,6.68,7.74,7.67,1
15815,215.0558624267578,53.00108337402344,1.7,1.5,2.1,1.18,2.24,1.901,2
15821,214.9503631591797,52.926788330078125,4.6,4.54,4.62,4.44,4.62,4.59,2
15828,215.07420349121094,53.014102935791016,1.88,1.74,2.04,1.6,2.14,1.9651999473571777,0
15833,214.98187255859375,52.94894027709961,1.56,1.54,1.6,1.5,1.6,1.54212,2
15834,214.99591064453125,52.9589729309082,2.3,2.28,2.3,2.24,2.32,2.28,2
15837,214.71670532226562,52.760074615478516,1.26,1.16,1.26,1.1,1.3,1.20781,2
15839,215.04762268066406,52.99538040161133,1.86,1.84,1.9,1.82,1.92,1.84,1
15851,214.89724731445312,52.8934326171875,1.08,1.1,1.82,1.04,2.32,0.797516,-1
15852,214.95004272460938,52.92650604248047,5.66,5.56,5.68,5.48,5.7,5.715,2
15854,214.99061584472656,52.955101013183594,1.42,1.36,1.48,1.22,1.58,1.41,2
15868,214.93702697753906,52.91717529296875,3.66,3.6,3.7,3.54,3.72,2.021837,-1
15886,214.89698791503906,52.888736724853516,6.56,6.52,6.58,6.46,6.6,6.481771,2
15890,214.80111694335938,52.82051467895508,0.82,0.64,1.02,0.24,1.1,0.56,-1
15891,214.8686065673828,52.86849594116211,0.36,0.32,0.44,0.26,0.52,0.569272,-1
15899,215.05625915527344,53.00136184692383,1.4,1.22,1.76,0.86,2.22,1.534442,2
15908,214.96302795410156,52.93547821044922,6.86,6.82,6.9,6.78,6.94,6.84,2
15922,214.8252410888672,52.83760070800781,4.96,4.94,5.06,4.92,5.28,5.269333,2
15923,214.99700927734375,52.959495544433594,2.3,2.26,2.3,2.2,2.32,2.18367,2
15925,214.7908935546875,52.81305694580078,2.54,2.52,2.64,2.5,2.66,2.632064,1
15933,214.9668731689453,52.93806838989258,0.78,0.74,0.8,0.68,0.86,0.754465,2
15952,214.93649291992188,52.916500091552734,2.42,2.4,2.42,2.4,2.42,2.419267,2
15955,214.84759521484375,52.85338592529297,4.4,3.48,4.38,3.08,4.48,4.37,1
15957,215.07081604003906,53.011268615722656,1.02,0.92,1.06,0.74,1.14,0.955,-1
15968,214.8590850830078,52.861488342285156,6.58,6.54,6.6,6.52,6.62,6.568288,2
15976,214.84681701660156,52.85248947143555,0.88,0.88,0.92,0.86,0.94,0.915253,2
15999,214.77716064453125,52.80288314819336,6.7,6.68,6.7,6.68,6.72,6.06262,-1
16018,214.8544158935547,52.857818603515625,0.1,0.1,0.1,0.1,0.52,0.0,-1
16020,214.95010375976562,52.92604064941406,3.88,3.88,4.06,3.86,4.16,3.93,2
16026,214.80860900878906,52.825416564941406,3.26,3.2,3.4,3.12,3.52,0.31,-1
16029,215.07281494140625,53.012516021728516,0.96,0.84,0.98,0.76,1.0,0.962359,2
16038,214.88302612304688,52.87834548950195,3.76,3.76,3.78,3.74,3.8,3.76444,2
16042,214.81640625,52.830169677734375,0.88,0.86,0.92,0.84,0.96,0.914456,2
16044,215.05331420898438,52.99809646606445,1.44,1.4,1.64,1.34,1.68,1.5420000553131104,2
16045,215.0530242919922,52.997764587402344,1.24,1.2,1.26,1.14,1.3,1.2445,2
16049,214.8751220703125,52.872650146484375,3.2,3.18,3.24,3.16,3.26,3.270814,2
16050,214.87515258789062,52.87253952026367,2.0,1.36,2.0,1.26,2.02,0.3447999954223633,0
16051,214.9419708251953,52.91998291015625,2.64,2.6,2.66,2.56,2.66,2.647056,2
16056,215.0751495361328,53.014225006103516,1.72,1.36,1.78,1.12,1.94,0.517799973487854,0
16057,214.8511505126953,52.855674743652344,4.8,4.8,4.82,4.8,4.82,4.826181,2
16059,214.95248413085938,52.927330017089844,0.86,0.82,0.92,0.8,0.98,0.916787,-1
16063,214.93370056152344,52.91423797607422,2.96,2.88,2.96,2.82,3.02,6.1092,1
16067,214.7937469482422,52.81473159790039,4.46,4.44,4.46,4.44,4.48,2.337985,-1
16069,215.0513458251953,52.997413635253906,2.78,1.78,2.86,0.1,2.92,0.91,-1
16071,214.7140350341797,52.757591247558594,1.64,1.64,1.64,1.62,1.66,1.6424,2
16072,214.71414184570312,52.75748062133789,1.64,1.62,1.66,1.48,1.68,1.6417361497879028,-1
16073,214.81642150878906,52.83082962036133,0.52,0.52,0.6,0.46,0.64,0.58,-1
16074,214.8755340576172,52.87295913696289,3.98,3.96,4.08,3.86,4.14,3.833511,2
16078,215.02371215820312,52.977638244628906,3.84,3.82,3.88,3.58,3.9,4.43208,-1
16084,214.79331970214844,52.81436538696289,3.58,3.56,3.7,3.52,3.74,3.481011,2
16087,214.864990234375,52.865421295166016,4.36,4.28,4.4,4.22,4.5,4.2775,2
16097,214.76895141601562,52.796958923339844,1.98,1.76,2.04,1.68,2.34,1.049638,-1
16108,215.07374572753906,53.013065338134766,3.52,3.5,3.7,3.42,3.82,3.5250000000000004,2
16112,214.88095092773438,52.876468658447266,1.24,1.18,1.28,1.12,1.34,0.913072,2
16124,214.95765686035156,52.93081283569336,0.74,0.72,0.76,0.68,0.8,0.755164,2
16129,214.8443603515625,52.84967803955078,1.84,1.78,1.9,1.7,1.94,0.679099977016449,0
16133,214.9365692138672,52.91611862182617,4.04,3.98,4.14,3.92,4.18,2.4094998836517334,0
16134,215.05526733398438,52.99987030029297,1.86,1.74,1.96,1.68,2.02,1.927515,2
16141,214.7314910888672,52.77000427246094,5.08,5.08,5.1,5.08,5.12,5.20187,-1
16142,214.87338256835938,52.871158599853516,2.36,2.22,2.4,2.16,2.44,1.507457,1
16147,214.70742797851562,52.75259780883789,3.0,3.0,3.08,2.98,3.14,1.1740000247955322,2
16159,214.96441650390625,52.935630798339844,2.02,2.02,2.02,2.02,2.06,2.03,2
16163,214.70445251464844,52.750064849853516,0.28,0.26,0.3,0.24,0.32,0.2955,2
16164,214.7042236328125,52.749656677246094,1.04,1.04,1.08,1.02,1.08,1.03501,2
16175,215.05972290039062,53.00259017944336,1.24,1.14,1.28,1.08,1.32,1.2421,2
16186,214.89102172851562,52.88359451293945,5.56,5.5,5.64,5.44,5.7,5.493101,2
16188,215.05133056640625,52.99696731567383,1.04,0.94,1.24,0.74,1.36,0.94,-1
16191,214.93653869628906,52.915748596191406,2.42,2.42,2.44,2.38,2.44,2.416268,2
16203,215.04872131347656,52.995174407958984,2.3,2.14,2.48,2.04,2.7,2.35,2
16210,214.8506622314453,52.85475540161133,3.44,3.42,3.72,3.36,3.78,3.621495,2
16211,214.85092163085938,52.85469436645508,3.64,3.58,3.72,3.5,3.74,3.615829,-1
16217,215.07464599609375,53.01261520385742,0.9,0.88,0.94,0.84,0.96,0.95,2
16219,214.8588409423828,52.86040496826172,4.34,4.34,4.36,4.3,4.38,4.358557,2
16227,214.81936645507812,52.83252716064453,5.64,5.6,5.66,5.58,5.68,5.63669,2
16232,214.95201110839844,52.92672348022461,1.12,1.14,1.66,1.08,2.06,1.53,-1
16235,215.03103637695312,52.98250198364258,2.92,2.88,2.94,2.82,2.96,2.706568,2
16248,214.79595947265625,52.815765380859375,2.22,2.14,2.3,2.08,2.36,2.224525,2
16251,214.9276580810547,52.90928268432617,2.22,2.16,2.24,2.12,2.3,2.135,2
16253,214.89254760742188,52.88423156738281,1.02,0.96,1.02,0.9,1.06,1.02182,2
16255,215.07275390625,53.011871337890625,2.32,2.18,2.42,2.08,2.58,2.285,2
16260,214.94793701171875,52.923702239990234,1.26,1.26,1.32,1.26,1.34,1.2414,2
16282,214.79531860351562,52.815208435058594,0.32,0.16,0.36,0.08,0.44,0.55,-1
16290,214.81488037109375,52.82896041870117,1.16,1.1,1.2,1.06,1.22,1.1946,2
16292,214.95025634765625,52.92529296875,2.5,2.34,2.72,1.98,2.82,7.35,1
16298,214.96127319335938,52.93270492553711,1.02,0.98,1.02,0.94,1.06,1.06,2
16299,215.03407287597656,52.98441696166992,4.52,4.48,4.52,4.46,4.54,4.645153,2
16306,214.92591857910156,52.90797805786133,1.32,0.82,1.28,0.7,1.4,1.06,-1
16308,215.0692901611328,53.009098052978516,2.5,2.4,2.6,2.3,2.66,2.34,2
16313,215.0612030029297,53.003509521484375,1.38,1.24,1.44,1.16,1.6,1.39,2
16324,214.85983276367188,52.86065673828125,3.0,2.88,3.06,2.74,3.14,3.237586,2
16337,215.04251098632812,52.98976135253906,1.8,1.76,1.9,1.7,2.0,1.87,2
16341,214.82489013671875,52.836036682128906,5.24,5.1,5.26,5.04,5.28,5.273098,2
16342,214.94178771972656,52.919189453125,0.34,0.34,3.14,0.32,3.62,2.96,2
16346,214.8084259033203,52.82434844970703,0.4,0.4,0.7,0.26,0.8,0.78,-1
16348,214.89480590820312,52.88581466674805,2.44,1.94,2.54,1.64,2.66,6.708932,1
16352,214.93502807617188,52.913856506347656,0.7,0.7,0.74,0.66,0.78,0.713,2
16359,214.9110870361328,52.89732360839844,7.48,7.46,7.5,7.44,7.56,7.483693,2
16360,214.798095703125,52.81691360473633,0.36,3.24,3.72,0.36,3.88,6.339316,-1
16361,214.80288696289062,52.820350646972656,2.96,2.96,2.96,2.96,2.96,2.962083,2
16362,214.87493896484375,52.87163162231445,5.32,5.3,5.32,5.28,5.32,5.327908,2
16364,214.8775634765625,52.873409271240234,1.54,1.5,1.54,1.4,1.58,1.535618,2
16375,214.79286193847656,52.81300354003906,0.44,0.42,0.44,0.4,0.48,0.436428,2
16376,214.8785400390625,52.874149322509766,5.66,5.64,5.66,5.64,5.68,5.665,2
16378,214.9503173828125,52.92499923706055,2.66,2.6,2.66,2.5,2.66,2.644536,2
16380,214.76052856445312,52.789241790771484,0.16,0.16,0.2,0.12,0.24,0.167705,2
16382,214.86888122558594,52.867279052734375,0.38,0.38,0.5,0.3,0.56,0.920563,-1
16383,215.06991577148438,53.007965087890625,1.64,1.52,1.68,1.36,1.82,1.62,2
16391,214.84866333007812,52.85274124145508,2.84,2.8,2.88,2.74,2.92,4.82297,-1
16397,214.8470458984375,52.85152816772461,1.42,1.38,1.44,1.36,1.48,1.438999,2
16399,214.94381713867188,52.920345306396484,3.08,3.02,3.16,0.7,4.08,7.320029,-1
16400,214.9441375732422,52.920345306396484,1.5,1.48,1.54,1.42,1.6,0.491478,2
16401,214.94442749023438,52.92045593261719,3.28,3.24,3.28,3.2,3.28,0.491478,2
16402,214.95318603515625,52.92666244506836,0.74,0.7,0.76,0.68,0.8,0.7164,2
16409,214.8110809326172,52.82600402832031,1.54,1.54,1.54,1.54,1.54,1.536343,2
16412,214.86180114746094,52.86213302612305,5.12,5.02,5.2,4.78,5.26,5.01,2
16413,215.04144287109375,52.988983154296875,1.34,1.3,1.34,1.28,1.34,1.344395,2
16415,215.04107666015625,52.98891067504883,2.34,2.18,2.34,2.12,2.34,2.10843,2
16417,214.79986572265625,52.81780242919922,2.2,2.16,2.28,2.12,2.32,2.2564573287963867,-1
16432,215.0461883544922,52.99256896972656,4.32,4.26,4.34,4.24,4.36,4.28,2
16434,214.8972930908203,52.88727569580078,2.86,2.7,2.9,2.66,2.92,1.9013999700546265,0
16450,214.8032684326172,52.819671630859375,2.16,2.12,2.22,2.08,2.26,1.9256,2
16454,214.8047637939453,52.819889068603516,2.2,2.18,2.22,2.16,2.22,2.16,2
16462,214.88665771484375,52.87953186035156,0.54,0.48,0.56,0.42,0.6,0.5102,2
16473,214.9008026123047,52.88959884643555,6.02,5.96,6.04,5.9,6.06,5.981131,2
16479,214.8616943359375,52.86185073852539,11.46,11.36,11.6,11.26,11.76,11.442825,2
16481,214.93287658691406,52.912322998046875,2.02,1.96,2.18,1.8,2.3,2.035618,1
16486,214.86895751953125,52.86697006225586,3.56,3.44,3.68,3.22,3.78,3.436936,1
16487,214.9060516357422,52.893287658691406,6.74,6.72,6.76,6.7,6.8,6.752253,2
16503,214.90321350097656,52.89122772216797,5.72,5.64,5.8,5.48,5.86,5.785975,1
16515,214.8538360595703,52.8555908203125,0.34,0.32,0.36,0.3,0.42,0.348162,2
16516,214.8960723876953,52.88609313964844,5.8,5.8,5.82,5.78,5.82,5.759318,2
16525,214.89337158203125,52.88528823852539,0.96,0.92,1.0,0.84,1.02,1.01,2
16531,214.77330017089844,52.798583984375,0.62,0.6,0.68,0.6,0.82,0.6067,-1
16534,214.9342498779297,52.912837982177734,1.6,1.56,1.6,1.54,1.62,1.59348,2
16549,214.96102905273438,52.93195343017578,2.22,2.18,2.28,2.14,2.34,2.16,1
16552,214.881591796875,52.87554168701172,0.62,0.56,0.64,0.54,0.66,0.630276,2
16558,214.9324493408203,52.91172790527344,0.88,0.82,0.88,0.82,0.92,0.95,-1
16560,214.81309509277344,52.82613754272461,1.82,1.74,1.92,1.66,2.02,1.847202,2
16563,214.81231689453125,52.82475280761719,1.08,1.08,1.08,1.08,1.12,1.197,2
16564,214.8805389404297,52.8748893737793,2.98,2.98,2.98,2.96,3.0,2.977241,2
16573,214.95138549804688,52.92510223388672,5.7,5.7,5.7,5.7,5.7,5.712118,2
16596,214.93618774414062,52.9142951965332,4.78,4.7,4.92,4.56,5.24,4.79,1
16597,214.80970764160156,52.824241638183594,1.06,1.02,1.14,0.9,1.28,1.1274000406265259,0
16607,214.9322967529297,52.91089630126953,1.04,1.02,1.06,1.0,1.08,1.06164,2
16615,214.91314697265625,52.89787292480469,3.28,3.16,3.28,3.1,3.3,3.276700019836426,2
16621,214.8006134033203,52.8177490234375,3.4,3.38,3.42,3.34,3.44,3.442076,2
16629,214.8048095703125,52.820735931396484,0.4,0.38,0.42,0.32,0.48,0.25609999895095825,0
16633,214.85108947753906,52.85334014892578,4.36,4.34,4.38,4.34,4.38,4.352700233459473,2
16634,214.8741455078125,52.868446350097656,0.38,0.34,0.4,0.32,0.42,0.3876,2
16647,214.87948608398438,52.8729133605957,0.54,0.54,0.58,0.5,0.62,0.5476,2
16654,214.7685546875,52.794769287109375,3.7,3.66,3.72,3.62,3.72,3.7,2
16656,214.9051055908203,52.89158630371094,3.1,3.04,3.16,2.98,3.22,3.233652,2
16662,214.7161102294922,52.75695037841797,1.48,1.42,1.52,1.38,1.54,1.4806,2
16664,214.75482177734375,52.784305572509766,1.36,1.34,1.38,1.3,1.42,1.3634999990463257,2
16667,215.04356384277344,52.98991775512695,1.32,1.32,1.32,1.3,1.34,1.285,2
16679,215.0635223388672,53.0037956237793,0.86,0.76,0.96,0.7,1.0,0.95,2
16694,214.89979553222656,52.887516021728516,0.98,0.96,1.0,0.9,1.02,1.0109,2
16706,214.77894592285156,52.80043029785156,0.36,0.36,0.36,0.34,0.36,0.346077,2
16738,214.847900390625,52.85105895996094,1.08,1.1,1.7,1.06,2.0,4.423473,1
16740,214.950927734375,52.9239616394043,2.94,2.74,2.94,2.72,2.94,2.89,2
16748,214.9227294921875,52.90373611450195,1.04,1.02,1.08,1.0,1.1,1.0607,2
16750,214.94223022460938,52.9178466796875,1.04,1.04,1.08,1.04,1.08,1.051288,2
16762,215.06201171875,53.00200653076172,1.88,1.7,1.94,1.6,2.0,1.9,2
16765,214.88601684570312,52.87751770019531,0.76,0.74,0.8,0.7,0.82,0.7694,2
16770,214.95596313476562,52.92757034301758,1.34,1.34,1.54,1.32,1.58,1.567407,2
16782,214.86973571777344,52.86438751220703,1.34,1.34,1.42,1.3,1.46,1.40248,2
16784,214.94996643066406,52.923179626464844,2.02,2.0,2.02,2.0,2.02,2.010402202606201,-1
16786,214.95089721679688,52.9229736328125,0.36,0.34,0.38,0.32,0.4,0.3722,2
16789,214.81568908691406,52.82757568359375,1.9,1.8,1.94,1.72,2.0,1.923799991607666,2
16797,214.87437438964844,52.86957931518555,3.14,3.1,3.24,3.06,3.3,3.247169,2
16798,214.94522094726562,52.91993713378906,1.52,1.36,1.56,1.32,1.76,1.39,-1
16799,214.89324951171875,52.88300323486328,4.16,4.04,4.16,3.98,4.18,1.1210999488830566,0
16803,214.7715606689453,52.79637908935547,2.02,1.22,2.24,1.08,2.6,3.090189,-1
16806,214.825927734375,52.8350715637207,3.38,3.32,3.38,3.3,3.38,3.328179,2
16809,214.9208221435547,52.90247344970703,2.94,2.94,2.96,2.92,2.96,2.945,2
16816,214.93698120117188,52.91399383544922,2.64,2.62,2.66,2.58,2.66,2.617885,2
16820,214.81809997558594,52.829063415527344,0.76,0.72,0.78,0.7,0.8,0.7521,2
16824,214.9496307373047,52.92286682128906,6.34,6.3,6.48,6.26,6.56,6.4974,2
16832,214.9591522216797,52.92942428588867,0.64,0.62,0.68,0.58,0.72,0.6576,2
16840,214.73350524902344,52.76882553100586,0.32,0.3,0.34,0.28,0.4,0.3336,2
16842,214.8768768310547,52.870967864990234,0.5,0.48,0.5,0.46,0.5,0.88,-1
16845,214.72222900390625,52.760005950927734,0.68,0.66,0.74,0.62,0.78,0.6792,2
16846,215.04873657226562,52.99262619018555,2.36,2.3,2.46,2.18,2.56,2.392219,1
16848,214.94383239746094,52.91874313354492,0.06,0.06,2.62,0.04,2.84,4.937699794769287,0
16853,215.05438232421875,52.996803283691406,4.12,4.06,4.24,3.98,4.28,4.088316,2
16860,214.8254852294922,52.83421325683594,0.96,0.9,0.98,0.86,1.0,0.96,2
16864,214.94517517089844,52.919612884521484,2.5,2.34,2.58,2.18,2.68,2.66,1
16870,214.92599487304688,52.905609130859375,0.26,0.26,0.26,0.26,0.26,1.173,2
16875,214.89048767089844,52.88037109375,1.04,1.04,1.08,1.04,1.1,1.0619,2
16878,214.90518188476562,52.89119338989258,6.68,1.98,6.7,1.08,6.72,5.570144,-1
16883,214.8704071044922,52.866397857666016,3.82,3.82,3.84,3.82,3.88,3.82641,2
16886,214.75762939453125,52.785743713378906,1.62,1.62,1.64,1.54,1.66,1.6134761571884155,-1
16891,215.05313110351562,52.995635986328125,2.04,2.04,2.18,1.64,2.3,2.1135001182556152,0
16894,214.89317321777344,52.88248825073242,3.02,3.0,3.06,2.98,3.14,3.0,2
16896,214.79351806640625,52.8116569519043,0.46,0.4,0.5,0.34,0.54,0.33,-1
16925,214.9449920654297,52.918941497802734,2.64,2.62,2.66,2.6,2.66,2.62961,2
16945,214.8043975830078,52.819156646728516,0.78,0.74,0.84,0.7,0.88,0.85,-1
16971,214.72573852539062,52.76284408569336,4.94,4.94,4.94,4.92,4.96,5.28986,-1
16972,214.9658966064453,52.933841705322266,2.36,1.26,2.4,1.06,2.54,6.452798,-1
16986,214.84548950195312,52.84828567504883,3.54,3.54,3.64,3.52,3.68,3.520746,2
16988,214.89547729492188,52.883750915527344,1.04,1.02,1.06,1.0,1.08,1.061878,-1
16989,214.89532470703125,52.883670806884766,5.24,5.0,5.24,4.92,5.3,2.1988000869750977,0
16992,214.89735412597656,52.885162353515625,2.94,2.92,2.94,0.3,2.96,2.930947,2
16993,214.8627166748047,52.86037063598633,3.3,3.22,3.32,3.16,3.38,3.34,2
17010,214.953857421875,52.92512130737305,5.38,5.36,5.5,5.12,5.58,4.830016,-1
17013,214.87583923339844,52.869667053222656,2.12,2.1,2.22,2.04,2.36,2.15,2
17014,214.9049835205078,52.89038848876953,3.64,3.62,3.74,3.52,3.76,3.637125,-1
17015,214.90513610839844,52.890106201171875,1.04,1.04,1.08,1.04,1.12,1.0965,2
17019,214.85572814941406,52.85531997680664,0.98,0.94,1.0,0.88,1.02,0.970136,-1
17020,214.94195556640625,52.91666030883789,1.04,1.04,1.12,1.04,1.16,1.135687,2
17024,214.88571166992188,52.876625061035156,4.64,4.54,4.64,4.48,4.66,8.838288,-1
17026,214.76922607421875,52.79352951049805,0.84,0.82,0.86,0.78,0.88,0.8445,2
17035,214.90269470214844,52.88876724243164,4.0,3.9,4.06,3.84,4.12,3.88,2
17039,215.0704345703125,53.00724792480469,1.64,1.54,1.72,1.46,1.8,1.67,1
17044,214.84478759765625,52.84757995605469,7.84,7.82,7.86,7.78,7.92,7.819566,2
17046,214.8564910888672,52.85581588745117,4.92,4.9,4.94,4.9,4.98,4.984000205993652,2
17052,214.88612365722656,52.87691879272461,4.56,4.54,4.58,4.52,4.6,4.58,2
17056,215.05165100097656,52.99409866333008,0.0,0.0,0.04,0.0,0.06,0.25,1
17071,214.88409423828125,52.87526321411133,2.98,2.98,3.0,2.98,3.02,2.965208,2
17080,214.7981414794922,52.81415557861328,1.16,1.12,1.2,1.06,1.22,1.175,2
17085,214.93161010742188,52.908695220947266,2.96,2.96,2.96,2.96,2.96,3.43,2
17097,214.93670654296875,52.91267776489258,4.28,4.28,4.3,4.26,4.3,4.286889,2
17106,214.8892822265625,52.87889099121094,1.44,1.4,1.58,1.34,1.68,1.205,1
17118,214.96603393554688,52.933143615722656,6.22,6.22,6.24,6.2,6.38,6.14,2
17125,214.86053466796875,52.858299255371094,3.72,3.68,3.72,3.66,3.74,3.6337,2
17131,214.8657989501953,52.86186981201172,3.52,3.44,3.54,3.42,3.58,3.435161,2
17134,214.84597778320312,52.848045349121094,5.06,4.98,5.06,4.94,5.08,5.072161,2
17141,214.85267639160156,52.8524284362793,1.92,1.8,1.92,1.72,1.94,1.919,2
17143,214.8525848388672,52.8525390625,1.84,1.78,1.92,1.72,1.96,1.9189794063568115,-1
17145,215.0653076171875,53.00332260131836,1.64,1.2,1.62,1.1,1.66,1.429003,2
17148,214.8019561767578,52.81662368774414,4.12,4.06,4.12,4.0,4.14,4.691287,-1
17150,214.8800048828125,52.87171173095703,0.7,0.68,0.74,0.66,0.78,0.692,2
17154,214.78671264648438,52.805721282958984,3.46,3.44,3.5,3.44,3.56,3.47426,-1
17166,214.911376953125,52.89446258544922,6.72,6.68,6.74,6.64,6.78,6.675063,2
17177,215.0648651123047,53.002811431884766,0.58,0.52,0.64,0.46,0.68,2.1844000816345215,0
17182,214.81800842285156,52.827980041503906,3.42,3.42,3.46,3.4,3.58,3.45324,2
17207,214.9064483642578,52.89079284667969,0.1,0.08,0.14,0.08,0.18,0.013331,-1
17210,215.00453186035156,52.97416305541992,0.34,0.3,0.4,0.28,0.44,0.3477,2
17212,214.8558807373047,52.854671478271484,3.64,3.5,3.66,3.44,3.72,3.6177000999450684,2
17213,214.8560333251953,52.85467529296875,3.72,3.6,3.72,3.52,3.74,3.62,2
17216,215.04660034179688,52.98952865600586,1.28,1.18,1.34,1.12,1.4,1.2601,2
17219,214.89892578125,52.88539505004883,4.82,4.82,4.82,4.82,4.84,4.82,2
17223,214.9525146484375,52.92317199707031,1.36,1.36,1.38,1.34,1.4,1.36,2
17225,214.799560546875,52.8144416809082,1.88,1.82,1.92,1.74,1.96,1.900471,2
17227,214.8926239013672,52.880615234375,7.02,7.0,7.1,6.98,7.16,7.0,2
17229,214.90643310546875,52.89064407348633,6.64,6.46,6.68,6.32,6.72,6.75458,2
17233,215.04978942871094,52.99192428588867,2.72,2.66,2.86,2.52,2.96,2.715,2
17239,214.87667846679688,52.8693962097168,0.96,0.88,1.02,0.74,1.06,1.08,2
17244,214.92181396484375,52.901451110839844,5.08,4.98,5.1,4.94,5.12,5.095,2
17248,214.76954650878906,52.79276657104492,1.84,1.76,1.9,1.72,1.94,1.91684,2
17276,215.05038452148438,52.992156982421875,1.26,1.16,1.3,1.1,1.42,1.245617,2
17278,214.87823486328125,52.870452880859375,4.96,4.94,5.0,4.92,5.3,5.32,2
17288,214.8648223876953,52.860504150390625,3.46,3.44,3.52,3.42,3.56,3.431909,2
17297,214.86322021484375,52.859458923339844,0.9,0.86,0.94,0.82,0.98,0.935407,2
17303,214.75552368164062,52.7828483581543,4.94,4.92,4.96,4.92,5.0,5.00464,2
17305,214.8195037841797,52.82828903198242,3.14,3.08,3.16,3.06,3.2,3.0952,2
17306,214.8843536376953,52.87467956542969,4.56,4.48,4.58,4.44,4.6,4.587453,2
17307,214.88438415527344,52.874576568603516,4.62,4.5,4.64,4.44,4.68,4.59,2
17316,214.8066864013672,52.81918716430664,1.36,1.36,1.4,1.34,1.44,1.3608,2
17323,214.81610107421875,52.8255729675293,0.82,0.8,0.84,0.76,0.86,0.8353,2
17331,214.9424591064453,52.91473388671875,1.52,1.46,1.58,1.42,1.74,6.97,2
17332,214.9431610107422,52.913856506347656,1.56,1.54,1.58,1.54,1.6,1.54,2
17334,214.94252014160156,52.913883209228516,1.68,1.66,1.7,1.66,1.72,1.6748,2
17336,214.94171142578125,52.914737701416016,1.68,1.68,1.7,1.68,1.72,1.6738,2
17344,214.93087768554688,52.9074821472168,0.86,0.84,0.92,0.82,0.96,0.95,2
17357,215.0721435546875,53.007102966308594,1.42,1.26,1.48,1.16,1.6,1.42,2
17361,214.8168182373047,52.82625961303711,2.24,2.18,2.28,2.14,2.34,2.2295,2
17362,214.81704711914062,52.82630920410156,2.22,2.2,2.26,2.18,2.3,2.229986,1
17366,214.80018615722656,52.81450653076172,6.76,6.74,6.78,6.74,6.8,6.73,2
17367,214.86195373535156,52.85846710205078,3.66,3.64,3.72,3.62,3.72,3.638982,2
17384,214.7583465576172,52.78397750854492,1.4,1.36,1.44,1.34,1.48,1.409000039100647,2
17398,214.9473419189453,52.918983459472656,5.72,5.5,5.76,5.38,5.84,5.64,2
17422,214.93026733398438,52.90678787231445,2.3,2.28,2.3,2.24,2.32,2.29,2
17435,215.05845642089844,52.99697494506836,0.32,0.3,0.38,0.26,0.42,0.3509,2
17440,215.06166076660156,52.99958419799805,4.2,4.08,4.26,3.96,4.32,4.2,2
17447,214.89041137695312,52.87843704223633,0.96,0.84,1.0,0.7,1.06,1.1784000396728516,0
17450,214.76914978027344,52.79179382324219,1.76,1.72,1.82,1.68,1.9,1.77,2
17452,214.8563995361328,52.854244232177734,5.04,4.98,5.2,4.94,5.26,5.102911,2
17457,214.88864135742188,52.87650680541992,1.38,1.34,1.42,1.32,1.46,1.4,2
17465,214.80865478515625,52.819175720214844,0.84,0.8,0.86,0.78,0.88,0.8253,2
17467,215.05198669433594,52.992652893066406,1.98,1.76,1.98,1.7,2.0,1.85199,2
17469,214.82078552246094,52.82883071899414,3.1,3.08,3.12,3.08,3.16,3.0950000286102295,2
17470,214.8219757080078,52.829681396484375,3.58,3.22,3.58,3.02,3.72,6.299276,-1
17489,214.967529296875,52.93295669555664,8.82,8.8,8.84,8.78,8.88,8.7137,2
17503,214.9092254638672,52.89112091064453,1.38,1.36,1.44,1.36,1.48,1.3974,2
17508,214.7852325439453,52.80303192138672,2.62,2.56,2.64,2.52,2.66,3.49109,-1
17510,215.07168579101562,53.006370544433594,1.72,1.7,1.92,1.66,2.0,1.7400000000000002,2
17517,214.7754669189453,52.79623794555664,1.14,1.08,1.38,1.0,2.28,4.117,1
17524,214.82376098632812,52.83064270019531,1.68,1.56,1.86,1.48,2.18,1.900172,-1
17531,214.8472900390625,52.8472785949707,3.32,3.32,3.32,3.32,3.34,3.34,2
17534,214.80490112304688,52.81713104248047,4.9,4.9,4.92,4.88,4.92,4.979726,2
17539,214.90750122070312,52.88983154296875,2.36,2.2,2.36,2.16,2.36,1.03,-1
17548,215.05088806152344,52.99156188964844,2.26,2.08,2.32,1.2,2.48,2.345,2
17552,214.8015899658203,52.814388275146484,1.26,1.24,1.3,1.18,1.34,1.256837,2
17555,214.82345581054688,52.83027267456055,5.1,5.08,5.1,5.08,5.14,5.243196,2
17562,214.82077026367188,52.828330993652344,5.06,5.0,5.06,4.94,5.08,4.9827,2
17570,214.83059692382812,52.83529281616211,1.04,1.04,1.06,0.98,1.28,6.585,1
17587,214.95152282714844,52.919925689697266,0.74,0.7,0.76,0.66,0.8,0.7459,2
17589,214.75674438476562,52.782493591308594,2.22,2.18,2.22,2.16,2.26,2.1682000160217285,2
17590,214.88938903808594,52.87706756591797,0.84,0.66,0.88,0.56,0.98,0.614241,-1
17591,214.813720703125,52.822750091552734,0.82,0.8,0.84,0.76,0.86,0.8277000188827515,2
17600,214.94091796875,52.913490295410156,2.14,2.1,2.2,2.06,2.28,1.309996,-1
17606,214.8492889404297,52.84848403930664,5.18,5.16,5.18,5.12,5.2,5.105469,2
17607,214.87351989746094,52.86649703979492,0.38,0.34,0.4,0.34,0.42,0.3871,2
17616,214.88607788085938,52.874290466308594,1.04,1.04,1.08,1.02,1.1,1.07197,2
17638,214.87916564941406,52.86918258666992,3.52,3.46,3.58,3.38,3.68,3.48,2
17639,214.89077758789062,52.87767791748047,3.42,3.4,3.44,3.36,3.5,3.4372,2
17643,215.06661987304688,53.00202941894531,2.4,1.8,2.42,1.38,2.62,2.31,1
17647,214.9386444091797,52.91175079345703,8.82,8.8,8.84,8.78,8.86,8.77,2
17653,215.0584259033203,52.99637985229492,3.44,3.42,3.52,0.36,3.62,3.518574,2
17665,214.9445343017578,52.91582107543945,2.6,2.54,2.62,2.52,2.64,2.57,2
17676,214.88121032714844,52.87062072753906,1.46,1.42,1.5,1.4,1.54,1.45,2
17679,215.0527801513672,52.99223709106445,1.8,1.72,1.94,1.68,2.0,1.801154,2
17680,215.07330322265625,53.006752014160156,3.36,3.32,3.36,3.28,3.38,3.33,2
17684,215.07757568359375,53.00962829589844,0.56,0.54,0.58,0.48,0.62,0.561444,2
17691,215.0767822265625,53.00901412963867,1.62,1.56,1.66,1.42,1.78,1.645,2
17702,214.88356018066406,52.87248992919922,5.18,5.12,5.2,5.1,5.22,5.078513,2
17709,214.82891845703125,52.8332405090332,0.96,0.88,0.96,0.86,1.0,0.961,2
17713,214.90118408203125,52.88483810424805,1.3,1.26,1.38,1.18,1.48,3.715506,-1
17716,214.94192504882812,52.91381072998047,0.28,0.22,0.42,0.08,0.62,0.4,-1
17720,214.85926818847656,52.85506820678711,2.96,0.28,3.12,0.22,3.24,2.98,2
17721,214.82479858398438,52.830482482910156,6.16,6.14,6.22,6.1,6.26,6.085,2
17722,214.82504272460938,52.83047866821289,6.1,6.1,6.12,6.1,6.12,6.11,2
17727,214.84754943847656,52.84669876098633,3.32,3.32,3.34,3.32,3.36,3.35,2
17728,214.94439697265625,52.915470123291016,1.34,1.34,1.74,1.3,2.12,1.263318,-1
17729,214.76931762695312,52.79059600830078,1.44,1.44,1.48,1.42,1.5,1.47,2
17734,215.0792999267578,53.010459899902344,1.64,1.38,1.68,1.18,1.8,1.645,2
17745,214.8917236328125,52.877994537353516,2.46,2.44,2.54,2.4,2.62,2.451436,2
17748,214.8308868408203,52.8342170715332,1.4,1.38,1.46,1.34,1.54,2.32,-1
17749,214.8636932373047,52.85789108276367,3.5,3.48,3.52,3.44,3.56,3.432055,2
17750,214.87828063964844,52.868446350097656,4.78,4.72,4.8,4.68,4.82,4.70421,2
17751,214.93516540527344,52.908809661865234,4.8,4.8,4.82,4.8,4.82,4.789057,2
17761,214.84747314453125,52.846527099609375,2.96,0.5,3.56,0.42,3.72,5.181495,2
17762,214.93772888183594,52.910606384277344,4.8,4.74,4.82,4.68,4.84,4.797565,2
17769,214.86822509765625,52.86122512817383,3.32,3.32,3.34,3.3,3.36,3.343799,2
17770,214.89935302734375,52.88338088989258,2.58,2.48,2.64,1.98,2.74,2.552000045776367,0
17795,214.82713317871094,52.83189392089844,4.24,4.22,4.32,4.2,4.36,4.28,1
17800,214.8959197998047,52.88080596923828,6.08,6.02,6.12,0.96,6.2,6.1728,1
17815,214.95587158203125,52.92327880859375,6.48,6.42,6.5,6.36,6.52,6.51,2
17819,215.05569458007812,52.99364471435547,2.66,2.48,2.68,2.38,2.78,2.386333,2
17822,214.8675537109375,52.86045837402344,3.36,3.32,3.48,3.26,3.56,3.630500078201294,0
17845,214.89718627929688,52.88147735595703,1.3,1.24,1.32,1.14,1.44,1.365988,-1
17853,214.8465576171875,52.845516204833984,1.1,1.06,1.22,1.0,1.34,0.785,-1
17855,214.9207000732422,52.8982048034668,3.04,3.0,3.16,0.18,3.34,3.336899995803833,2
17864,214.89698791503906,52.88047409057617,0.52,0.46,0.52,0.44,0.52,0.509,2
17870,214.85684204101562,52.85258865356445,0.5,0.46,0.52,0.44,0.54,0.4934,2
17875,214.9710235595703,52.933692932128906,1.0,0.94,1.04,0.84,1.1,4.518549,-1
17889,214.8902130126953,52.87646484375,0.9,0.8,1.5,0.7,1.74,1.61,-1
17907,214.89173889160156,52.877376556396484,2.0,1.82,2.0,1.74,2.06,2.009967,2
17910,214.88104248046875,52.869781494140625,3.12,3.08,3.22,3.02,3.3,3.32,2
17915,214.8903045654297,52.8760986328125,1.0,0.98,1.02,0.92,1.04,1.024382,2
17920,215.0648651123047,52.99982452392578,4.34,4.32,4.38,4.3,4.42,4.473,2
17930,214.9675750732422,52.93113327026367,3.38,3.38,3.4,3.36,3.42,3.39,2
17932,214.8554229736328,52.85137176513672,2.36,2.3,2.4,2.2,2.44,2.2671,2
17942,214.89962768554688,52.88289260864258,5.76,5.76,5.78,5.74,5.78,5.77,2
17946,214.76373291015625,52.785736083984375,0.68,0.64,0.7,0.62,0.74,0.679729,2
17947,214.88302612304688,52.870845794677734,0.34,0.34,0.42,0.32,0.44,0.38,-1
17954,214.88470458984375,52.872032165527344,0.64,0.62,0.66,0.58,0.68,0.638918,2
17969,214.93971252441406,52.91105651855469,2.86,2.86,2.9,2.84,2.92,2.896353,2
17971,214.80543518066406,52.81472396850586,0.26,0.26,0.26,0.26,0.26,0.262248,2
17977,214.96556091308594,52.92939376831055,1.36,1.36,1.38,1.36,1.4,1.41,2
17981,214.95921325683594,52.92501449584961,2.96,2.46,2.96,1.84,3.1,2.76,1
17984,214.90878295898438,52.88917541503906,3.46,3.46,3.68,3.4,3.78,3.519917,2
17988,214.8842315673828,52.87165451049805,3.44,2.82,3.46,2.7,3.58,3.495,2
17994,214.89224243164062,52.87740707397461,6.98,6.92,7.04,6.86,7.08,6.6839,2
17996,214.9287109375,52.903343200683594,4.78,4.7,4.84,4.58,5.0,1.10086,1
18005,214.86647033691406,52.859092712402344,1.34,1.32,1.56,1.26,1.62,1.4,-1
18010,214.91726684570312,52.8951530456543,3.18,3.18,3.2,3.18,3.22,3.215966,2
18013,214.82223510742188,52.82759094238281,3.1,3.06,3.14,3.02,3.18,3.1,2
18019,215.06114196777344,52.996681213378906,2.82,2.76,2.88,2.72,2.94,2.74958,2
18035,214.86007690429688,52.85446548461914,4.62,4.44,4.64,4.36,4.76,4.541182,2
18037,214.9447479248047,52.914188385009766,2.02,2.0,2.02,1.94,2.04,2.007056,1
18041,214.7841796875,52.79985809326172,0.98,0.96,1.0,0.92,1.02,1.02007,2
18044,214.81497192382812,52.82231140136719,4.48,4.46,4.54,4.44,4.6,4.611100196838379,0
18045,214.81491088867188,52.82223129272461,4.6,4.56,4.62,4.52,4.62,4.557,1
18060,214.86109924316406,52.854671478271484,1.38,1.36,1.44,1.36,1.48,1.3966,2
18073,215.0594940185547,52.9954833984375,4.24,4.08,4.32,3.96,4.4,4.2,2
18084,214.9069366455078,52.88743591308594,3.06,3.02,3.12,3.0,3.18,3.212823,2
18087,214.88731384277344,52.873348236083984,0.66,0.64,0.68,0.6,0.72,0.675,-1
18089,214.96435546875,52.92837142944336,1.26,1.24,1.52,1.18,1.62,1.58,2
18096,214.85911560058594,52.853641510009766,7.1,7.06,7.18,7.02,7.24,7.11,2
18097,214.8591766357422,52.85359191894531,7.02,7.0,7.08,6.98,7.16,7.115,2
18098,214.85916137695312,52.85353088378906,7.24,7.16,7.24,7.1,7.26,7.117444,1
18101,214.81924438476562,52.82527542114258,1.72,1.6,1.98,1.46,2.38,8.73550033569336,0
18102,214.97015380859375,52.932350158691406,3.38,3.38,3.38,3.38,3.38,3.383463,2
18140,214.75794982910156,52.781288146972656,3.7,3.66,3.72,3.62,3.72,3.620800018310547,2
18145,214.82754516601562,52.830970764160156,0.02,0.0,0.02,0.0,0.02,1.487381,-1
18154,214.94439697265625,52.913352966308594,0.76,0.72,0.8,0.7,0.82,0.7555,2
18155,214.94517517089844,52.91334915161133,2.02,2.02,2.02,2.02,2.02,2.005,2
18160,214.8958282470703,52.87944793701172,0.72,0.72,1.42,0.62,6.1,0.6962000131607056,0
18162,215.05751037597656,52.99371337890625,4.7,4.62,4.76,4.56,4.82,4.8,2
18163,214.81741333007812,52.822975158691406,0.74,0.72,0.76,0.68,0.8,0.7515,2
18175,214.8892364501953,52.874671936035156,3.3,3.06,3.3,3.02,3.34,3.33,2
18176,214.9105987548828,52.88974380493164,5.62,5.38,5.72,4.84,5.84,6.811175,-1
18187,214.92636108398438,52.90101623535156,3.8,3.78,3.8,3.78,3.84,3.763700008392334,2
18190,215.07989501953125,53.009483337402344,2.32,2.2,2.44,2.1,2.58,2.334205,2
18200,214.905029296875,52.88579559326172,1.76,1.72,1.88,1.68,1.94,6.13,1
18204,214.71353149414062,52.7490234375,0.44,0.42,0.44,0.42,0.48,0.4409,2
18208,214.8554229736328,52.8504753112793,2.76,2.76,2.78,2.74,2.8,2.746799945831299,2
18215,214.89007568359375,52.87461853027344,1.38,1.36,1.42,1.32,1.46,1.37619,2
18216,214.89047241210938,52.87439727783203,2.66,2.58,2.66,2.5,2.68,2.632396,2
18217,214.91758728027344,52.89466857910156,3.1,3.06,3.16,3.02,3.22,3.217162,1
18235,214.71575927734375,52.75062942504883,1.26,1.26,1.32,1.22,1.38,1.25918,2
18243,214.82972717285156,52.831546783447266,0.9,0.88,0.94,0.86,0.96,0.83584,2
18244,214.89910888671875,52.88151168823242,0.66,0.58,0.72,0.42,0.78,4.35,1
18246,214.78819274902344,52.80202865600586,1.38,1.34,1.44,1.3,1.48,1.35844,2
18247,214.78948974609375,52.80220413208008,1.34,1.26,1.34,1.18,1.38,1.1944,2
18248,214.8265838623047,52.82992935180664,6.56,6.06,6.56,6.04,6.58,6.075166,2
18249,214.88575744628906,52.87201690673828,6.14,6.12,6.2,6.12,6.22,6.125,2
18259,214.82725524902344,52.82912826538086,1.9,1.82,1.92,1.76,1.94,1.85052,2
18260,214.82630920410156,52.82932662963867,2.22,2.16,2.28,2.12,2.34,2.213,1
18277,214.90573120117188,52.8861083984375,3.16,3.14,3.18,3.12,3.24,3.2279,2
18284,214.9712677001953,52.932029724121094,1.68,1.64,1.72,1.62,1.78,1.675,2
18294,214.959716796875,52.92424774169922,4.58,4.5,4.62,4.44,4.64,4.646397,2
18296,214.88795471191406,52.87327194213867,3.14,3.08,3.22,3.04,3.26,3.249498,1
18302,215.06088256835938,52.99526596069336,0.7,0.66,0.76,0.6,0.8,0.7722,2
18309,214.8735809326172,52.86304473876953,3.32,3.32,3.32,3.32,3.32,3.34492,-1
18321,214.72918701171875,52.759735107421875,0.54,0.42,0.6,0.4,0.64,0.4042,2
18322,214.89920043945312,52.88123321533203,4.8,4.74,4.88,4.68,4.94,4.82,2
18327,214.95733642578125,52.92145538330078,0.36,0.34,0.38,0.34,0.42,0.3526,2
18329,214.95523071289062,52.920623779296875,1.36,1.34,1.38,1.32,1.42,1.35962,2
18331,214.87783813476562,52.86576461791992,0.28,0.26,0.32,0.26,0.34,0.29,2
18339,214.8651123046875,52.85697555541992,3.68,3.58,3.7,3.5,3.72,3.64,2
18343,214.9451141357422,52.91379165649414,0.08,0.08,2.44,0.04,6.88,5.332173,-1
18353,214.8531951904297,52.848365783691406,4.92,4.9,4.94,4.9,4.98,4.99,2
18371,214.9622802734375,52.925724029541016,4.6,4.56,4.62,4.52,4.62,4.609966,2
18379,214.80239868164062,52.8117790222168,0.76,0.72,0.78,0.7,0.82,0.7646,2
18381,214.9302520751953,52.90303421020508,1.72,1.66,1.8,1.62,1.86,0.95,-1
18383,214.9656219482422,52.928043365478516,2.14,2.12,2.22,2.06,2.28,2.15,2
18391,214.93556213378906,52.906639099121094,1.74,1.64,1.82,1.6,1.98,1.915654,2
18392,214.94969177246094,52.91682815551758,1.74,1.74,1.86,1.7,1.96,1.73,2
18395,215.06936645507812,53.00136184692383,2.28,2.12,2.28,2.06,2.3,2.2939000129699707,0
18398,214.90570068359375,52.8853645324707,3.26,3.22,3.26,3.2,3.28,3.217654,2
18401,214.7970733642578,52.8079719543457,1.18,1.14,1.2,1.1,1.24,1.1929999589920044,2
18407,214.7374725341797,52.76554870605469,0.54,0.52,0.58,0.5,0.6,0.535201,2
18414,214.78407287597656,52.798614501953125,1.36,1.28,1.38,1.24,1.4,1.34902,2
18419,214.89572143554688,52.87804412841797,1.1,1.06,1.16,1.04,1.2,1.13614,2
18433,214.7589874267578,52.780941009521484,5.22,5.14,5.22,5.1,5.24,5.244999885559082,2
18436,214.9010772705078,52.88212966918945,5.76,5.76,5.78,5.74,5.8,5.766600131988525,2
18437,214.90130615234375,52.882110595703125,5.82,5.8,5.82,5.76,5.84,5.77,2
18455,214.9482879638672,52.91511535644531,0.4,0.38,0.42,0.36,0.42,0.4508,2
18469,214.82565307617188,52.82882308959961,1.04,0.9,1.16,0.74,1.66,1.9917999505996704,0
18472,214.90484619140625,52.88472366333008,2.28,2.18,2.52,2.08,2.66,2.1900000000000004,0
18474,214.86553955078125,52.85663604736328,3.68,3.64,3.72,3.62,3.74,3.637619,2
18477,214.8995361328125,52.88091278076172,1.54,1.5,1.68,1.42,1.8,1.558034,2
18502,214.92259216308594,52.89704895019531,1.14,1.08,1.18,1.06,1.2,1.19241,2
18526,214.8574981689453,52.85084533691406,3.28,3.12,3.28,3.04,3.36,3.36,2
18531,214.9303741455078,52.902652740478516,0.68,0.68,0.9,0.64,1.02,1.005,-1
18536,214.92672729492188,52.90005111694336,1.36,1.34,1.46,1.3,1.52,1.49,2
18538,214.95458984375,52.91930389404297,6.42,6.38,6.48,6.34,6.5,6.51195,2
18549,214.8048858642578,52.81310272216797,0.76,0.74,0.8,0.7,0.82,0.77092,2
18554,214.86300659179688,52.85475540161133,1.36,1.36,1.76,1.26,2.06,1.313389,-1
18565,215.06600952148438,52.998191833496094,1.58,1.54,1.64,1.4,1.68,1.572,2
18569,214.7066650390625,52.74298095703125,3.32,3.32,3.32,3.32,3.32,3.35806,-1
18571,214.81964111328125,52.823829650878906,3.1,3.06,3.14,3.04,3.18,3.09,2
18572,214.76548767089844,52.785160064697266,3.72,3.62,3.74,3.54,3.8,3.75,2
18574,214.85838317871094,52.85127258300781,3.32,3.32,3.34,3.3,3.36,3.359942,2
18581,215.0778045654297,53.00650405883789,1.7,1.7,1.9,1.6,2.0,1.74,2
18585,214.8680877685547,52.858245849609375,4.38,4.28,4.44,4.22,4.62,1.47109,-1
18586,214.96868896484375,52.92965316772461,8.78,8.74,8.9,8.66,8.94,8.7176,2
18589,214.84901428222656,52.84452438354492,5.26,5.2,5.26,5.02,5.28,5.25,2
18593,214.8588104248047,52.85147476196289,4.36,4.34,4.38,4.28,4.4,4.36,2
18601,214.9297332763672,52.90190124511719,3.42,3.4,3.42,3.38,3.44,3.4291000366210938,2
18615,214.82911682128906,52.830162048339844,1.74,1.74,1.82,1.72,1.88,1.7998,2
18617,214.90475463867188,52.884037017822266,1.02,1.0,1.04,0.92,1.06,3.359549,-1
18623,214.88034057617188,52.866798400878906,3.32,3.32,3.36,3.3,3.38,3.34,2
18624,214.88058471679688,52.86680221557617,3.28,3.14,3.3,3.02,3.3,3.23,1
18628,214.85975646972656,52.8521728515625,3.3,3.3,3.32,3.3,3.32,3.359852,2
18631,214.85545349121094,52.84878158569336,2.76,2.52,2.84,2.2,2.98,3.108443,2
18633,214.91586303710938,52.89180374145508,1.68,1.68,2.86,1.64,2.94,2.95,2
18634,214.9163818359375,52.89133071899414,2.94,2.86,2.94,2.82,2.96,2.9449000358581543,2
18643,214.79928588867188,52.808929443359375,1.34,1.32,1.36,1.28,1.4,2.43,2
18646,214.82228088378906,52.82538986206055,1.92,1.88,1.94,1.82,1.94,1.92952,2
18651,214.87429809570312,52.86232376098633,2.38,2.38,2.4,2.36,2.42,1.543597,1
18661,214.82679748535156,52.82817840576172,0.9,0.88,0.94,0.84,0.98,0.96,2
18662,214.85079956054688,52.84544372558594,1.88,1.78,1.94,1.74,1.98,1.91,2
18664,214.8534393310547,52.8469352722168,0.76,0.7,0.78,0.66,0.8,0.755,-1
18675,214.83509826660156,52.83429718017578,0.76,0.72,0.8,0.68,0.82,0.7244,2
18677,214.92263793945312,52.89647674560547,3.32,3.18,3.32,3.12,3.36,3.32,2
18687,214.9635009765625,52.925201416015625,1.56,1.54,1.6,1.5,1.6,1.5809,2
18715,214.87841796875,52.864356994628906,0.28,0.28,0.3,0.26,0.3,0.283999,2
18720,214.94314575195312,52.91030502319336,0.74,0.72,0.78,0.68,0.82,0.7541,2
18727,214.86720275878906,52.857078552246094,3.42,3.4,3.52,3.34,3.62,3.81,1
18734,214.92713928222656,52.899131774902344,1.6,1.52,1.6,1.46,1.64,1.5397615432739258,-1
18735,214.9363250732422,52.906105041503906,3.3,3.12,3.3,3.06,3.32,3.349261,2
18737,215.0727996826172,53.00241470336914,1.8,1.7,1.92,1.6,2.0,1.898405,2
18739,214.8663330078125,52.856285095214844,3.72,3.66,3.72,3.64,3.72,3.637816,2
18741,215.0755615234375,53.00434494018555,0.96,0.84,0.98,0.74,1.02,0.95,-1
18749,214.90293884277344,52.88200378417969,0.62,0.58,0.66,0.54,0.68,0.638804,2
18751,214.94183349609375,52.909942626953125,1.1,1.1,1.7,1.04,1.84,1.77,-1
18758,214.76324462890625,52.782684326171875,2.94,2.4,2.9,2.18,2.96,2.95,2
18761,214.8312530517578,52.831356048583984,2.12,2.1,2.2,2.08,2.3,2.16996,2
18766,214.97108459472656,52.930660247802734,3.3,0.74,3.38,0.36,3.6,6.414859,-1
18771,215.06260681152344,52.994937896728516,2.64,2.58,2.8,2.52,2.9,2.535,2
18784,214.8314971923828,52.8314208984375,1.1,1.0,1.14,0.94,1.26,7.062783333333333,2
18785,214.8316192626953,52.83150100708008,7.02,6.98,7.1,6.96,7.2,1.155,-1
18795,214.85882568359375,52.85086441040039,0.54,0.48,0.56,0.42,0.6,0.44,-1
18798,214.90948486328125,52.886878967285156,2.02,1.8,2.08,1.68,2.2,0.35,-1
18800,214.82864379882812,52.82940673828125,4.34,4.26,4.36,4.24,4.4,2.63,1
18802,214.95281982421875,52.91726303100586,2.38,2.38,2.38,2.38,2.38,2.38,2
18807,214.87205505371094,52.8600959777832,1.08,1.04,1.12,1.02,1.18,1.11,2
18811,214.76678466796875,52.78462219238281,0.96,0.92,0.98,0.9,1.02,0.9808,2
18812,214.864501953125,52.854888916015625,5.68,5.66,5.68,5.64,5.7,5.657283,2
18821,214.81422424316406,52.81904602050781,1.96,1.94,2.58,1.76,2.64,2.581872,2
18826,214.82119750976562,52.8239631652832,0.82,0.76,0.86,0.72,0.88,0.832133,2
18832,214.71287536621094,52.7460823059082,2.36,2.36,2.38,2.28,2.4,0.834807,2
18833,214.7125701904297,52.74628448486328,3.44,3.42,3.52,3.42,3.56,3.46,2
18868,214.91917419433594,52.89350509643555,5.76,5.76,5.78,5.74,5.8,5.775,2
18889,214.91806030273438,52.892547607421875,2.88,2.84,2.94,2.78,2.96,2.9402999877929688,2
18890,214.8576202392578,52.84953689575195,1.74,1.74,1.9,1.7,1.94,1.9179999828338623,0
18891,214.8575897216797,52.84938049316406,1.92,1.76,1.92,1.72,1.94,1.918221,2
18893,214.96742248535156,52.926265716552734,0.5,0.48,0.52,0.46,0.52,0.463,2
18896,214.90919494628906,52.886348724365234,4.58,4.56,4.6,4.54,4.62,4.590063,2
18900,215.079345703125,53.00642013549805,0.86,0.76,0.92,0.7,0.98,0.9455,2
18908,214.94056701660156,52.9085807800293,1.56,1.4,1.64,1.2,1.78,1.547764,1
18920,214.78778076171875,52.7998161315918,3.42,3.4,3.42,3.38,3.42,3.41734,-1
18923,215.07278442382812,53.00163269042969,1.9,1.74,1.96,1.64,2.02,1.9,2
18929,214.85923767089844,52.85071563720703,3.38,3.32,3.42,3.22,3.54,11.183799743652344,0
18930,214.8806915283203,52.86594009399414,3.18,3.04,3.22,3.0,3.26,3.205923,2
18935,214.92160034179688,52.89498519897461,0.74,0.72,0.76,0.7,0.82,0.946554,-1
18936,214.92176818847656,52.89497756958008,0.42,0.42,0.46,0.42,0.5,0.44,2
18940,214.8247528076172,52.826168060302734,0.12,0.1,0.14,0.08,0.14,0.05,-1
18941,215.050537109375,52.98621368408203,1.56,1.28,1.62,0.84,1.82,0.57946,-1
18947,214.89694213867188,52.87675476074219,0.98,0.96,1.0,0.9,1.02,1.005,2
18949,214.7733154296875,52.789276123046875,2.62,2.6,2.64,2.54,2.66,2.67,2
18951,214.83322143554688,52.83200454711914,2.44,2.2,2.46,2.08,2.58,0.745,-1
18953,214.9109649658203,52.88734436035156,3.06,3.04,3.2,3.02,3.26,3.231600046157837,2
18961,214.90481567382812,52.88298797607422,5.72,5.7,5.72,5.62,5.8,6.70550012588501,0
18965,214.89944458007812,52.87915802001953,6.2,6.2,6.22,6.18,6.22,6.18,2
18968,214.78237915039062,52.79551696777344,0.58,0.56,0.6,0.54,0.62,0.582,2
18975,214.8592987060547,52.85057830810547,3.32,3.3,3.32,3.3,3.34,5.682869,-1
18976,214.89205932617188,52.87381362915039,1.7,1.58,1.74,1.46,1.82,1.54,2
18978,214.9100799560547,52.885982513427734,0.76,0.72,0.78,0.68,0.8,0.78783,2
18979,214.72952270507812,52.75735855102539,0.42,0.42,0.42,0.4,0.42,0.4043,2
18985,214.71884155273438,52.7501106262207,1.32,1.26,1.34,1.18,1.36,0.7381,2
18991,214.90472412109375,52.88276290893555,1.7,1.7,1.86,1.68,1.94,6.94016,-1
18993,214.80624389648438,52.81270980834961,6.76,6.76,6.78,6.74,6.78,6.740600109100342,2
18994,214.86410522460938,52.853763580322266,2.98,2.98,3.04,2.96,3.12,2.98,1
18995,214.86441040039062,52.85365676879883,5.68,5.66,5.68,5.64,5.68,5.67,2
18998,214.92723083496094,52.8983039855957,0.56,0.54,0.6,0.54,0.64,0.5766,2
19000,214.95530700683594,52.9183464050293,0.54,0.52,0.56,0.5,0.6,0.548349,2
19002,215.06776428222656,52.9979362487793,1.22,1.12,1.26,1.06,1.3,1.12,2
19009,214.81979370117188,52.822166442871094,1.76,1.76,1.86,1.74,1.92,1.7990000247955322,2
19014,214.86032104492188,52.85103988647461,3.32,3.3,3.36,3.28,3.38,3.34,2
19018,214.85720825195312,52.84892272949219,3.36,3.3,3.4,3.22,3.5,3.433829,-1
19020,214.92050170898438,52.893798828125,1.02,1.02,1.08,1.02,1.14,1.17,2
19027,214.9645233154297,52.92416763305664,0.66,0.64,0.68,0.62,0.7,0.6733,2
19028,214.9653778076172,52.92375183105469,0.74,0.72,0.76,0.68,0.8,0.755,2
19038,214.8045196533203,52.81116485595703,2.24,2.2,2.3,2.14,2.36,2.246438503265381,-1
19039,214.81666564941406,52.819541931152344,1.42,1.4,1.46,1.36,1.54,1.35844,2
19049,215.0813446044922,53.0074348449707,2.18,2.08,2.3,2.0,2.46,2.31,1
19057,214.85572814941406,52.84770584106445,1.9,1.74,1.9,1.7,1.94,1.905,2
19059,214.97152709960938,52.92994689941406,4.94,4.92,4.96,4.92,5.04,5.273726,2
19061,214.90597534179688,52.88311767578125,0.46,0.44,0.48,0.44,0.5,0.455,2
19063,214.8719482421875,52.8592529296875,4.92,4.92,5.02,4.9,5.06,5.272799968719482,2
19078,214.94955444335938,52.91389083862305,2.02,2.02,2.04,2.0,2.06,2.139064,2
19087,215.06564331054688,52.99631881713867,0.66,0.66,1.66,0.12,2.34,2.015981,2
19103,215.06753540039062,52.997314453125,2.44,2.42,2.48,2.4,2.64,2.435,2
19109,214.76805114746094,52.78500747680664,1.04,0.96,1.18,0.82,1.3,4.091942,-1
19113,214.83053588867188,52.829505920410156,4.84,4.84,4.84,4.84,4.86,4.82,2
19120,214.88206481933594,52.86551284790039,0.36,0.36,0.36,0.34,0.42,0.3541,2
19123,214.86965942382812,52.85712814331055,1.9,1.84,1.96,1.76,2.0,1.79687,2
19125,214.9630889892578,52.92343521118164,1.56,1.54,1.6,1.4,1.6,1.57,1
19137,214.8939208984375,52.87458419799805,7.1,7.08,7.18,7.04,7.22,7.0297,2
19146,214.81304931640625,52.81697082519531,5.24,5.18,5.24,5.08,5.26,5.278627,2
19147,214.81321716308594,52.817134857177734,5.24,5.06,5.26,4.88,5.32,5.268911,2
19156,214.8626708984375,52.852291107177734,2.5,2.48,2.84,2.44,3.14,2.63,2
19161,214.95986938476562,52.921199798583984,1.34,1.34,1.38,1.32,1.4,1.363422,2
19167,214.94525146484375,52.91084671020508,3.9,3.86,4.2,0.82,4.28,3.14,1
19168,214.71986389160156,52.75032043457031,4.3,4.26,4.32,4.24,4.34,4.315,2
19169,214.71998596191406,52.75025939941406,4.34,4.32,4.34,4.3,4.34,4.31,2
19180,214.85714721679688,52.84806442260742,3.08,3.06,3.16,3.04,3.22,3.1059000492095947,2
19190,214.96926879882812,52.92757034301758,1.36,1.36,1.4,1.3,1.44,1.402,2
19201,214.9373321533203,52.90517044067383,1.7,1.58,1.82,1.42,1.98,0.275,-1
19204,214.85389709472656,52.845821380615234,1.74,1.74,1.96,1.68,1.98,3.908,1
19205,214.8542022705078,52.84569549560547,1.58,1.56,1.6,1.54,1.6,1.55,1
19206,215.05332946777344,52.98679733276367,1.24,1.1,1.26,1.04,1.32,1.1764,2
19211,214.82093811035156,52.822242736816406,2.76,2.72,2.84,2.7,2.94,2.95,2
19220,214.81166076660156,52.81499481201172,0.8,0.76,0.82,0.72,0.84,0.81212,2
19228,214.91436767578125,52.88771438598633,1.04,1.02,1.06,1.0,1.08,1.05752,2
19236,214.92347717285156,52.89517593383789,3.08,3.0,3.22,2.88,3.34,2.055488,1
19240,214.90774536132812,52.88401794433594,5.08,5.06,5.18,5.04,5.24,5.223702,-1
19245,214.89361572265625,52.87400817871094,7.12,7.08,7.16,7.04,7.2,7.032598,2
19255,214.824462890625,52.824703216552734,3.42,3.42,3.44,3.4,3.46,3.450384,2
19274,214.78172302246094,52.794132232666016,1.46,1.42,1.5,1.38,1.54,1.49,1
19286,214.82142639160156,52.8224983215332,8.08,1.74,8.16,1.38,8.24,2.113600015640259,0
19291,214.76205444335938,52.78009033203125,1.3,0.94,1.32,0.84,1.38,0.718500018119812,0
19294,214.961181640625,52.921653747558594,1.56,1.52,1.64,1.46,1.82,1.56,1
19302,214.8590850830078,52.84916305541992,2.36,2.34,2.38,2.32,2.4,2.335,2
19305,214.885498046875,52.86772155761719,0.34,0.32,0.4,0.3,0.42,0.35429,2
19333,214.828857421875,52.82757568359375,5.08,5.08,5.18,5.04,5.22,5.1,2
19335,214.8968963623047,52.87598419189453,0.42,0.38,0.54,0.3,0.62,0.313272,-1
19337,214.94869995117188,52.91267013549805,4.96,4.94,5.0,4.92,5.04,5.271843,2
19348,214.95310974121094,52.915828704833984,5.74,5.74,5.78,5.72,5.8,5.719752,2
19349,214.95318603515625,52.91578674316406,5.76,5.74,5.78,5.74,5.8,5.73,2
19352,214.82723999023438,52.826229095458984,0.3,0.28,0.32,0.26,0.34,0.2963,2
19354,214.91201782226562,52.8864631652832,3.2,3.18,3.24,3.14,3.26,3.2321999073028564,2
19365,214.88497924804688,52.86732864379883,1.36,1.34,1.46,1.34,1.56,1.532169,2
19366,214.89675903320312,52.875797271728516,10.6,10.54,10.7,10.42,10.76,6.1344,2
19373,214.81307983398438,52.81618118286133,1.62,1.52,1.64,1.48,1.72,1.6274000406265259,1
19378,214.7731170654297,52.7876091003418,6.72,6.72,6.74,6.7,6.74,8.34E-4,-1
19379,214.8227081298828,52.82265853881836,1.76,1.74,1.84,1.74,1.88,1.8,2
19387,214.71530151367188,52.74625015258789,4.38,4.34,4.42,4.28,4.5,4.35,2
19403,214.7686309814453,52.784141540527344,0.34,0.34,0.38,0.3,0.4,0.21780000627040863,0
19408,214.86434936523438,52.8525276184082,3.52,3.5,3.58,3.48,3.62,3.473827,2
19411,214.82347106933594,52.823360443115234,1.7,1.56,1.76,1.44,1.96,1.7391999959945679,0
19415,214.96109008789062,52.92112350463867,2.02,2.02,2.02,2.02,2.02,2.02,2
19417,214.82432556152344,52.824012756347656,3.42,3.4,3.42,3.4,3.42,0.3021000027656555,0
19419,214.80447387695312,52.809814453125,0.28,0.26,0.32,0.24,0.34,0.3384999930858612,0
19430,214.71664428710938,52.74684143066406,2.22,2.16,2.3,2.1,2.34,2.29,2
19443,214.80894470214844,52.81266784667969,1.1,1.08,1.16,1.06,1.2,1.11806,2
19447,214.96163940429688,52.921443939208984,4.12,4.06,4.12,4.0,4.14,4.094661,2
19453,214.85128784179688,52.84305191040039,2.2,2.16,2.32,2.12,2.34,2.244997,2
19460,214.81968688964844,52.82032775878906,2.14,2.12,2.22,2.08,2.26,2.1342,2
19462,214.81239318847656,52.81528854370117,2.06,2.04,2.12,0.16,2.26,2.05305,2
19467,214.91192626953125,52.8857536315918,2.98,2.98,3.02,2.96,3.1,3.238598,2
19469,214.9475860595703,52.9111213684082,3.46,3.08,3.52,2.8,3.54,3.38,2
19470,214.94781494140625,52.91118240356445,3.48,3.46,3.52,3.46,3.56,3.39,2
19480,214.88955688476562,52.87018966674805,3.3,3.28,3.3,3.22,3.32,3.31,2
19493,214.83163452148438,52.82892608642578,6.08,6.06,6.08,6.06,6.08,6.08,2
19494,214.93006896972656,52.898860931396484,2.22,2.08,2.22,2.04,2.28,2.23,2
19495,214.97410583496094,52.93001937866211,0.82,0.8,0.84,0.76,0.86,0.798896,-1
19507,214.89439392089844,52.873497009277344,2.94,2.9,3.18,2.78,3.26,4.981097,-1
19512,214.77218627929688,52.786476135253906,2.3,2.22,2.3,2.18,2.32,2.28,2
19515,214.96412658691406,52.9229621887207,4.12,4.08,4.14,4.02,4.16,4.095652,2
19517,214.93551635742188,52.90256118774414,0.4,0.34,0.42,0.26,0.46,0.33,-1
19521,214.94273376464844,52.90776062011719,2.0,1.84,2.04,1.66,2.14,2.0043,2
19523,214.73252868652344,52.758094787597656,9.66,9.52,9.92,9.34,10.04,10.245,2
19531,215.0777130126953,53.00310516357422,2.3,2.3,2.3,2.28,2.32,2.307062,2
19535,214.92190551757812,52.89286804199219,3.16,3.1,3.18,3.04,3.24,3.22,2
19543,214.826171875,52.82463455200195,0.82,0.78,0.82,0.74,0.84,0.8225,2
19545,214.8629608154297,52.85105895996094,5.7,5.7,5.7,5.68,5.7,5.663726,2
19562,214.88864135742188,52.86890411376953,0.7,0.66,0.72,0.64,0.76,0.6851,2
19564,214.96328735351562,52.92216873168945,2.64,2.6,2.64,2.58,2.64,2.636908,2
19571,214.76434326171875,52.780025482177734,0.38,0.36,0.4,0.34,0.42,0.371,2
19572,214.76548767089844,52.7803955078125,1.34,1.3,1.34,1.26,1.36,1.26144,2
19594,214.86965942382812,52.85560989379883,5.18,5.14,5.18,5.1,5.2,5.099425,2
19603,215.06338500976562,52.99269485473633,2.36,2.36,2.5,2.16,2.6,2.371651,2
19604,215.0732421875,52.999629974365234,0.4,0.36,0.46,0.32,0.54,2.8,1
19605,214.73513793945312,52.759552001953125,2.42,2.22,2.44,2.14,2.52,0.775,-1
19607,214.97018432617188,52.926876068115234,1.36,0.64,1.38,0.54,1.5,3.69,1
19618,214.89170837402344,52.87117385864258,3.28,3.12,3.26,3.06,3.28,3.241426,2
19620,214.87693786621094,52.86039352416992,2.16,2.08,2.24,2.0,2.32,2.287,2
19622,214.96839904785156,52.92503356933594,0.68,0.64,0.7,0.62,0.74,0.6745,2
19627,214.80776977539062,52.81120300292969,1.0,0.98,1.02,0.96,1.02,1.017300009727478,2
19633,214.75997924804688,52.77690124511719,2.36,2.22,2.36,2.14,2.36,2.2945,2
19634,214.7601776123047,52.77661895751953,2.3,2.18,2.32,2.12,2.34,2.2873001098632812,2
19639,214.86965942382812,52.855430603027344,2.4,1.4,2.56,1.04,2.88,5.1,0
19640,214.90774536132812,52.88249206542969,7.0,6.96,7.14,6.9,7.2,6.9541,2
19641,214.9078826904297,52.88251495361328,2.96,2.72,2.96,2.44,2.98,7.025899887084961,0
19644,214.86647033691406,52.852699279785156,2.38,2.34,2.46,2.28,2.52,2.28,1
19646,214.81214904785156,52.814388275146484,2.18,2.14,2.24,2.1,2.32,2.158099889755249,2
19647,214.8339080810547,52.8297119140625,5.72,5.72,5.76,5.72,5.78,5.756100177764893,2
19649,214.83377075195312,52.82971954345703,5.72,5.7,5.78,5.68,5.82,5.661948,-1
19670,214.8113250732422,52.81355667114258,2.1,2.06,2.16,2.0,2.2,2.1489999294281006,2
19671,214.8797607421875,52.86249542236328,1.2,1.16,1.52,1.08,2.4,0.7,-1
19673,214.96109008789062,52.92020797729492,4.28,4.26,4.4,4.22,4.54,4.301149,2
19684,214.87240600585938,52.8571891784668,3.32,3.12,3.36,3.02,3.42,3.238456,2
19688,214.9715576171875,52.927486419677734,1.04,1.04,1.04,0.92,1.08,1.06,2
19696,214.9139862060547,52.88655471801758,0.62,0.56,0.64,0.54,0.68,2.213704,-1
19699,214.7655487060547,52.780982971191406,2.94,2.94,2.94,2.92,2.94,2.960200071334839,2
19700,214.765625,52.78092575073242,0.32,0.32,2.96,0.3,3.22,2.96,2
19702,214.93112182617188,52.89868927001953,3.44,3.4,3.5,3.16,3.58,3.448699951171875,2
19706,214.72012329101562,52.7484245300293,1.92,1.84,1.92,1.8,1.94,1.91,2
19711,214.8258056640625,52.823890686035156,3.3,3.08,3.3,3.04,3.36,9.560254,-1
19712,215.08131408691406,53.004798889160156,1.58,1.54,1.6,1.32,1.62,1.58,2
19715,214.93243408203125,52.89955139160156,3.26,3.18,3.3,3.1,3.36,3.2184998989105225,2
19719,214.80564880371094,52.80949783325195,5.0,4.98,5.0,4.98,5.02,4.98,2
19724,214.9634246826172,52.92115020751953,0.5,0.46,0.52,0.44,0.52,0.4614,2
19729,214.72532653808594,52.751861572265625,0.36,0.34,0.38,0.3,0.4,0.3838,2
19730,214.76661682128906,52.781490325927734,2.94,2.94,2.94,2.94,2.94,2.95,2
19731,214.82247924804688,52.82147216796875,1.1,1.08,1.16,1.04,1.2,1.1914,1
19739,214.91770935058594,52.8891487121582,3.04,3.04,3.04,3.02,3.12,3.025021,2
19747,214.93963623046875,52.90431213378906,0.54,0.54,0.54,0.54,0.54,0.71754,2
19759,214.86801147460938,52.85371398925781,5.22,5.12,5.22,5.1,5.26,5.2,2
19760,214.878173828125,52.86091613769531,5.3,5.08,5.28,4.96,5.32,5.275654,2
19763,214.8096160888672,52.81218719482422,3.2,3.16,3.26,3.1,3.28,3.270132,2
19769,214.7932891845703,52.800148010253906,1.84,1.76,1.9,1.72,1.96,1.860158,2
19780,214.8747100830078,52.8585205078125,3.42,3.42,3.42,3.4,3.42,3.422100067138672,2
19794,215.07598876953125,53.00027847290039,1.12,1.06,1.2,1.0,1.28,1.08,-1
19795,215.07534790039062,53.000247955322266,1.58,1.42,1.6,1.28,1.66,1.545,2
19800,214.71669006347656,52.7454833984375,1.26,1.26,1.3,1.26,1.32,1.2608,2
19807,215.07090759277344,52.99708938598633,0.36,0.32,0.4,0.28,0.44,0.3806,2
19812,214.7957763671875,52.8010368347168,1.0,0.96,1.02,0.92,1.04,1.0147,2
19813,214.7955322265625,52.800750732421875,1.18,1.14,1.22,1.1,1.24,1.19241,2
19821,215.07183837890625,52.99761199951172,0.22,0.14,0.26,0.1,0.3,0.2031,2
19853,214.78318786621094,52.79307556152344,4.22,0.78,4.28,0.7,4.36,4.157,2
19858,214.76104736328125,52.77724075317383,1.02,0.94,1.08,0.86,1.14,0.548799991607666,0
19859,214.96231079101562,52.92030715942383,3.42,3.42,3.42,3.4,3.44,3.44,2
19861,214.85816955566406,52.8462028503418,0.28,0.26,0.32,0.26,0.34,0.284804,2
19867,214.8845977783203,52.8651008605957,1.54,1.52,1.58,1.48,1.6,1.535,2
19873,214.82313537597656,52.82151794433594,0.86,0.96,4.26,0.78,4.52,0.97,-1
19880,214.8181610107422,52.81791305541992,2.14,1.34,2.24,1.18,2.36,1.42,-1
19887,214.9651641845703,52.922279357910156,3.4,3.4,3.42,3.38,3.42,3.381782,2
19897,214.89559936523438,52.87293243408203,2.3,2.14,2.3,2.08,2.34,2.143784,2
19915,214.87747192382812,52.85999298095703,4.84,4.82,4.86,4.82,4.86,4.824641,2
19919,214.90689086914062,52.88090896606445,0.54,0.5,0.8,0.44,3.86,5.0391998291015625,0
19930,214.9027862548828,52.877681732177734,0.76,0.74,0.8,0.7,0.82,0.765,-1
19934,214.90428161621094,52.87897872924805,5.76,5.74,5.78,5.74,5.8,5.77,2
19936,214.96739196777344,52.923667907714844,0.44,0.42,0.46,0.4,0.48,0.28,-1
19939,214.83493041992188,52.829647064208984,5.76,5.74,5.8,5.72,5.82,5.752107,-1
19940,215.07057189941406,52.99660110473633,2.3,2.14,2.3,2.04,2.32,2.31,2
19943,214.73033142089844,52.754974365234375,0.54,0.54,4.94,0.24,5.06,5.25,2
19944,214.82508850097656,52.82265090942383,7.9,7.86,7.96,7.7,8.0,7.06,2
19952,215.07960510253906,53.00259017944336,1.58,1.56,1.64,1.54,1.66,1.575,2
19956,214.87265014648438,52.85626220703125,1.32,1.26,1.32,1.24,1.34,1.32,2
19963,214.8612060546875,52.84817123413086,1.92,1.8,1.92,1.74,1.94,1.93,2
19971,214.89671325683594,52.87343215942383,0.54,0.52,0.58,0.5,0.64,1.11,-1
19974,214.82997131347656,52.825965881347656,4.84,4.82,4.84,4.82,4.86,4.84,2
19978,214.9013214111328,52.87649154663086,2.38,2.38,2.38,2.38,2.38,2.3729,2
19981,214.87850952148438,52.8602180480957,0.76,0.74,0.8,0.72,0.82,0.783,2
19983,215.0645751953125,52.992191314697266,0.98,0.8,1.0,0.68,1.08,0.96,-1
20005,214.8816375732422,52.862632751464844,2.32,2.12,2.4,2.04,2.58,2.34,1
20018,214.81124877929688,52.8124885559082,5.68,5.66,5.68,5.64,5.7,5.639695,2
20029,214.8647003173828,52.85051345825195,4.34,4.32,4.34,4.3,4.36,4.358626,2
20047,214.96563720703125,52.92203903198242,3.38,3.34,3.38,3.32,3.4,3.39,2
20048,214.88645935058594,52.86583709716797,3.24,3.2,3.26,3.18,3.28,3.28,2
20051,214.95065307617188,52.91143798828125,2.22,2.14,2.28,2.1,2.3,2.145,2
20055,214.93438720703125,52.89982223510742,4.02,3.98,4.08,3.9,4.12,4.115200042724609,2
20060,214.80233764648438,52.80564498901367,0.7,0.66,0.72,0.62,0.76,0.683448,2
20062,214.89077758789062,52.86870574951172,2.3,2.3,2.3,2.28,2.32,2.295,2
20064,214.77447509765625,52.78567123413086,2.08,2.04,2.12,1.68,2.18,2.27,2
20080,214.95504760742188,52.914405822753906,1.7,1.68,1.94,1.52,2.08,0.71,-1
20081,214.82772827148438,52.82375717163086,2.9,2.86,2.92,2.82,2.94,2.965168,2
20082,214.82798767089844,52.82406234741211,3.8,3.42,3.9,3.1,4.04,3.019700050354004,0
20084,215.0852508544922,53.00636291503906,1.4,1.26,1.42,1.16,1.48,1.41,-1
20086,214.9496307373047,52.9105110168457,3.26,3.16,3.3,3.08,3.38,3.32,2
20087,214.87628173828125,52.8583869934082,1.04,1.04,1.06,1.02,1.1,1.05752,2
20093,214.90902709960938,52.88168716430664,2.1,2.08,2.26,2.04,2.32,0.4480000138282776,0
20101,214.78970336914062,52.79621124267578,0.68,0.66,0.7,0.62,0.72,0.68035,2
20109,214.8372802734375,52.830379486083984,2.68,2.68,2.72,2.68,2.8,2.695,2
20114,214.85694885253906,52.84453582763672,0.7,0.64,0.72,0.6,0.76,0.71682,-1
20121,214.9052276611328,52.87884521484375,2.0,1.96,2.08,1.84,2.38,1.81,-1
20125,214.856689453125,52.84434127807617,5.66,5.62,5.68,5.6,5.68,5.66,2
20129,214.92318725585938,52.89155197143555,3.02,3.02,3.22,2.98,3.28,3.1,2
20132,214.82579040527344,52.822166442871094,0.82,0.8,0.86,0.78,0.88,0.882821,-1
20142,214.9521026611328,52.91151809692383,0.66,0.62,0.7,0.58,0.72,0.6587,2
20146,214.96189880371094,52.91893005371094,0.92,0.84,1.32,0.54,1.64,1.18,-1
20149,214.79522705078125,52.80010986328125,1.08,1.08,1.18,1.06,1.22,1.1917,2
20162,214.72647094726562,52.751094818115234,3.72,3.68,3.72,3.64,3.72,3.6550000000000002,2
20163,214.72650146484375,52.750999450683594,3.7,3.66,3.72,3.64,3.72,3.65,2
20166,214.8983917236328,52.87322235107422,0.76,0.74,0.8,0.7,0.82,0.7687,2
20186,214.9427032470703,52.905128479003906,6.76,6.74,6.78,6.74,6.8,6.734689,2
20188,214.91140747070312,52.882877349853516,2.56,2.52,2.64,2.46,2.74,3.782099962234497,0
20189,214.9617462158203,52.918617248535156,2.0,2.0,2.0,2.0,2.0,1.975925,2
20190,214.89186096191406,52.86906051635742,2.38,1.52,2.36,1.12,2.5,3.693000078201294,0
20195,214.9185333251953,52.887962341308594,6.0,5.98,6.02,5.94,6.04,5.931938,2
20201,214.87803649902344,52.85912322998047,2.46,2.46,2.46,2.46,2.46,2.454546,2
20205,214.96766662597656,52.92275619506836,4.7,4.62,4.86,4.44,5.14,4.56,1
20208,214.77090454101562,52.782527923583984,1.02,0.96,1.02,0.92,1.04,1.0151,2
20212,214.88807678222656,52.866249084472656,4.56,4.46,4.6,4.42,4.64,4.48,1
20216,214.93170166015625,52.89509201049805,1.14,1.12,1.2,1.08,1.24,1.1999,2
20217,214.92921447753906,52.894229888916016,1.08,1.06,1.16,1.04,1.18,1.1732,2
20219,214.8690643310547,52.852378845214844,3.28,3.28,3.3,3.28,3.3,3.3027,2
20220,214.86940002441406,52.8525390625,3.24,3.2,3.3,3.18,3.32,3.31,2
20225,214.82777404785156,52.823246002197266,2.5,1.82,2.58,1.72,2.72,4.018,1
20238,214.89112854003906,52.8681755065918,0.72,0.7,0.76,0.64,0.8,0.401113,-1
20239,214.91384887695312,52.88414764404297,0.5,0.5,0.5,0.48,0.5,0.0,2
20241,214.83152770996094,52.82583236694336,1.84,1.8,1.88,1.76,1.92,1.0989999771118164,0
20250,214.86187744140625,52.847381591796875,2.58,2.26,2.88,0.22,3.16,2.39,2
20251,214.71217346191406,52.74017333984375,0.84,0.82,0.88,0.8,0.88,0.8374,2
20252,214.77706909179688,52.78691101074219,1.2,1.1,1.2,1.08,1.22,1.15,2
20262,214.91937255859375,52.88816833496094,0.74,0.7,0.9,0.6,1.02,2.901164,-1
20265,214.93345642089844,52.89737319946289,1.74,1.7,1.8,1.66,1.92,0.9815,2
20268,214.83090209960938,52.82517623901367,2.6,2.56,2.64,2.52,2.66,1.18,-1
20275,214.72120666503906,52.74679946899414,1.62,1.56,1.82,1.34,1.96,0.205,1
20285,214.9169921875,52.886207580566406,2.66,2.68,2.88,2.64,2.92,2.942897,2
20294,214.9229736328125,52.89049530029297,3.14,3.12,3.26,3.06,3.28,3.2014999389648438,0
20297,214.96031188964844,52.916873931884766,0.98,0.94,1.02,0.9,1.04,0.634996,-1
20302,214.83493041992188,52.82578659057617,0.66,0.62,0.66,0.6,0.68,0.577455,2
20305,214.8329620361328,52.82539749145508,0.36,0.34,0.38,0.34,0.42,0.3537,2
20309,214.83370971679688,52.82695770263672,4.94,4.94,5.02,4.92,5.06,4.99,2
20322,214.95030212402344,52.90956115722656,0.4,0.36,0.42,0.34,0.42,0.372249,2
20326,214.86732482910156,52.85084915161133,1.36,1.36,2.34,1.26,2.92,3.344669,1
20329,214.90623474121094,52.87843322753906,5.06,5.04,5.08,5.0,5.08,5.050325,2
20337,214.97601318359375,52.927879333496094,4.28,4.24,4.32,4.24,4.34,4.3,2
20339,214.80996704101562,52.80974197387695,2.96,2.8,2.98,2.7,3.06,3.0987000465393066,2
20352,214.86752319335938,52.850894927978516,2.34,2.24,2.34,2.18,2.34,2.287504,2
20353,214.9703826904297,52.92385482788086,0.18,0.18,0.36,0.18,0.4,2.885200023651123,0
20354,214.78652954101562,52.793113708496094,3.64,3.62,3.72,3.52,3.74,6.550133,-1
20355,214.7945098876953,52.798789978027344,0.38,0.38,0.66,0.36,1.84,4.698695,-1
20364,214.94900512695312,52.90859603881836,1.74,1.74,1.9,1.72,1.94,1.856827,2
20379,214.8678741455078,52.850868225097656,2.96,2.96,2.98,2.96,2.98,2.9681999683380127,2
20381,214.83599853515625,52.82821273803711,1.36,1.36,1.4,1.36,1.46,0.852606,-1
20383,214.85861206054688,52.84430694580078,3.36,3.32,3.38,3.32,3.38,2.34,1
20402,214.87857055664062,52.858238220214844,0.96,0.88,0.98,0.84,1.0,0.952602,2
20405,214.94790649414062,52.907470703125,1.54,1.54,1.58,1.48,1.6,1.5444,2
20406,214.8787384033203,52.858524322509766,3.46,3.44,3.46,3.44,3.48,3.476778,2
20407,214.896484375,52.870872497558594,3.82,3.8,3.82,3.8,3.82,3.862702,2
20408,214.9212188720703,52.8878173828125,1.0,0.96,1.0,0.92,1.02,1.08,2
20416,214.90960693359375,52.880287170410156,2.22,2.16,2.28,2.12,2.32,2.1440000534057617,2
20417,214.90945434570312,52.88010025024414,3.86,3.86,4.0,3.86,4.04,0.702449,-1
20420,214.89146423339844,52.867462158203125,5.26,5.12,5.26,5.06,5.3,5.17,2
20442,214.91302490234375,52.88254928588867,2.66,2.56,2.66,2.52,2.7,2.613600015640259,2
20447,214.76937866210938,52.780128479003906,1.18,1.12,1.2,1.08,1.24,1.15977,2
20448,214.76991271972656,52.78038024902344,3.52,3.44,3.54,3.42,3.56,3.4688663482666016,-1
20449,214.7701416015625,52.78020095825195,3.56,3.48,3.58,3.44,3.7,3.470400094985962,2
20452,214.86813354492188,52.85049057006836,2.96,2.88,2.98,2.78,3.04,2.97001,-1
20456,214.79457092285156,52.797607421875,1.78,1.74,1.84,1.74,1.88,1.922388,2
20476,214.95933532714844,52.91504669189453,1.26,1.24,1.32,1.16,1.34,1.297465,2
20477,214.77481079101562,52.78355026245117,1.04,1.0,1.06,0.96,1.08,1.0371,2
20478,214.7744903564453,52.78331756591797,1.02,1.0,1.06,0.96,1.08,1.02993,2
20480,214.8311004638672,52.82412338256836,4.88,4.86,4.88,4.86,4.88,4.860823,-1
20487,214.880615234375,52.85900115966797,0.68,0.66,0.7,0.62,0.74,0.685,2
20488,214.89437866210938,52.86911392211914,2.88,2.7,2.9,2.66,2.92,2.907155,2
20489,214.9069061279297,52.87807083129883,3.42,3.42,3.42,3.4,3.42,3.425481,2
20493,214.83889770507812,52.82961654663086,2.44,2.44,2.44,2.44,2.44,1.4668999910354614,2
20512,214.89292907714844,52.86797332763672,4.92,4.92,4.94,4.9,4.96,5.283981,2
20516,214.9494171142578,52.90787124633789,4.5,4.46,4.54,4.42,4.6,4.555,2
20519,214.9416961669922,52.90242004394531,1.32,1.26,1.32,1.26,1.32,1.23223,2
20522,214.9791717529297,52.92908477783203,1.36,1.36,1.38,0.64,1.4,5.106284,2
20526,214.8572235107422,52.842506408691406,3.34,3.32,3.36,3.32,3.36,3.34,2
20529,214.917236328125,52.88518142700195,3.3,3.3,3.32,3.2,3.36,3.978741,1
20539,214.95445251464844,52.91152572631836,2.94,2.72,2.96,1.72,3.58,0.757555,-1
20545,214.83920288085938,52.82931900024414,1.84,1.8,1.9,1.74,1.94,1.880312,2
20551,214.89515686035156,52.869239807128906,1.98,1.9,2.42,1.76,2.58,1.73,2
20555,214.9696044921875,52.92188262939453,1.5,1.44,1.54,1.4,1.58,1.519766,2
20559,214.7284393310547,52.75025939941406,1.86,1.76,1.9,1.72,1.94,1.8278,2
20563,214.90553283691406,52.87664794921875,5.76,5.74,5.8,5.74,5.82,5.766988,-1
20564,214.92269897460938,52.88888168334961,2.38,2.38,2.4,2.36,2.42,2.363243,-1
20568,214.90284729003906,52.874786376953125,6.44,6.3,6.5,6.26,6.54,6.2859,2
20574,214.95701599121094,52.912757873535156,0.68,0.66,0.7,0.6,0.74,0.635549,2
20591,214.89808654785156,52.8712272644043,2.7,2.7,2.82,2.68,2.9,2.69213,2
20598,214.82989501953125,52.82272720336914,3.0,3.02,3.54,2.98,3.68,11.561200141906738,0
20600,214.7903289794922,52.793277740478516,0.4,0.36,0.4,0.34,0.42,0.3711,2
20606,214.7908477783203,52.794795989990234,0.56,0.54,0.6,0.52,0.64,5.286499977111816,2
20607,214.79104614257812,52.79476547241211,5.26,5.26,5.26,5.24,5.28,5.29,2
20611,214.94949340820312,52.907562255859375,1.1,0.8,1.2,0.68,1.38,14.782099723815918,0
20617,214.8961944580078,52.869815826416016,0.54,0.5,0.68,0.4,0.76,7.493199999999999,2
20622,214.85601806640625,52.84077453613281,1.12,1.06,1.16,1.04,1.2,1.1643,2
20628,214.9285125732422,52.89242935180664,3.24,3.2,3.32,3.14,3.38,3.336199998855591,-1
20629,214.9290313720703,52.8924560546875,0.8,0.76,0.84,0.72,0.86,0.8221,2
20633,214.86216735839844,52.84540557861328,3.32,3.32,3.32,3.32,3.34,3.349019,2
20637,214.88296508789062,52.86024856567383,4.44,4.36,4.54,4.2,4.6,8.148879,-1
20640,214.81695556640625,52.81318664550781,2.02,2.02,2.02,2.02,2.02,2.031442,2
20645,214.8616943359375,52.84493637084961,3.34,3.34,3.36,3.32,3.36,3.360931,2
20649,214.94898986816406,52.90696716308594,2.5,2.5,2.64,2.46,2.66,2.57103,2
20657,214.91128540039062,52.880287170410156,2.38,2.14,2.44,1.88,2.66,0.64,-1
20661,214.87567138671875,52.85494613647461,4.72,4.26,4.76,0.66,4.82,0.29,-1
20663,214.7703857421875,52.779842376708984,1.1,1.08,1.14,1.04,1.2,1.16,2
20664,214.88519287109375,52.861637115478516,1.02,0.98,1.06,0.92,1.12,1.028621,-1
20676,214.7321319580078,52.75197219848633,1.34,1.28,1.38,1.22,1.42,1.35608,2
20688,214.90135192871094,52.87301254272461,3.22,3.1,3.3,3.0,3.38,3.23,1
20690,214.90187072753906,52.87346267700195,1.92,1.74,2.96,1.22,3.72,3.218146,-1
20692,214.95985412597656,52.914554595947266,1.24,1.18,1.72,1.08,2.02,0.91,-1
20694,214.9058837890625,52.876258850097656,2.94,2.94,2.94,2.92,2.94,0.9478999972343445,0
20703,214.87928771972656,52.857093811035156,0.56,0.54,0.58,0.52,0.6,0.5481,2
20706,214.97433471679688,52.92461395263672,3.56,3.54,3.56,3.52,3.64,3.46,2
20712,214.97769165039062,52.927085876464844,6.1,6.1,6.6,6.08,6.62,6.14,2
20717,214.91209411621094,52.880584716796875,1.34,1.3,1.34,1.26,1.54,1.296333,1
20718,214.92019653320312,52.88629150390625,1.24,1.24,1.32,1.22,1.32,1.27376,-1
20719,214.90206909179688,52.8734130859375,6.28,6.28,6.44,6.26,6.48,6.2872,2
20723,214.89776611328125,52.870357513427734,3.08,2.98,3.22,2.7,3.32,2.946784,2
20727,214.89950561523438,52.871559143066406,3.42,0.42,3.54,0.32,3.74,6.957399845123291,0
20734,214.7742919921875,52.782196044921875,3.64,3.64,3.68,3.64,3.72,3.633878,-1
20745,214.8006591796875,52.801090240478516,1.72,1.72,1.84,1.68,1.94,1.92,1
20747,214.81959533691406,52.81452178955078,2.0,1.88,2.02,1.74,2.08,2.03,1
20748,214.8321533203125,52.82331085205078,0.3,0.28,0.32,0.26,0.34,0.2962,2
20752,214.89163208007812,52.865638732910156,1.52,1.5,1.62,1.44,1.7,1.55,-1
20754,214.96034240722656,52.91404342651367,1.48,1.48,1.5,1.48,1.54,1.28416,2
20755,214.86839294433594,52.84931182861328,2.44,2.2,2.54,2.02,2.7,0.58,-1
20762,214.97552490234375,52.925270080566406,5.28,5.22,5.28,5.14,5.3,5.10608,2
20772,214.9773406982422,52.92649841308594,8.88,8.86,8.94,8.82,8.96,9.031148,2
20777,214.89952087402344,52.87125015258789,3.22,3.2,3.26,3.18,3.26,3.22406,2
20786,214.9042205810547,52.87458801269531,0.78,0.72,0.82,0.68,0.88,1.03,-1
20790,214.87013244628906,52.85029220581055,4.42,4.4,4.5,4.38,4.58,4.544000148773193,0
20791,214.90826416015625,52.877437591552734,2.38,2.36,2.42,2.12,2.58,4.08405,-1
20793,214.97113037109375,52.921669006347656,1.68,1.68,2.72,1.66,2.82,3.6106998920440674,0
20825,214.90647888183594,52.87596893310547,1.2,1.14,1.3,1.08,1.38,1.028012,-1
20826,214.92169189453125,52.88648223876953,1.48,1.48,1.52,1.48,1.58,1.28,2
20841,214.9482421875,52.905540466308594,1.56,1.38,1.58,1.34,1.68,1.887286,-1
20842,214.79693603515625,52.79794692993164,2.54,2.54,2.62,2.52,2.66,2.665892,2
20845,214.8181610107422,52.81304168701172,0.44,0.44,2.02,0.44,2.16,1.094772,-1
20848,214.71705627441406,52.740501403808594,0.7,0.66,0.72,0.62,0.74,0.6762,2
20850,214.88851928710938,52.86309051513672,2.32,2.12,2.54,1.68,2.74,4.536249,-1
20852,214.82374572753906,52.81696319580078,0.56,0.56,0.58,0.54,0.74,0.741527,2
20857,214.9005584716797,52.87161636352539,4.68,4.68,4.76,4.66,4.8,4.72,2
20862,214.90951538085938,52.8779411315918,3.8,3.76,3.8,3.72,3.8,3.803,1
20868,214.9022979736328,52.872108459472656,0.76,0.74,0.78,0.72,0.82,0.768896,2
20872,214.92398071289062,52.88810348510742,2.56,2.54,2.58,2.54,2.64,2.553299903869629,2
20874,214.81753540039062,52.81245422363281,2.46,2.46,2.46,2.46,2.48,2.46583,2
20875,214.91876220703125,52.8845100402832,0.78,0.7,0.84,0.64,0.94,2.196865,1
20886,214.8848114013672,52.860267639160156,3.32,3.32,3.32,3.3,3.32,3.3431,2
20896,214.877685546875,52.85519027709961,1.14,1.08,1.2,1.06,1.28,4.128933,-1
20897,214.8784942626953,52.85556411743164,4.28,4.26,4.3,4.24,4.34,0.8489000201225281,1
20898,214.87867736816406,52.8554801940918,4.34,4.3,4.36,4.26,4.38,0.849149,-1
20904,214.79513549804688,52.796142578125,1.62,1.58,1.64,1.52,1.68,1.618804,2
20911,214.85716247558594,52.84049987792969,1.94,1.76,2.04,1.7,2.36,1.341493,-1
20913,214.7274932861328,52.74760437011719,0.74,0.7,0.8,0.68,0.82,0.7583,2
20914,214.8296661376953,52.82077407836914,3.08,2.9,3.12,2.7,3.16,3.092304,2
20917,214.81671142578125,52.81136703491211,2.94,2.8,2.94,2.74,2.96,0.49160000681877136,0
20928,214.92100524902344,52.88553237915039,4.48,4.44,4.54,4.42,4.6,4.61,2
20932,214.87271118164062,52.8514404296875,4.32,4.28,4.34,4.26,4.34,4.28,1
20933,214.942138671875,52.90076446533203,0.44,0.42,0.58,0.36,0.62,0.485,-1
20937,214.96153259277344,52.91446304321289,3.4,3.4,3.42,3.38,3.42,3.381928,2
20953,214.9010772705078,52.871437072753906,2.94,2.9,2.94,2.86,2.94,2.940662,2
20957,214.81918334960938,52.813228607177734,0.66,0.6,0.7,0.54,0.82,0.7556999921798706,1
20958,214.82879638671875,52.820098876953125,3.34,3.32,3.42,0.56,3.52,3.42,1
20966,214.866455078125,52.84657287597656,1.02,0.96,1.04,0.92,1.06,1.04,1
20971,214.97344970703125,52.92246627807617,1.04,1.02,1.06,0.98,1.08,1.06,2
20972,214.97450256347656,52.92216110229492,0.84,0.8,0.86,0.76,0.88,0.821651,2
20979,214.9678955078125,52.91852951049805,0.44,0.42,0.48,0.42,0.5,0.4615,2
20990,214.80740356445312,52.80447769165039,0.72,0.7,0.76,0.66,0.78,0.87,-1
20993,214.78811645507812,52.79066848754883,2.46,2.42,2.5,2.26,2.58,2.463,2
20995,214.87347412109375,52.85171127319336,4.7,4.68,4.78,4.62,4.8,4.77176,2
20998,214.77011108398438,52.77801513671875,3.44,3.42,3.48,3.4,3.58,3.46,2
21006,214.90576171875,52.874595642089844,3.76,3.76,3.78,3.74,3.78,3.7636,2
21014,214.77520751953125,52.78133773803711,2.3,2.26,2.3,2.2,2.32,2.2736001014709473,2
21016,214.97100830078125,52.920745849609375,4.28,4.26,4.32,4.24,4.34,4.31,2
21023,214.87750244140625,52.854244232177734,2.84,2.76,2.86,2.72,2.92,2.909948,2
21027,214.82017517089844,52.81304931640625,0.76,0.7,0.76,0.68,0.8,0.753,2
21028,214.82025146484375,52.81237030029297,5.12,5.08,5.18,5.04,5.22,5.11,2
21029,214.8211669921875,52.812469482421875,2.0,1.94,2.06,1.88,2.12,2.015500068664551,2
21032,214.84347534179688,52.82982635498047,0.76,0.74,0.8,0.72,0.82,0.775586,-1
21033,214.7328643798828,52.750648498535156,1.32,1.28,1.38,1.24,1.44,1.261548,2
21038,214.77394104003906,52.78059768676758,5.52,5.5,5.52,5.48,5.52,5.43,2
21055,214.7942352294922,52.79452896118164,0.36,0.36,0.38,0.36,0.4,0.370747,2
21060,214.96966552734375,52.9196662902832,3.86,3.86,3.88,3.86,3.88,3.843949,2
21061,214.83627319335938,52.824951171875,4.24,4.24,4.3,4.22,4.32,4.28,1
21066,214.8928680419922,52.86516189575195,6.7,6.68,6.72,6.68,6.72,6.685,2
21069,214.87948608398438,52.855472564697266,2.34,2.24,2.36,2.2,2.4,1.515358,2
21073,214.92185974121094,52.88557815551758,4.52,4.52,4.58,4.52,4.6,4.610986,2
21080,214.8813934326172,52.856964111328125,4.9,4.88,4.94,4.86,5.0,5.28,2
21082,214.76922607421875,52.77680206298828,2.5,2.44,2.6,2.4,2.66,2.52,2
21092,214.95445251464844,52.90876770019531,3.08,3.06,3.7,2.98,3.88,3.23,2
21101,214.91758728027344,52.88240051269531,0.36,0.24,0.38,0.18,0.4,1.3599,2
21108,214.9279327392578,52.889801025390625,3.84,3.82,3.88,3.8,3.92,3.84,2
21109,214.92762756347656,52.88957595825195,3.84,3.84,3.96,3.82,4.06,3.8345000743865967,2
21112,214.8271942138672,52.818214416503906,0.76,0.6,0.88,0.54,0.94,0.55,-1
21127,214.82351684570312,52.815242767333984,1.58,1.52,1.6,1.48,1.64,1.52317,2
21135,214.9617919921875,52.913150787353516,1.26,1.18,1.32,1.12,1.34,1.28,2
21138,214.8624267578125,52.8429069519043,2.34,2.26,2.34,2.12,2.34,2.27,2
21141,214.92666625976562,52.888771057128906,3.78,1.18,3.8,0.68,6.26,5.158,1
21155,214.7762908935547,52.780433654785156,0.82,0.78,1.06,0.74,1.1,1.09,-1
21156,214.7753143310547,52.78020477294922,1.26,1.2,1.3,1.14,1.36,1.3584,1
21160,214.82723999023438,52.817955017089844,3.42,3.42,3.44,3.4,3.46,3.436993,2
21161,214.78968811035156,52.79086685180664,1.08,1.06,1.12,1.04,1.16,1.11247,2
21167,214.89723205566406,52.867759704589844,5.16,5.14,5.18,5.1,5.2,5.177328,2
21180,214.82144165039062,52.813499450683594,0.76,0.72,0.78,0.7,0.8,0.75857,2
21187,214.83489990234375,52.82248306274414,0.34,0.34,0.38,0.32,0.4,0.34380000829696655,2
21197,214.8647918701172,52.84455490112305,1.04,0.82,1.08,0.72,1.16,0.72,-1
21198,214.95404052734375,52.907859802246094,4.56,4.54,4.58,4.48,4.6,4.578661,2
21202,214.88290405273438,52.857383728027344,3.28,3.18,3.28,3.08,3.3,5.035208,-1
21203,214.8762969970703,52.85234832763672,2.72,2.72,2.8,2.7,2.86,2.903578,2
21206,214.97801208496094,52.9247932434082,4.32,4.3,4.32,4.28,4.34,4.285948,2
21217,214.77188110351562,52.77819061279297,6.56,6.52,6.58,6.4,6.6,6.54,2
21222,214.78500366210938,52.78729248046875,1.54,1.4,1.56,1.36,1.6,1.5393270254135132,-1
21231,214.79820251464844,52.796875,2.24,1.34,2.36,0.98,2.6,1.33,-1
21243,214.78172302246094,52.784603118896484,0.96,0.78,1.0,0.72,1.04,4.089000225067139,0
21254,214.8260040283203,52.81657409667969,5.54,5.54,5.56,5.52,5.58,5.52,2
21265,214.76551818847656,52.77332305908203,3.66,3.64,3.7,3.64,3.72,3.631500005722046,2
21275,214.86781311035156,52.846229553222656,0.86,0.86,0.9,0.84,0.9,0.71,-1
21276,214.8844757080078,52.85801696777344,3.72,3.66,3.72,3.64,3.76,5.05,1
21279,214.8155059814453,52.808937072753906,2.72,2.7,2.78,2.68,2.8,2.699399948120117,2
21281,214.84298706054688,52.82817840576172,1.06,1.04,1.1,1.04,1.16,1.4,1
21282,214.90084838867188,52.86972427368164,5.04,4.94,5.06,4.92,5.08,5.0502,2
21285,214.7289581298828,52.747093200683594,0.8,0.7,0.88,0.62,0.94,0.76,-1
21286,214.8777618408203,52.853187561035156,3.12,3.08,3.14,3.06,3.18,3.077044,2
21287,214.87770080566406,52.85307693481445,0.8,0.72,1.04,0.7,1.14,3.079901,2
21292,214.96365356445312,52.91404342651367,1.68,1.68,1.82,1.66,1.94,1.37,-1
21295,214.8907012939453,52.86233901977539,1.04,1.0,1.06,0.9,1.1,1.155806,1
21298,214.8372344970703,52.82434844970703,0.54,0.54,0.56,0.54,0.56,0.5702999830245972,0
21301,214.79461669921875,52.793941497802734,1.46,1.42,1.5,1.38,1.54,1.53,2
21303,214.8880157470703,52.860504150390625,1.04,0.82,1.04,0.74,1.12,0.815049,1
21320,214.81814575195312,52.81053924560547,4.02,3.98,4.06,3.94,4.1,3.894271,-1
21323,214.9481658935547,52.90304946899414,1.28,1.28,1.32,1.26,1.34,1.278035,2
21345,214.94866943359375,52.90336990356445,2.0,1.56,2.0,1.44,2.0,0.985,-1
21346,214.72731018066406,52.74557113647461,2.94,2.84,2.94,2.78,2.94,2.89,2
21347,214.9139404296875,52.87872314453125,3.36,3.36,3.36,3.34,3.38,3.39,2
21356,214.9226837158203,52.88490295410156,2.18,2.1,2.22,2.08,2.3,4.890417,-1
21364,214.84127807617188,52.826820373535156,1.32,1.32,1.32,1.32,1.32,1.30366,2
21365,214.87225341796875,52.84904861450195,3.24,3.14,3.26,3.06,3.28,3.01,2
21380,214.80226135253906,52.799110412597656,1.58,1.5,2.34,1.38,2.48,1.622996,-1
21382,214.88864135742188,52.86056900024414,4.54,4.54,4.58,4.52,4.6,4.55,2
21388,214.88619995117188,52.857120513916016,1.02,0.98,1.04,0.96,1.06,1.06,2
21389,214.9513702392578,52.905052185058594,2.38,2.26,2.42,2.2,2.54,0.505,-1
21398,214.89614868164062,52.86574172973633,3.24,3.18,3.26,3.1,3.3,3.236619,2
21400,214.7840118408203,52.78564453125,0.54,0.54,0.58,0.5,0.6,0.5462,2
21409,214.8133087158203,52.8064079284668,0.28,0.26,0.3,0.24,0.34,0.2837,2
21412,214.92303466796875,52.88470458984375,1.8,1.76,1.88,1.72,1.96,1.75,2
21428,214.9095458984375,52.875030517578125,3.3,3.26,3.34,3.24,3.42,3.3369,1
21433,214.83799743652344,52.82353210449219,1.04,0.84,1.08,0.7,1.14,4.280837,2
21439,214.91065979003906,52.87588119506836,2.68,2.42,2.88,1.3,3.06,6.32,1
21440,214.74319458007812,52.7562141418457,0.48,0.46,0.52,0.44,0.52,0.488622,2
21449,214.79129028320312,52.79071044921875,0.76,0.74,0.8,0.7,0.82,0.7914,2
21453,214.79812622070312,52.79551315307617,1.14,1.12,1.18,1.08,1.2,1.169081,2
21454,214.8424835205078,52.82731628417969,3.64,3.54,3.7,3.48,3.72,3.654947,1
21467,214.92208862304688,52.883506774902344,1.42,1.4,1.46,1.36,1.5,1.16,2
21478,214.9293212890625,52.88884353637695,3.2,3.18,3.22,3.18,3.24,3.218130588531494,-1
21479,214.92955017089844,52.88893508911133,3.24,3.2,3.26,3.18,3.28,3.2177999019622803,2
21481,214.87197875976562,52.848167419433594,3.36,3.34,3.36,3.32,3.38,3.34,2
21484,214.88755798339844,52.85922622680664,0.98,0.92,1.0,0.84,1.04,1.23,-1
21488,214.77566528320312,52.7793083190918,1.6,1.4,1.58,1.36,1.6,1.60518,2
21497,214.96078491210938,52.91096878051758,1.32,1.28,1.32,1.26,1.34,1.28,2
21498,214.96188354492188,52.91071319580078,0.94,0.92,0.98,0.9,1.0,0.9768,2
21500,214.87255859375,52.84836196899414,1.1,1.08,1.2,1.04,1.26,1.255891,2
21504,214.82545471191406,52.814979553222656,1.16,1.18,2.26,1.12,3.42,0.5954999923706055,0
21514,214.9396209716797,52.896121978759766,3.04,3.04,3.04,3.02,3.06,3.2425,2
21522,214.834228515625,52.821136474609375,2.02,2.02,2.02,2.02,2.02,1.97,1
21530,214.90367126464844,52.87030792236328,0.66,0.64,0.7,0.6,0.72,0.67,2
21546,214.90090942382812,52.868408203125,4.7,4.66,4.76,4.6,4.78,4.709695,2
21547,214.79586791992188,52.79330825805664,1.4,1.38,1.44,1.36,1.54,1.35962,2
21549,214.73008728027344,52.74637222290039,1.04,1.02,1.06,1.0,1.08,1.0401,2
21568,214.79412841796875,52.792266845703125,3.12,3.08,3.18,3.04,3.26,3.102007,2
21569,214.89932250976562,52.8671875,6.0,5.98,6.02,5.96,6.02,6.016851,2
21571,214.7972869873047,52.794490814208984,1.12,1.08,1.18,1.04,1.22,0.28,-1
21580,214.97938537597656,52.923892974853516,6.12,6.12,6.2,6.1,6.24,6.148201,2
21585,214.84034729003906,52.824947357177734,2.34,2.22,2.5,2.14,2.62,2.3,2
21596,214.9070281982422,52.8723030090332,2.02,2.0,2.02,2.0,2.04,2.003992,2
21612,214.9467315673828,52.9005126953125,6.74,6.72,6.78,6.7,6.84,6.733141,2
21616,214.9661407470703,52.91429138183594,2.38,2.36,2.38,2.26,2.4,2.292315,2
21628,214.95616149902344,52.90706253051758,2.02,2.02,2.14,2.0,2.22,2.149773,2
21631,214.7158203125,52.73536682128906,1.58,1.54,1.6,1.48,1.6,1.5803,2
21637,214.72560119628906,52.74252700805664,1.3,1.26,1.34,1.22,1.38,1.324899,2
21640,214.8828125,52.854888916015625,2.34,2.34,2.34,2.32,2.36,2.35,2
21649,214.88880920410156,52.858585357666016,0.76,0.74,0.78,0.7,0.82,0.767903,-1
21656,214.87066650390625,52.846107482910156,3.62,3.48,3.66,3.42,3.72,3.435604,2
21664,214.91439819335938,52.875938415527344,0.74,0.7,0.76,0.68,0.78,0.7315,2
21665,214.9127197265625,52.8757209777832,2.84,2.78,2.88,2.72,2.94,2.95,2
21670,214.95030212402344,52.90277862548828,2.96,1.74,2.86,1.32,2.98,2.150866,-1
21673,214.8723907470703,52.847347259521484,4.82,4.8,4.84,4.76,4.86,4.7704,2
21675,214.92225646972656,52.882328033447266,1.36,1.36,1.38,1.3,1.4,1.35726,2
21676,214.92323303222656,52.882144927978516,1.0,0.98,1.02,0.96,1.02,1.0106,2
21680,214.9038543701172,52.869285583496094,2.24,2.16,2.28,2.1,2.34,2.261697,2
21681,214.9688262939453,52.91577911376953,1.18,1.12,1.3,1.06,1.4,3.291878,-1
21684,214.927978515625,52.886722564697266,1.3,1.24,1.34,1.18,1.4,1.28,2
21689,214.91148376464844,52.87506103515625,4.84,4.82,4.84,4.82,4.84,4.8130998611450195,0
21693,214.92950439453125,52.887916564941406,8.7,8.62,8.78,8.52,8.88,7.16,2
21699,214.9744110107422,52.919532775878906,3.88,3.88,3.88,3.86,3.9,3.84667,-1
21701,214.77244567871094,52.77599334716797,3.74,3.62,3.74,3.54,3.78,3.63,2
21705,214.9578094482422,52.907291412353516,0.76,0.74,0.8,0.7,0.82,0.7695,2
21707,214.9715118408203,52.91726303100586,0.88,0.86,0.92,0.82,0.94,0.9146,2
21714,214.8787078857422,52.85169219970703,2.66,2.66,2.66,2.66,2.66,2.683349,2
21721,214.8732452392578,52.84773254394531,2.86,2.74,2.88,2.7,2.9,2.87,2
21727,214.81393432617188,52.80496597290039,0.78,0.74,0.8,0.72,0.84,0.781086,2
21732,214.9701690673828,52.916446685791016,6.44,6.38,6.48,6.32,6.54,6.489182,2
21749,214.86325073242188,52.84053039550781,5.66,5.66,5.66,5.64,5.68,5.68,2
21768,214.8052215576172,52.79906463623047,4.82,4.82,4.84,4.8,4.84,4.826581,2
21769,214.82977294921875,52.81629180908203,1.1,1.08,1.14,1.04,1.18,1.14,2
21770,214.8682403564453,52.84391784667969,2.34,2.2,2.36,2.12,2.44,2.304969,1
21779,214.80157470703125,52.796417236328125,4.9,4.88,4.96,4.86,5.08,4.980299,-1
21780,214.95498657226562,52.90536117553711,1.08,1.08,1.16,1.06,1.2,1.10742,2
21781,214.90283203125,52.86850357055664,6.56,6.54,6.58,6.52,6.6,6.550507,2
21784,214.8916473388672,52.860538482666016,3.42,3.38,3.42,3.34,3.44,3.413025,2
21785,214.8312530517578,52.81748962402344,0.94,0.88,0.98,0.84,1.04,0.67,-1
21788,214.96365356445312,52.91149139404297,2.36,2.2,2.38,2.14,2.4,2.277771,2
21790,214.97596740722656,52.920291900634766,4.12,4.1,4.14,4.04,4.16,4.12,2
21793,214.8773193359375,52.850257873535156,0.4,0.36,0.44,0.32,0.5,0.295,1
21794,214.88108825683594,52.85296630859375,3.6,3.58,3.7,3.52,3.72,3.64,2
21798,214.91831970214844,52.87936782836914,5.64,5.62,5.68,5.62,5.68,5.660837,-1
21799,214.9275665283203,52.88594055175781,0.86,0.72,1.0,0.14,1.12,0.78,-1
21802,214.79837036132812,52.79364013671875,0.84,0.8,0.86,0.78,0.88,0.8205,2
21816,214.80091857910156,52.79548645019531,5.26,5.26,5.26,5.24,5.28,5.287706,2
21821,214.86412048339844,52.84074401855469,2.82,2.54,3.08,2.26,3.24,2.29,1
21822,214.89122009277344,52.85991668701172,2.46,2.38,2.52,2.26,2.6,2.47,2
21825,214.8419189453125,52.82490539550781,3.62,3.52,3.66,3.48,3.72,6.000953,-1
21828,214.8469696044922,52.82832336425781,3.0,2.1,3.02,2.02,3.08,3.43812,2
21831,214.79193115234375,52.78909683227539,3.0,2.98,3.08,2.96,3.16,3.103078603744507,-1
21835,214.98065185546875,52.923377990722656,3.46,3.38,3.68,3.1,3.78,2.3433,1
21839,214.7353057861328,52.74864196777344,2.68,2.68,2.82,2.68,2.88,2.755,2
21843,214.9661407470703,52.91303253173828,2.38,2.02,2.4,1.54,2.56,1.641038,-1
21845,214.79684448242188,52.792667388916016,4.36,4.24,4.38,4.12,4.44,6.412099838256836,0
21852,214.91015625,52.87334060668945,0.64,0.52,0.7,0.46,0.78,1.0396000146865845,0
21859,214.9785614013672,52.92154312133789,2.3,2.28,2.54,2.22,2.78,2.53,2
21880,214.8377227783203,52.82170104980469,3.4,3.4,3.42,3.38,3.42,3.41,2
21887,214.87123107910156,52.845069885253906,3.52,3.46,3.56,3.42,3.64,3.445,2
21888,214.89622497558594,52.8627815246582,0.28,0.26,0.3,0.26,0.32,0.2849,2
21892,214.9091339111328,52.87216567993164,0.42,0.4,0.44,0.36,0.46,0.46,-1
21899,214.83123779296875,52.81691360473633,0.84,0.76,0.9,0.7,1.0,2.054928,-1
21902,214.8466033935547,52.82786178588867,1.92,1.82,1.92,1.74,1.94,5.988,1
21903,214.87229919433594,52.84614562988281,5.1,5.1,5.2,5.06,5.24,5.095071,2
21907,214.98263549804688,52.924407958984375,2.22,2.1,2.3,1.4,2.46,2.131221,2
21910,214.7920684814453,52.788536071777344,0.54,0.54,0.58,0.52,0.6,0.5437,2
21911,214.76963806152344,52.7729377746582,5.52,5.5,5.52,5.5,5.54,5.44,2
21912,214.96218872070312,52.909915924072266,1.34,1.34,6.54,1.3,6.78,1.545,2
21913,214.9726104736328,52.91715621948242,0.62,0.6,0.66,0.56,0.7,3.502311,-1
21931,214.87924194335938,52.85096740722656,4.82,4.8,4.82,4.8,4.84,4.8172,2
21935,214.82785034179688,52.81437683105469,0.06,0.08,6.6,0.04,6.76,3.491137,-1
21936,214.84207153320312,52.82442855834961,3.26,3.16,3.26,3.1,3.28,3.23019,-1
21938,214.98260498046875,52.92410659790039,1.24,1.16,1.28,1.12,1.32,1.22443,2
21960,214.9750518798828,52.91876220703125,3.84,3.84,4.08,3.82,4.14,3.85,2
21968,214.81407165527344,52.80403518676758,1.04,1.04,1.08,1.02,1.1,1.04214,2
21972,214.90147399902344,52.866485595703125,0.42,0.4,0.44,0.28,0.5,0.4367,-1
21977,214.8718719482422,52.84537124633789,3.72,3.62,3.72,3.52,3.74,1.0885000228881836,0
21993,214.8269805908203,52.8127555847168,1.14,1.1,1.2,1.06,1.26,1.1707,2
22025,214.8689727783203,52.84275436401367,1.24,1.22,1.32,1.18,1.38,1.334162,1
22040,214.96336364746094,52.910037994384766,1.28,1.2,1.32,1.08,1.44,1.605946,-1
22042,214.94041442871094,52.893646240234375,0.52,0.46,0.58,0.22,0.76,2.136446,1
22063,214.82781982421875,52.81352233886719,3.42,3.42,3.52,3.4,3.54,3.42372,2
22065,214.8377227783203,52.820037841796875,3.52,3.48,3.54,3.46,3.58,3.45,2
22066,214.83694458007812,52.819541931152344,3.2,3.18,3.22,3.18,3.26,3.22,2
22070,214.79534912109375,52.79045486450195,6.52,6.46,6.54,6.38,6.54,6.53,2
22080,214.88253784179688,52.8525390625,4.22,4.06,4.24,3.92,4.3,4.284254,2
22084,214.884521484375,52.853904724121094,3.42,3.4,3.42,3.4,3.44,9.371395,-1
22086,214.74053955078125,52.75008773803711,0.54,0.52,0.6,0.5,0.64,0.55,-1
22093,214.88180541992188,52.851932525634766,2.34,2.32,2.36,2.18,2.36,2.349978,2
22095,214.84048461914062,52.82240295410156,1.54,1.5,1.58,1.46,1.6,1.52441,2
22096,214.95928955078125,52.90662384033203,0.3,0.28,0.32,0.26,0.34,0.284237,2
22103,214.7841033935547,52.781883239746094,1.36,1.34,1.38,1.32,1.4,1.3597,2
22104,214.8443145751953,52.825199127197266,1.48,1.42,1.66,1.34,2.42,1.403213,1
22107,214.8867950439453,52.85538101196289,5.3,5.0,5.32,4.98,5.32,4.955217,2
22109,214.72157287597656,52.73631286621094,0.26,0.24,0.26,0.22,0.26,0.2483,2
22110,214.72291564941406,52.73649597167969,1.44,1.42,1.46,1.4,1.48,1.456616,2
22118,214.93699645996094,52.890968322753906,0.92,0.88,0.96,0.82,1.02,1.116707,2
22119,214.86236572265625,52.83774948120117,2.94,2.92,2.94,2.88,2.96,4.49596,-1
22130,214.87994384765625,52.85040283203125,4.36,4.3,4.36,4.26,4.38,4.373673,2
22142,214.89280700683594,52.859336853027344,1.48,1.44,1.6,1.4,1.66,1.49,2
22149,214.9506378173828,52.90017318725586,0.9,0.88,0.94,0.86,0.96,0.9471,2
22164,214.92921447753906,52.88504409790039,3.84,3.82,3.86,3.82,3.88,3.864811,-1
22166,214.93418884277344,52.88859176635742,1.04,1.04,1.04,1.02,1.06,1.18,2
22167,214.93421936035156,52.888484954833984,1.94,1.88,1.96,1.76,1.98,1.847165,2
22170,214.8644561767578,52.83880615234375,1.72,1.68,1.76,1.66,1.84,1.73002,2
22177,214.92037963867188,52.87881851196289,3.98,3.88,4.0,3.86,4.04,3.87,2
22187,214.94500732421875,52.8961296081543,3.44,3.44,3.44,3.42,3.46,3.3837943077087402,-1
22189,214.86581420898438,52.83998107910156,2.22,2.2,2.24,2.18,2.24,2.19,2
22192,214.9381103515625,52.891258239746094,0.6,0.56,0.66,0.54,0.68,0.64,2
22194,214.7534942626953,52.75967025756836,1.9,1.86,1.92,1.76,1.94,1.91247,2
22208,214.81997680664062,52.806373596191406,1.02,1.0,1.04,0.96,1.06,0.764526,2
22212,214.96621704101562,52.911155700683594,6.86,6.82,6.92,6.78,6.98,6.9113,2
22225,214.77687072753906,52.77640914916992,2.94,2.76,2.94,0.5,3.1,2.94961,1
22229,214.94944763183594,52.89905548095703,2.88,2.86,2.9,2.84,2.92,2.895,2
22234,214.87759399414062,52.84812545776367,4.54,4.52,4.58,4.48,4.6,4.55,2
22238,214.78518676757812,52.78232955932617,0.94,0.76,0.98,0.64,1.04,0.6347000002861023,0
22243,214.72262573242188,52.73735809326172,1.6,1.58,1.6,1.56,1.6,1.58183,2
22247,214.972412109375,52.9152946472168,4.6,4.58,4.62,4.54,4.62,4.49,2
22253,214.96824645996094,52.9116325378418,0.8,0.76,0.82,0.72,0.84,0.7684,2
22254,214.96792602539062,52.9121208190918,0.8,0.78,0.82,0.74,0.82,0.792905,-1
22255,214.9679718017578,52.911922454833984,0.78,0.76,0.82,0.72,0.84,0.898081,-1
22267,214.81529235839844,52.80338668823242,2.18,2.12,2.22,2.1,2.32,2.135063409805298,-1
22274,214.9852294921875,52.924259185791016,4.62,4.6,4.62,4.56,4.62,4.603,2
22278,214.80181884765625,52.793792724609375,0.24,0.2,0.4,0.12,0.52,1.0331000089645386,0
22285,214.84571838378906,52.8251838684082,2.08,2.08,2.26,2.04,2.54,4.278299808502197,0
22286,214.9102325439453,52.87109375,1.04,0.94,1.1,0.84,1.18,1.615526,-1
22293,214.7499542236328,52.756004333496094,0.96,0.94,1.0,0.9,1.02,0.9809,2
22303,214.80648803710938,52.79698944091797,0.72,0.68,0.74,0.64,0.78,0.6815,2
22307,214.84457397460938,52.824302673339844,1.14,0.94,1.26,0.76,1.4,2.562700033187866,0
22309,214.91656494140625,52.87526321411133,1.56,1.54,1.6,1.52,1.6,1.541454792022705,-1
22312,214.86972045898438,52.84208297729492,2.42,2.16,2.42,1.56,2.46,5.620964,-1
22321,214.96839904785156,52.912132263183594,0.7,0.62,0.9,0.44,1.04,0.596729,-1
22329,214.8876495361328,52.85471725463867,3.72,3.64,3.72,3.62,3.74,3.63,2
22332,214.9757537841797,52.91731643676758,1.38,1.38,2.04,1.36,2.42,2.18,2
22340,214.89085388183594,52.8570671081543,4.86,4.8,4.98,4.64,5.16,4.803299903869629,2
22345,214.87367248535156,52.84450912475586,1.74,1.66,1.9,1.62,2.02,1.929103,2
22346,214.92010498046875,52.87773895263672,3.28,3.18,3.28,3.1,3.3,3.274947,2
22347,214.92080688476562,52.878318786621094,3.4,3.0,3.5,2.9,3.6,3.6279,2
22353,214.97714233398438,52.91815948486328,2.52,2.52,2.64,2.5,2.66,2.61,2
22356,214.9220733642578,52.87919998168945,0.16,0.16,0.98,0.16,1.02,0.402422,-1
22358,214.8355712890625,52.817665100097656,2.38,2.38,2.38,2.38,2.38,2.358311,2
22363,214.92457580566406,52.88090133666992,1.04,1.02,1.06,0.96,1.1,0.841025,-1
22376,214.93067932128906,52.88509750366211,3.2,3.12,3.26,3.04,3.3,1.86,-1
22377,214.930908203125,52.88507080078125,3.26,3.22,3.26,3.16,3.28,3.232068,2
22379,214.79537963867188,52.78884506225586,5.3,5.3,5.3,5.28,5.32,5.279169,2
22384,214.90106201171875,52.86394119262695,0.8,0.78,0.82,0.74,0.84,0.8085,2
22390,214.98048400878906,52.9204216003418,1.36,1.34,1.42,1.28,1.48,1.402411,-1
22392,214.8897247314453,52.85601043701172,4.36,4.36,4.36,4.34,4.36,4.35,2
22393,214.88973999023438,52.85591125488281,4.34,4.34,4.36,4.34,4.36,4.357538,2
22397,214.8832244873047,52.85131072998047,1.58,1.56,1.6,1.5,1.6,1.589878,2
22398,214.84170532226562,52.8217658996582,4.2,4.2,4.2,4.18,4.2,4.188125,2
22404,214.8816680908203,52.85016632080078,2.84,2.72,2.86,2.68,2.92,2.903925,2
22428,214.88845825195312,52.85486602783203,1.12,1.08,1.18,1.06,1.24,1.76,-1
22432,214.7969207763672,52.78969955444336,0.82,0.76,0.88,0.68,0.94,0.792728,2
22441,214.8984832763672,52.86171340942383,1.94,1.84,1.94,1.76,1.96,1.9220000505447388,2
22442,214.8984375,52.86161804199219,1.92,1.84,1.94,1.76,1.94,1.922,2
22451,214.83042907714844,52.81324768066406,1.22,1.18,1.28,1.14,1.34,1.22443,2
22461,214.78973388671875,52.78407669067383,1.6,1.52,1.6,1.48,1.64,1.53831,2
22463,214.94384765625,52.89400100708008,2.02,2.02,2.28,2.02,2.34,2.043784,2
22469,214.83993530273438,52.820064544677734,4.26,4.26,4.3,4.24,4.32,4.278,2
22471,214.9179229736328,52.87556076049805,4.78,4.78,4.8,4.76,4.8,1.0039000511169434,0
22473,214.9207763671875,52.876678466796875,0.72,0.68,0.74,0.66,0.76,0.7175,2
22475,214.78787231445312,52.78303527832031,0.34,0.36,0.82,0.32,1.2,0.753046,-1
22483,214.75454711914062,52.7584114074707,1.4,1.38,1.5,1.36,1.6,1.48596,2
22488,214.90243530273438,52.863677978515625,1.04,1.0,1.06,0.98,1.08,1.0606,2
22490,214.94589233398438,52.89414978027344,1.08,1.06,1.16,1.04,1.22,1.1859,2
22492,214.79486083984375,52.78789520263672,0.86,0.68,0.9,0.56,0.96,0.8,-1
22500,214.93423461914062,52.88707733154297,3.78,3.3,3.78,3.1,3.82,3.86,2
22501,214.81161499023438,52.799835205078125,6.06,6.06,6.08,6.04,6.1,6.10591,2
22507,214.8727569580078,52.84281921386719,0.78,0.74,0.8,0.7,0.84,0.7809,2
22508,214.87242126464844,52.842445373535156,2.4,2.38,2.46,2.3,2.52,2.3439,2
22510,214.8422393798828,52.821407318115234,1.26,1.26,1.3,1.22,1.34,1.26031,2
22514,214.92471313476562,52.880218505859375,3.28,3.2,3.32,3.12,3.38,3.2525,1
22528,214.91885375976562,52.875858306884766,1.04,0.96,1.04,0.92,1.08,5.780545,1
22537,214.96229553222656,52.90675735473633,0.94,0.86,1.04,0.78,1.08,0.83,-1
22539,214.80287170410156,52.79328536987305,3.54,3.5,3.58,3.46,3.68,1.6785000562667847,0
22540,214.8028564453125,52.793155670166016,3.72,3.56,3.72,3.5,3.74,3.505333,2
22543,214.87472534179688,52.8437385559082,1.96,1.88,1.96,1.8,1.98,1.9300073561846922,0
22547,214.91725158691406,52.87476348876953,4.92,4.92,4.94,4.9,4.98,4.951841,-1
22549,214.90753173828125,52.86788558959961,5.06,5.02,5.14,4.94,5.22,5.046366,2
22553,214.8894500732422,52.85500717163086,4.36,4.36,4.36,4.34,4.36,4.348913,1
22554,214.79510498046875,52.78774642944336,1.36,1.24,1.38,1.16,1.44,1.15,2
22561,214.9003143310547,52.86269760131836,0.02,0.0,0.34,0.0,1.86,1.92,1
22562,214.9468536376953,52.89527130126953,0.64,0.6,0.68,0.56,0.72,0.645,2
22567,214.9214630126953,52.87767028808594,3.4,3.16,3.46,2.98,3.6,6.812738,-1
22577,214.83287048339844,52.81428146362305,1.26,1.2,1.3,1.16,1.32,2.547676,-1
22578,214.88360595703125,52.85047149658203,0.74,0.7,0.76,0.66,0.8,0.736796,2
22582,214.80398559570312,52.79400634765625,5.06,5.02,5.18,4.94,5.22,4.99,2
22583,214.9626007080078,52.906768798828125,1.06,1.04,2.68,0.8,3.9,2.323874,1
22586,214.84458923339844,52.822757720947266,1.2,1.14,1.22,1.1,1.26,1.2,2
22588,214.91873168945312,52.875579833984375,3.2,3.18,3.24,3.16,3.28,3.25,2
22599,214.89248657226562,52.85688781738281,6.82,6.8,6.86,6.76,6.88,6.730304,2
22605,214.83892822265625,52.81879425048828,0.7,0.62,0.78,0.46,0.86,1.2181,-1
22606,214.84588623046875,52.82333755493164,1.54,1.5,1.6,1.48,1.64,1.504281,1
22617,214.94253540039062,52.89228820800781,0.68,0.64,0.72,0.6,0.78,0.85,-1
22641,214.96971130371094,52.911468505859375,5.22,5.16,5.24,5.08,5.28,5.109136,2
22643,214.73387145996094,52.74345397949219,2.2,2.14,2.24,2.1,2.3,2.23,1
22644,214.78797912597656,52.78226089477539,0.54,0.38,0.56,0.32,0.6,3.183257,1
22645,214.82937622070312,52.811729431152344,2.32,2.28,2.32,2.24,2.34,2.31,2
22652,214.83895874023438,52.81856155395508,4.88,4.86,4.92,4.84,5.02,0.3003999888896942,0
22655,214.95138549804688,52.898109436035156,1.76,1.74,1.84,1.74,1.9,1.815,2
22659,214.93402099609375,52.88603973388672,3.22,3.2,3.26,3.16,3.28,3.228712,2
22662,214.88803100585938,52.853271484375,4.84,4.82,4.86,4.8,4.86,4.830838,2
22664,214.79368591308594,52.78605270385742,3.52,3.5,3.54,3.46,3.58,3.474184,2
22666,214.97576904296875,52.9152717590332,3.32,3.3,3.32,3.3,3.34,9.766549,-1
22667,214.89724731445312,52.85985565185547,3.46,3.46,3.56,3.44,3.68,3.448792,2
22670,214.916748046875,52.8737907409668,5.08,5.04,5.16,4.94,5.22,5.235,2
22675,214.97415161132812,52.914283752441406,2.38,2.36,2.4,2.2,2.42,2.2061,2
22680,214.90699768066406,52.866432189941406,0.44,0.42,0.44,0.38,0.46,0.4376,2
22688,214.77613830566406,52.77350616455078,1.58,1.22,1.6,1.1,1.7,4.181639,-1
22689,214.91970825195312,52.87583541870117,0.7,0.5,0.84,0.46,1.2,6.195799827575684,0
22694,214.93392944335938,52.8856315612793,2.34,2.32,2.34,2.24,2.36,2.34022,2
22697,214.81480407714844,52.80057144165039,0.22,0.2,0.24,0.18,0.24,0.2081,2
22698,214.8155517578125,52.80000305175781,1.64,1.62,1.72,1.5,1.78,1.6719239950180054,-1
22700,214.82843017578125,52.81081771850586,6.76,1.24,6.76,1.14,6.78,6.829999923706055,0
22707,214.84889221191406,52.82537078857422,1.96,1.96,1.98,1.96,1.98,1.961352,2
22709,214.89942932128906,52.86030960083008,0.96,0.9,0.98,0.86,1.0,0.95131,2
22712,214.8681182861328,52.838863372802734,1.72,1.7,1.8,1.66,1.86,1.705,2
22724,214.85009765625,52.82609558105469,0.82,0.74,0.84,0.7,0.9,0.97,-1
22730,214.92796325683594,52.88148880004883,2.94,2.78,2.94,2.7,2.94,2.74,1
22736,214.80194091796875,52.79175567626953,3.52,3.48,3.58,3.44,3.68,3.508962,2
22743,214.80860900878906,52.79637145996094,1.76,1.74,1.86,1.7,1.94,1.83063,2
22749,214.92555236816406,52.879573822021484,3.84,3.84,3.86,3.82,3.88,3.8385000228881836,0
22759,214.93365478515625,52.88535690307617,1.16,1.16,1.68,1.1,1.96,1.63,-1
22773,214.96389770507812,52.90666198730469,1.06,1.04,1.22,0.92,1.74,5.15,1
22777,214.86473083496094,52.836204528808594,2.22,2.2,2.3,2.18,2.32,2.207058,2
22780,214.79420471191406,52.78590774536133,3.68,3.62,3.7,3.5,3.72,3.703802,-1
22782,214.78802490234375,52.78154373168945,5.68,5.68,5.68,5.66,5.68,5.685768,2
22793,214.94696044921875,52.89450454711914,0.92,0.8,0.98,0.74,1.04,0.81,-1
22795,214.85086059570312,52.825862884521484,1.54,1.5,1.58,1.44,1.6,1.5288,2
22799,214.93603515625,52.88679885864258,5.98,5.96,5.98,5.94,6.0,5.999765,2
22802,214.9610595703125,52.90441131591797,1.56,1.54,1.58,1.52,1.6,1.56162,2
22803,214.74464416503906,52.75031661987305,5.3,5.16,5.3,5.1,5.32,5.21,2
22804,214.9012451171875,52.86193084716797,1.46,1.44,1.46,1.42,1.48,1.46946,2
22806,214.88882446289062,52.85312271118164,4.82,4.8,4.84,4.72,4.86,4.823019,2
22812,214.935546875,52.886390686035156,2.68,2.36,2.82,1.9,2.96,1.11,-1
22816,214.92147827148438,52.8757438659668,1.04,0.98,1.04,0.96,1.06,6.014745,-1
22817,214.750732421875,52.754207611083984,0.22,0.2,0.24,0.14,0.26,0.2343,2
22824,214.91014099121094,52.867645263671875,0.94,0.9,0.96,0.86,1.0,0.95,-1
22825,214.94020080566406,52.889625549316406,1.42,1.42,1.44,1.36,1.46,1.442536,2
22830,214.94956970214844,52.89621353149414,2.02,1.76,2.06,1.7,2.16,2.005,2
22831,214.98155212402344,52.9188232421875,3.84,3.84,3.88,3.82,3.94,3.85,2
22832,214.7749786376953,52.7718505859375,1.28,1.16,1.3,1.02,1.32,3.43,2
22841,214.8380126953125,52.81663513183594,1.46,1.42,1.48,1.4,1.5,1.4655,2
22846,214.95693969726562,52.901344299316406,1.04,1.02,1.14,0.96,2.48,1.203,0
22861,214.83468627929688,52.814292907714844,3.94,3.92,4.12,3.88,4.18,3.89,2
22881,214.90859985351562,52.866485595703125,1.06,1.06,1.12,1.04,1.14,1.0637,2
22883,214.92190551757812,52.87620162963867,5.66,5.66,5.66,5.64,5.66,5.64,2
22884,214.72801208496094,52.73762893676758,1.06,1.04,1.12,1.02,1.16,1.08444,2
22897,214.82672119140625,52.808414459228516,1.54,1.44,1.56,1.38,1.6,1.7542999982833862,0
22905,214.79458618164062,52.78401184082031,0.84,0.8,0.86,0.76,0.88,0.8203,2
22907,214.86854553222656,52.83805847167969,0.54,0.52,0.54,0.46,0.54,0.50899,2
22910,214.91598510742188,52.870967864990234,0.44,0.44,0.48,0.42,0.5,0.4625,2
22919,214.8460235595703,52.822025299072266,1.74,1.74,1.88,1.7,1.94,1.7985,2
22920,214.87245178222656,52.84084701538086,0.34,0.32,0.4,0.3,0.52,0.36,-1
22921,214.8778533935547,52.84470748901367,3.98,3.92,4.06,3.86,4.14,3.8559999465942383,0
22926,214.73880004882812,52.745479583740234,4.18,3.94,4.16,3.9,4.18,3.905,2
22939,214.93875122070312,52.88776779174805,0.44,0.42,0.48,0.4,0.52,0.45,-1
22941,214.9213409423828,52.87540054321289,4.78,4.68,4.78,4.6,4.82,4.731961,2
22959,214.80613708496094,52.79301452636719,1.5,1.42,1.54,1.32,1.6,3.838513,-1
22960,214.84054565429688,52.817935943603516,3.5,3.44,3.5,3.38,4.5,6.1118,1
22961,214.98861694335938,52.92293167114258,2.62,2.6,2.64,2.58,2.66,2.637,2
22968,214.86752319335938,52.83687973022461,1.84,1.76,1.9,1.7,1.94,1.917306,2
22969,214.86724853515625,52.83673858642578,6.04,6.02,6.04,6.0,6.04,6.07,2
22973,214.97747802734375,52.91463851928711,1.06,1.06,1.08,1.04,1.08,1.0588,2
22978,214.8732147216797,52.841060638427734,2.6,2.58,2.62,2.54,2.64,2.517804,2
22981,214.87258911132812,52.84062576293945,4.96,4.94,4.98,4.92,5.02,5.28831,2
22989,214.8876953125,52.85092544555664,0.74,0.72,0.76,0.7,0.8,0.7371,2
22990,214.88809204101562,52.850711822509766,0.88,0.86,0.92,0.84,0.96,0.79679,2
22992,214.93128967285156,52.88231658935547,2.68,2.3,2.72,0.42,2.98,2.2,2
22997,214.91818237304688,52.87285614013672,1.06,1.04,1.14,1.04,1.18,1.11,2
23002,214.98609924316406,52.92098617553711,3.84,3.82,3.88,3.82,3.92,3.85,2
23005,214.81781005859375,52.80110549926758,1.36,1.36,1.4,1.34,1.42,1.3549,2
23006,214.82923889160156,52.80841827392578,1.62,1.56,1.66,1.46,1.7,1.5300999879837036,2
23009,214.88409423828125,52.84872817993164,0.8,0.0,0.8,0.0,0.82,2.016091,2
23020,214.9270477294922,52.87915802001953,1.04,1.02,1.12,0.96,1.2,0.58,-1
23022,214.89561462402344,52.85649490356445,3.16,3.14,3.2,3.12,3.22,0.795,-1
23029,214.90687561035156,52.863704681396484,0.54,0.52,0.58,0.5,0.6,0.5478,2
23030,214.817138671875,52.80092239379883,4.84,4.84,4.86,4.82,4.86,4.853878,2
23031,214.8482666015625,52.823089599609375,6.1,6.08,6.12,6.04,6.14,6.111842,2
23045,214.79075622558594,52.78165817260742,5.7,5.7,5.7,5.68,5.7,5.691346,2
23053,214.87940979003906,52.845027923583984,3.44,3.42,3.46,3.42,3.48,3.435604,-1
23054,214.89474487304688,52.85600662231445,1.34,1.34,1.44,1.3,1.5,3.574199914932251,0
23063,214.8740234375,52.841182708740234,3.3,3.22,3.3,3.18,3.3,3.3,2
23065,214.75784301757812,52.757938385009766,0.84,0.82,0.86,0.78,0.88,0.84043,2
23066,214.758544921875,52.7575569152832,0.84,0.82,0.86,0.78,0.88,0.8457,2
23074,214.90328979492188,52.86200714111328,3.28,3.2,3.28,3.12,3.3,3.305572,2
23083,214.86802673339844,52.83686447143555,1.1,1.1,1.38,1.08,1.48,1.22,-1
23084,214.9636688232422,52.90477752685547,3.78,3.72,3.8,3.64,3.82,3.759511,2
23085,214.96932983398438,52.90871810913086,2.62,2.6,2.64,2.6,2.64,2.611675,2
23094,214.87655639648438,52.84291076660156,3.42,3.42,3.42,3.4,3.44,6.283953,-1
23100,214.88185119628906,52.84635543823242,3.44,3.44,3.48,3.42,3.56,3.44,2
23101,214.9091339111328,52.865779876708984,1.66,1.68,1.86,1.64,1.96,2.61,-1
23103,214.92234802246094,52.87541198730469,4.68,4.54,4.78,4.34,4.86,5.04,1
23129,214.8065185546875,52.792762756347656,7.1,7.02,7.12,6.98,7.18,6.980786,2
23133,214.93521118164062,52.883995056152344,1.36,1.36,1.4,1.36,1.42,1.3921,2
23136,214.87547302246094,52.84185028076172,3.36,3.34,3.44,3.3,3.54,6.546356,-1
23145,214.82408142089844,52.80494689941406,1.54,1.46,1.6,1.4,1.68,1.4839999675750732,2
23156,214.9768829345703,52.91353225708008,1.54,1.54,1.58,1.44,1.6,1.54085,2
23165,214.93209838867188,52.88191223144531,2.64,2.52,2.64,2.48,2.66,2.53,2
23168,214.8977508544922,52.85756301879883,2.96,2.96,3.06,2.72,3.5,2.658905,1
23174,214.87615966796875,52.84095764160156,2.68,2.1,2.68,1.96,2.76,2.892975,2
23189,214.789794921875,52.78055191040039,1.38,1.18,1.52,0.9,1.64,1.140258,-1
23234,214.90188598632812,52.859859466552734,2.0,2.0,2.02,1.88,2.06,2.019121,2
23236,214.93838500976562,52.8860969543457,2.44,2.22,2.64,1.02,2.84,1.09,-1
23237,214.94375610351562,52.8899040222168,1.04,0.82,1.16,0.68,1.28,1.07,-1
23241,214.93252563476562,52.88185501098633,2.5,2.5,2.6,2.48,2.64,2.54,2
23243,214.85108947753906,52.82402420043945,1.02,0.86,1.04,0.8,1.14,0.97,-1
23247,214.87196350097656,52.838680267333984,1.08,1.04,1.08,1.04,1.1,1.06,2
23248,214.89942932128906,52.858177185058594,1.72,1.7,1.78,1.68,1.84,1.741435,2
23254,214.9371337890625,52.88510513305664,1.92,1.82,1.92,1.74,1.94,1.965714,2
23263,214.78781127929688,52.778831481933594,3.4,3.4,3.42,3.36,3.44,3.42,2
23269,214.7560272216797,52.75592041015625,0.84,0.82,0.86,0.78,0.88,0.83859,2
23271,214.81198120117188,52.79558181762695,1.74,1.7,1.8,1.68,1.88,1.748129,2
23279,214.89877319335938,52.85757827758789,2.88,2.86,2.9,2.82,2.92,2.898238,2
23291,214.9005126953125,52.85895919799805,2.3,2.2,2.48,1.94,2.62,8.753199577331543,0
23304,214.73497009277344,52.74062728881836,1.88,1.78,1.92,1.72,1.96,1.82215,2
23319,214.82972717285156,52.80722427368164,0.34,0.34,0.36,0.32,0.4,0.3455,2
23320,214.8834228515625,52.846702575683594,3.28,3.18,3.28,3.12,3.28,2.346569,-1
23325,214.89083862304688,52.851932525634766,1.9,1.82,1.92,1.76,1.94,1.87,-1
23326,214.91983032226562,52.872459411621094,1.46,1.42,1.48,1.42,1.48,1.453437,2
23350,214.9913787841797,52.92314147949219,1.94,1.68,2.58,1.06,2.66,1.8,-1
23356,214.8682098388672,52.83549499511719,1.54,1.48,1.66,1.44,1.7,1.529,2
23360,214.868896484375,52.83620834350586,2.26,2.02,2.52,1.48,2.82,3.678843,-1
23369,214.79945373535156,52.786720275878906,3.26,3.2,3.28,3.14,3.34,3.455,2
23393,214.95156860351562,52.89460754394531,2.22,2.12,2.22,2.04,2.28,2.138749122619629,-1
23401,214.92672729492188,52.87710189819336,0.54,0.54,0.56,0.54,0.58,0.569844,2
23403,214.79617309570312,52.784210205078125,3.3,3.06,3.28,3.02,3.3,3.1,2
23417,214.78607177734375,52.77688980102539,2.94,2.84,3.06,2.74,3.2,1.748621,-1
23418,214.78614807128906,52.77680969238281,2.96,2.96,2.96,2.96,2.96,2.954884,2
23421,214.83905029296875,52.81451416015625,3.42,3.4,3.44,3.38,3.48,3.4365999698638916,2
23422,214.8746337890625,52.839996337890625,2.9,2.76,2.92,2.66,2.96,2.928821,2
23423,214.95118713378906,52.894264221191406,2.22,2.1,2.22,2.06,2.24,2.1384034156799316,-1
23444,214.85276794433594,52.824241638183594,0.82,0.76,0.84,0.74,1.02,0.729812,-1
23455,214.88754272460938,52.84890365600586,1.34,1.3,1.48,1.14,1.66,1.352767,-1
23471,214.8810272216797,52.844051361083984,2.12,2.08,2.28,1.9,2.38,2.31,2
23472,214.8813018798828,52.843772888183594,1.98,1.82,1.98,1.76,2.0,1.92,2
23476,214.89187622070312,52.85187530517578,2.9,2.86,2.9,2.84,2.9,4.629922,-1
23477,214.93406677246094,52.881771087646484,1.36,1.3,1.42,1.22,1.5,1.42,1
23483,214.93260192871094,52.880123138427734,1.1,1.08,1.14,1.06,1.16,1.09803,2
23485,214.88829040527344,52.84933090209961,1.32,1.3,1.44,1.16,1.62,1.398088,2
23490,214.806640625,52.79115676879883,5.0,4.92,5.04,4.9,5.06,4.977707,2
23494,214.79066467285156,52.77839660644531,0.3,0.28,0.32,0.26,0.34,0.2957,2
23495,214.79364013671875,52.78183364868164,3.22,2.96,3.48,2.52,3.84,6.042879,-1
23499,214.9298553466797,52.87876510620117,2.22,1.38,2.36,0.94,2.88,2.196744,2
23509,214.84266662597656,52.816593170166016,2.38,2.38,2.38,2.36,2.4,2.3707869052886963,-1
23518,214.94422912597656,52.888816833496094,2.0,1.76,2.0,1.68,2.06,2.025174,2
23521,214.8927764892578,52.85205078125,1.14,1.12,1.2,1.06,1.24,1.182,2
23522,214.85101318359375,52.82259750366211,1.2,1.2,1.2,1.18,1.2,1.203029,2
23539,214.90834045410156,52.863197326660156,3.52,3.46,3.54,3.44,3.56,3.47527,-1
23551,214.93162536621094,52.87977981567383,3.7,3.6,3.7,3.52,3.72,3.63,2
23562,214.9241485595703,52.87443161010742,0.84,0.72,0.94,0.64,1.06,0.95,0
23565,214.88182067871094,52.844337463378906,2.3,2.26,2.32,2.22,2.36,2.3,2
23566,214.89476013183594,52.853546142578125,1.06,1.06,1.32,1.04,1.48,1.512062,-1
23573,214.89573669433594,52.85415267944336,0.36,0.34,0.38,0.3,0.4,0.37,2
23574,214.98187255859375,52.91508102416992,1.14,1.06,1.18,1.04,1.22,1.4866,1
23576,214.83401489257812,52.8102912902832,6.7,6.62,6.74,6.38,6.8,6.624031,1
23578,214.9907989501953,52.92159652709961,2.68,1.72,2.78,1.02,2.92,5.607600212097168,0
23582,214.7462921142578,52.74748229980469,3.24,3.22,3.26,3.2,3.26,3.21335,-1
23585,214.74038696289062,52.74304962158203,0.44,0.44,0.5,0.44,0.52,0.4552,2
23587,214.8319854736328,52.808738708496094,0.92,0.86,0.96,0.74,1.0,0.965399980545044,1
23589,214.800048828125,52.78593826293945,3.44,3.42,3.52,3.38,3.58,3.4698,2
23598,214.882080078125,52.84435272216797,6.72,6.7,6.72,6.7,6.74,6.73,1
23602,214.82261657714844,52.801483154296875,0.82,0.78,0.84,0.76,0.86,0.8191,2
23603,214.87950134277344,52.842529296875,3.8,3.54,4.12,0.74,4.38,0.24,-1
23614,214.9022216796875,52.85790252685547,0.5,0.46,0.52,0.46,0.52,0.51,2
23620,214.8798828125,52.8426513671875,1.7,1.68,1.84,1.68,1.94,0.985,-1
23623,214.8707275390625,52.83617401123047,0.88,0.86,1.0,0.84,1.06,1.06,-1
23659,214.87405395507812,52.83832931518555,1.7,1.36,1.76,1.22,1.94,1.1535999774932861,0
23663,214.93807983398438,52.8837890625,1.36,1.22,1.48,1.16,1.92,0.82,-1
23665,214.87838745117188,52.841426849365234,3.42,3.42,3.42,3.42,3.42,3.438565,2
23666,214.9001007080078,52.85652160644531,0.72,0.7,0.76,0.66,0.78,0.74,2
23668,214.98678588867188,52.91830825805664,0.62,0.58,0.68,0.52,0.76,0.220839,-1
23669,214.82040405273438,52.80009078979492,2.12,1.78,2.24,1.26,2.34,0.49219998717308044,0
23690,214.95504760742188,52.89569091796875,0.68,0.68,3.78,0.66,4.4,3.67,2
23700,214.989013671875,52.91964340209961,6.68,6.68,6.7,6.68,6.7,6.678905,2
23702,214.83303833007812,52.80891799926758,3.26,3.14,3.28,3.0,3.3,5.739506,-1
23712,214.9381103515625,52.8835563659668,2.56,2.56,2.62,2.54,2.64,2.565422,2
23719,214.91844177246094,52.86918258666992,1.46,1.42,1.48,1.4,1.5,1.46946,2
23720,214.8788604736328,52.841434478759766,1.82,1.76,1.98,1.7,2.08,1.105,-1
23725,214.9477081298828,52.89031219482422,3.4,3.24,3.5,3.12,3.6,3.3,2
23730,214.8003387451172,52.78530502319336,0.54,0.54,0.54,0.54,0.56,0.546535,2
23737,214.85401916503906,52.82362365722656,2.4,2.38,2.4,2.36,2.42,1.59,1
23742,214.8804931640625,52.84242248535156,3.6,3.44,3.68,3.34,3.76,6.799719,-1
23745,214.7908172607422,52.7747688293457,1.0,0.96,1.02,0.92,1.04,1.03399,2
23747,214.99072265625,52.91994094848633,0.7,0.7,0.74,0.66,0.78,0.7478,2
23752,214.9746856689453,52.90918731689453,1.08,1.06,1.14,1.04,1.18,1.12,2
23760,214.87461853027344,52.83793640136719,1.36,1.36,1.4,1.36,1.4,1.3989,2
23761,214.87457275390625,52.837318420410156,1.46,1.44,1.52,1.4,1.62,1.4,2
23766,214.91464233398438,52.86663055419922,0.52,0.48,0.52,0.44,0.62,0.5268,-1
23770,214.91751098632812,52.86865234375,3.16,3.1,3.22,3.02,3.28,3.3254001140594482,0
23772,214.9912872314453,52.92071533203125,4.28,4.26,4.32,4.24,4.36,4.277315,-1
23774,214.853271484375,52.82295608520508,6.12,6.1,6.12,6.1,6.12,6.110152,2
23775,214.8533935546875,52.822933197021484,6.08,6.08,6.1,6.08,6.1,6.110599994659424,2
23779,214.7950439453125,52.781368255615234,3.52,3.48,3.66,3.42,3.72,3.71,2
23788,214.7924346923828,52.77947998046875,5.16,5.14,5.2,5.12,5.22,5.23,2
23789,214.87646484375,52.839412689208984,6.06,6.04,6.06,6.0,6.08,6.052258,2
23802,214.9732666015625,52.90764617919922,1.82,1.74,1.86,1.7,1.96,1.87,2
23807,214.78512573242188,52.77492141723633,0.96,0.94,0.98,0.9,1.0,1.0395,2
23810,214.96926879882812,52.905208587646484,0.4,0.24,0.6,0.08,2.96,0.793623,-1
23812,214.88253784179688,52.8436393737793,5.52,5.5,5.54,5.46,5.58,5.513400077819824,0
23819,214.7561492919922,52.75266647338867,1.06,1.04,1.08,1.02,1.18,0.8446,2
23826,214.7829132080078,52.775264739990234,0.04,0.04,0.5,0.0,1.38,1.4040000438690186,0
23827,214.880615234375,52.842105865478516,3.72,3.58,3.74,3.48,3.78,3.76,2
23830,214.8697052001953,52.834381103515625,2.68,2.66,2.76,1.7,2.84,2.905957,2
23831,214.73712158203125,52.73914337158203,0.44,0.44,0.46,0.4,0.48,0.452222,2
23832,214.7376251220703,52.73862075805664,0.28,0.28,0.3,0.26,0.32,0.2952,2
23833,214.73867797851562,52.73727798461914,0.28,0.28,0.3,0.28,0.3,0.2956,2
23834,214.74000549316406,52.73762512207031,0.64,0.6,0.68,0.54,0.74,0.665,-1
23841,214.96942138671875,52.905181884765625,5.84,5.82,5.86,5.78,5.86,3.770881,-1
23843,214.8695068359375,52.83409118652344,4.04,4.0,4.1,3.94,4.14,4.149504,2
23846,214.89414978027344,52.85161209106445,3.52,3.5,3.56,3.46,3.58,3.475,2
23847,214.89401245117188,52.85133743286133,1.38,1.36,1.4,1.34,1.44,1.359014,2
23853,214.79014587402344,52.775997161865234,0.9,0.88,0.92,0.86,0.94,0.981574,2
23855,214.96929931640625,52.90501403808594,5.82,5.8,5.82,5.76,5.84,5.798663,2
23867,214.89869689941406,52.85463333129883,1.2,1.14,1.22,1.08,1.24,1.20119,2
23868,214.89845275878906,52.854366302490234,1.36,1.36,1.4,1.34,1.42,1.35844,2
23878,214.96656799316406,52.903038024902344,1.22,1.14,1.72,0.68,2.04,2.669233,-1
23881,214.8852996826172,52.84534454345703,3.28,3.18,3.52,3.04,3.68,0.93,1
23885,214.84873962402344,52.81914138793945,1.76,1.74,1.84,1.72,1.92,1.787196,2
23890,214.9166259765625,52.866905212402344,0.36,0.36,0.4,0.36,0.42,0.3734,2
23893,214.79833984375,52.783294677734375,3.2,3.2,3.22,3.18,3.24,3.22242,-1
23900,214.95330810546875,52.902462005615234,0.6,0.6,4.86,0.56,5.02,5.265,2
23907,214.8731689453125,52.83633041381836,2.34,2.32,2.42,2.26,2.52,2.3545,2
23909,214.79974365234375,52.78425979614258,1.9,1.76,1.94,1.7,2.0,1.98,1
23917,214.80233764648438,52.78559494018555,0.82,0.8,0.84,0.78,0.86,0.8197,2
23923,214.88475036621094,52.84454345703125,3.64,3.64,3.7,3.62,3.72,3.62,2
23924,214.88458251953125,52.84434127807617,3.66,3.64,3.7,3.64,3.72,3.628935,2
23937,214.8335723876953,52.8079833984375,0.84,0.78,0.86,0.76,0.88,0.8352,2
23946,214.93960571289062,52.883548736572266,2.44,2.12,2.44,2.04,2.56,2.02,1
23947,214.91236877441406,52.86393737792969,0.72,0.68,0.74,0.66,0.76,0.708606,2
23948,214.95594787597656,52.89482879638672,0.96,0.92,1.0,0.88,1.02,1.00973,2
23953,214.80416870117188,52.787193298339844,0.56,0.52,0.6,0.48,0.66,0.71,-1
23954,214.82847595214844,52.80567932128906,1.18,1.12,1.2,1.1,1.22,1.1924,2
23956,214.8974151611328,52.85350799560547,0.72,0.64,0.76,0.56,0.82,0.625,-1
23960,214.89453125,52.8514289855957,0.36,0.32,0.5,0.24,0.7,5.264999866485596,0
23972,214.90150451660156,52.85640335083008,3.1,3.04,3.16,3.0,3.22,3.1045000553131104,0
23981,214.818115234375,52.79685974121094,2.84,2.8,2.94,2.76,2.94,2.87289,2
23985,214.91819763183594,52.86783981323242,0.54,0.52,0.56,0.5,0.6,0.547006,2
23988,214.92056274414062,52.86587142944336,0.98,0.96,1.0,0.94,1.02,1.0125,2
23991,214.93894958496094,52.88273239135742,2.68,2.68,2.76,2.64,2.82,2.4148,2
24020,214.93508911132812,52.87979507446289,1.04,1.02,1.06,1.02,1.1,1.0953,2
24025,214.93272399902344,52.87827682495117,2.62,2.56,2.64,2.52,2.64,2.648556,2
24034,214.9417266845703,52.88456344604492,3.08,3.04,3.18,2.96,3.24,3.221338,2
24038,214.85293579101562,52.82159423828125,1.44,1.42,1.48,1.42,1.66,0.36480000615119934,0
24043,214.8523406982422,52.82105255126953,4.34,4.26,4.34,4.24,4.36,4.278344,2
24047,214.9896240234375,52.91837692260742,1.24,1.16,1.24,1.1,1.32,1.2312,2
24066,214.91111755371094,52.860713958740234,2.18,2.14,2.24,2.1,2.32,2.19,1
24069,214.908935546875,52.859710693359375,0.7,0.68,0.74,0.66,0.76,0.7301,2
24075,214.9722137451172,52.90589904785156,1.36,1.36,1.38,1.34,1.4,1.39049,2
24078,214.95196533203125,52.89148712158203,0.78,0.74,0.8,0.7,0.84,0.8035000000000001,2
24085,214.8944549560547,52.85085678100586,2.3,2.28,2.3,2.26,2.3,2.292096,2
24092,214.9451141357422,52.88672637939453,3.96,3.96,4.04,3.88,4.08,3.878355,2
24095,214.93638610839844,52.88020324707031,0.72,0.7,0.76,0.68,0.78,0.7321,2
24097,214.938232421875,52.881954193115234,4.44,4.44,4.58,4.42,4.62,4.56146,2
24098,214.760009765625,52.754459381103516,0.86,0.84,0.88,0.8,0.92,0.843281,2
24105,214.849609375,52.81843566894531,1.78,1.76,1.88,1.74,1.96,1.78988,2
24108,214.8900604248047,52.847434997558594,2.32,2.22,2.32,2.16,2.34,2.313023,2
24115,214.79383850097656,52.77885818481445,3.08,3.08,3.12,3.06,3.14,3.083713,2
24122,214.7473602294922,52.74575424194336,3.16,3.16,3.18,3.14,3.2,3.161815881729126,-1
24123,214.74801635742188,52.745662689208984,2.16,2.12,2.22,2.08,2.3,2.2108,2
24124,214.87388610839844,52.835540771484375,0.48,0.44,0.5,0.42,0.52,0.462,2
24130,214.88629150390625,52.844879150390625,2.28,2.22,2.36,2.16,2.48,2.22,2
24134,214.95364379882812,52.89254379272461,1.06,1.04,1.06,1.04,1.06,1.415,2
24135,214.95399475097656,52.89235305786133,1.36,1.32,1.38,1.28,1.4,1.395,2
24150,214.8871307373047,52.845375061035156,2.84,2.82,2.86,2.74,2.92,2.8534,2
24161,214.92054748535156,52.868534088134766,1.86,1.78,1.94,1.72,1.98,1.87,2
24164,214.8999481201172,52.854434967041016,2.02,1.88,2.72,1.16,3.12,1.93,-1
24166,214.82138061523438,52.79779815673828,1.6,1.5,1.6,1.44,1.64,1.593085527420044,-1
24173,214.89816284179688,52.853126525878906,1.16,1.04,1.24,0.86,1.34,0.4,-1
24175,214.94410705566406,52.88560104370117,2.02,2.02,2.02,2.0,2.36,2.01018,2
24180,214.85104370117188,52.819541931152344,1.88,1.8,1.92,1.74,1.98,1.809229,2
24191,214.85220336914062,52.820335388183594,1.82,1.74,1.92,1.68,2.02,1.813688,2
24196,214.9888458251953,52.917205810546875,1.92,1.76,1.92,1.72,1.94,1.9026,2
24199,214.9844207763672,52.914154052734375,2.64,2.62,2.64,2.58,2.66,2.661347,2
24204,214.87075805664062,52.83314514160156,1.9,1.8,1.96,1.74,2.08,2.295,2
24215,214.90753173828125,52.85954666137695,3.42,3.36,3.46,3.22,3.52,3.458746,2
24219,214.87808227539062,52.83769226074219,1.34,1.26,1.34,1.26,1.38,1.353477,2
24220,214.8774871826172,52.83798599243164,1.34,1.34,1.34,1.34,1.36,1.3469,2
24226,214.95591735839844,52.89382553100586,3.9,3.88,3.96,3.86,4.02,3.846272,2
24231,214.72866821289062,52.73169708251953,1.42,1.4,1.46,1.36,1.48,1.45592,2
24239,214.88748168945312,52.84521484375,5.82,5.76,5.96,5.68,6.14,4.289700031280518,0
24243,214.8401641845703,52.81084442138672,0.72,0.7,0.76,0.68,0.78,0.7382000088691711,2
24244,214.8414306640625,52.810909271240234,1.38,1.36,1.4,1.34,1.44,1.3591,2
24251,214.88327026367188,52.8420295715332,3.88,3.88,3.88,3.88,3.9,3.861342,2
24256,214.89791870117188,52.8523063659668,1.4,1.38,1.48,1.34,1.54,1.427179,2
24257,214.89878845214844,52.85248565673828,2.08,2.08,2.26,2.06,2.32,2.3,2
24265,214.84835815429688,52.817115783691406,3.18,3.14,3.22,3.08,3.26,3.51,1
24280,214.8806610107422,52.84177780151367,2.34,2.28,2.34,2.2,2.36,2.3,1
24284,214.81373596191406,52.79188537597656,1.46,1.42,1.48,1.38,1.5,1.4643,2
24291,214.97410583496094,52.905948638916016,2.38,2.38,2.52,2.32,2.6,2.61,2
24292,214.7834014892578,52.77067947387695,1.12,1.12,1.28,1.08,1.36,1.19350004196167,0
24294,214.93472290039062,52.878456115722656,2.34,2.2,2.36,2.12,2.4,1.02,-1
24297,214.9610595703125,52.89712142944336,7.76,7.66,7.76,7.62,7.78,7.720689,2
24299,214.87843322753906,52.838462829589844,6.98,6.96,7.0,6.94,7.06,6.96,2
24308,214.96234130859375,52.897552490234375,2.42,2.4,2.44,2.36,2.46,2.416106700897217,-1
24314,214.9412384033203,52.882972717285156,3.12,3.08,3.36,2.96,3.5,3.45,2
24330,214.93472290039062,52.87832260131836,2.32,1.94,2.48,1.74,2.6,0.5,-1
24336,214.87538146972656,52.83611297607422,4.78,4.66,4.96,4.5,5.12,4.77,1
24343,214.87945556640625,52.838836669921875,3.44,3.42,3.54,3.38,3.6,3.43738,-1
24350,214.99459838867188,52.9205322265625,2.0,1.78,2.0,1.68,2.02,2.021434,2
24352,214.90643310546875,52.857208251953125,2.02,2.02,2.16,1.98,2.22,1.729253,1
24353,214.94125366210938,52.88273620605469,0.98,0.96,1.12,0.88,4.56,1.04,2
24355,214.8839874267578,52.842063903808594,1.92,1.8,1.92,1.74,2.0,1.930136,2
24363,214.84849548339844,52.81674575805664,2.0,1.22,2.02,1.1,2.16,0.820749,-1
24366,214.87176513671875,52.833168029785156,6.54,6.5,6.56,6.46,6.58,6.255,2
24375,214.8419952392578,52.81139373779297,1.36,1.36,1.4,1.3,1.42,1.3563,2
24376,214.9386749267578,52.88068389892578,5.92,5.9,5.92,5.9,5.94,5.93,2
24381,214.9539337158203,52.89152145385742,2.2,2.1,2.22,2.06,2.28,2.141218,2
24392,214.85406494140625,52.82032012939453,0.26,0.24,0.26,0.22,0.28,3.425038,-1
24398,214.91738891601562,52.865596771240234,0.5,0.4,0.64,0.34,0.7,3.8,1
24399,214.78179931640625,52.76884841918945,0.96,0.88,0.96,0.84,0.98,0.96207,2
24402,214.934814453125,52.877777099609375,1.14,1.06,1.14,1.04,1.18,1.18584,2
24404,214.80067443847656,52.78249740600586,4.22,4.22,4.28,4.2,4.32,4.3,2
24419,214.89598083496094,52.85017776489258,0.7,0.66,0.72,0.62,0.76,0.71,2
24422,214.8916015625,52.84709548950195,2.02,2.0,2.02,1.9,2.06,0.835,-1
24423,214.7970733642578,52.779449462890625,2.16,2.1,2.26,2.08,2.32,2.3009,2
24424,214.88973999023438,52.8458251953125,1.28,1.28,3.16,0.94,3.36,0.799976,-1
24428,214.85008239746094,52.81749725341797,6.3,6.28,6.42,6.24,6.52,6.27,2
24434,214.89398193359375,52.8486213684082,2.06,2.04,2.06,2.04,2.06,2.062733,2
24441,214.93276977539062,52.87610626220703,3.7,3.66,3.72,3.64,3.72,3.64,2
24444,214.95327758789062,52.89036560058594,1.38,1.36,1.4,1.34,1.4,1.4,2
24448,214.82472229003906,52.79941940307617,0.0,0.0,0.0,0.0,0.02,1.342900037765503,0
24460,214.8097686767578,52.78860855102539,3.18,3.18,3.24,3.16,3.26,3.22,2
24461,214.83203125,52.80396270751953,1.54,1.52,1.58,1.48,1.6,1.5379,2
24470,214.94371032714844,52.88386917114258,1.14,1.0,1.32,0.86,1.44,0.4,-1
24473,214.8516845703125,52.81842803955078,1.84,1.76,1.9,1.72,1.94,1.814682,-1
24477,214.9041290283203,52.855743408203125,1.72,1.46,2.74,1.08,2.92,2.01,2
24478,214.87277221679688,52.8331184387207,1.18,1.08,1.2,1.06,1.22,1.1908,2
24483,214.9102783203125,52.860076904296875,8.74,8.68,8.94,8.6,9.0,7.271599769592285,0
24505,214.93246459960938,52.87575149536133,5.0,4.92,5.26,4.8,5.42,5.27,2
24506,214.95228576660156,52.889671325683594,0.82,0.72,0.86,0.7,1.08,1.09,2
24513,214.80494689941406,52.78493881225586,6.08,6.06,6.08,6.06,6.08,6.106,2
24517,214.84933471679688,52.81528091430664,0.8,0.76,0.82,0.74,0.84,0.812871,-1
24518,214.84860229492188,52.81493377685547,0.72,0.7,0.74,0.68,0.76,0.7379,2
24522,214.76361083984375,52.7551155090332,0.78,0.74,0.8,0.7,0.82,0.7723,2
24523,214.7633514404297,52.754661560058594,1.6,1.6,1.6,1.58,1.6,0.772665,2
24536,214.8498992919922,52.81685256958008,0.6,0.58,0.68,0.54,0.76,0.895866,-1
24538,214.88299560546875,52.840415954589844,7.78,7.78,7.8,7.78,7.8,7.815,2
24541,214.9312286376953,52.87465286254883,3.62,3.52,3.68,3.46,3.72,3.497779,2
24555,214.89671325683594,52.849796295166016,2.32,2.12,2.32,2.06,2.34,2.3,2
24561,214.8895263671875,52.84492874145508,1.58,1.58,1.6,1.56,1.6,1.566523,2
24569,214.92160034179688,52.86771774291992,5.78,5.76,5.78,5.76,5.8,5.74,2
24573,214.9332275390625,52.87590026855469,5.28,4.96,5.28,4.76,5.34,5.28,2
24574,214.87850952148438,52.83706283569336,2.22,2.16,2.4,2.04,2.52,2.24,1
24577,214.87594604492188,52.83460998535156,0.76,0.72,0.78,0.7,0.82,0.7806,2
24583,214.98980712890625,52.91598129272461,1.62,1.54,1.62,1.32,1.64,5.645299911499023,2
24584,214.98995971679688,52.91600036621094,5.64,5.6,5.66,5.56,5.68,5.642422,2
24623,214.89398193359375,52.84743118286133,0.5,0.44,0.52,0.42,0.56,0.467116,-1
24626,214.99098205566406,52.916526794433594,5.66,5.6,5.66,5.56,5.68,5.681532,2
24628,214.9414825439453,52.8813591003418,3.38,3.24,3.44,3.14,3.56,0.25,-1
24639,214.8297576904297,52.80158996582031,1.94,1.88,1.98,1.82,2.0,1.89649,2
24642,214.9385986328125,52.87902069091797,2.44,2.16,2.44,2.08,2.46,1.80387,2
24647,214.9718475341797,52.9022331237793,2.38,2.36,2.48,2.22,2.6,2.6402804851531982,-1
24662,214.7324676513672,52.7315673828125,0.26,0.24,0.28,0.22,0.3,0.2841,2
24663,214.73500061035156,52.731754302978516,0.28,0.28,0.3,0.28,0.3,0.2909,2
24673,214.88037109375,52.837615966796875,1.36,1.34,1.38,1.28,1.4,1.359526,2
24675,214.90135192871094,52.85232162475586,0.66,0.64,0.7,0.6,0.72,0.68,-1
24680,214.90553283691406,52.8554573059082,0.68,0.64,0.7,0.6,0.74,0.665,-1
24688,214.79298400878906,52.77522659301758,1.36,1.36,1.38,1.36,1.4,1.355,2
24712,214.94166564941406,52.881141662597656,3.24,3.16,3.36,3.06,3.44,5.969033,-1
24713,214.9416046142578,52.880943298339844,3.32,3.32,3.36,3.3,3.38,3.339232,2
24725,214.9381866455078,52.87860870361328,5.78,5.76,5.8,5.74,5.82,4.566,1
24729,214.90371704101562,52.853946685791016,0.7,0.68,0.74,0.64,0.76,0.735,-1
24730,214.93655395507812,52.877464294433594,5.8,5.78,5.82,5.74,5.84,5.79,2
24733,214.78746032714844,52.7706413269043,1.32,1.26,1.36,1.22,1.4,1.295,1
24738,214.88406372070312,52.84010314941406,3.28,3.1,3.26,3.06,3.3,7.817801,-1
24751,214.94471740722656,52.88311767578125,0.42,0.4,0.5,0.36,0.56,0.46,-1
24755,214.83811950683594,52.80698776245117,0.74,0.7,0.76,0.66,0.8,0.735094,2
24760,214.98931884765625,52.914669036865234,3.44,3.42,3.46,3.42,3.46,3.423784,2
24761,214.76229858398438,52.75282287597656,2.46,2.46,2.48,2.44,2.5,2.4608,2
24763,214.87408447265625,52.83285903930664,6.06,6.04,6.06,6.04,6.08,6.07,2
24764,214.92462158203125,52.86885070800781,4.74,4.72,4.76,4.7,4.78,4.74,0
24767,214.77999877929688,52.765438079833984,1.5,1.42,1.52,1.38,1.54,1.444929838180542,-1
24768,214.78028869628906,52.765262603759766,0.3,0.3,0.3,0.3,0.3,1.4444,2
24772,214.9412078857422,52.88056945800781,2.38,2.38,2.94,2.16,3.14,0.84,-1
24774,214.85716247558594,52.82079315185547,4.32,4.26,4.34,4.24,4.36,4.287484,2
24788,214.9279022216797,52.871028900146484,4.82,4.82,4.82,4.82,4.84,4.81552,-1
24790,214.73033142089844,52.73005676269531,3.0,3.0,3.02,2.98,3.04,6.97533,-1
24793,214.7645721435547,52.75446701049805,0.04,0.0,0.06,0.0,0.08,0.873859,2
24797,214.91648864746094,52.86288833618164,3.14,3.08,3.3,3.0,3.46,7.830753,-1
24820,214.89190673828125,52.84519577026367,0.76,0.72,0.78,0.68,0.8,0.738,2
24821,214.9871063232422,52.91273880004883,4.6,4.54,4.6,4.52,4.62,4.557898,2
24828,214.84719848632812,52.81356430053711,2.14,1.96,2.26,1.78,2.44,3.890899896621704,0
24829,214.89743041992188,52.84918975830078,4.32,4.3,4.32,4.28,4.34,4.278019,2
24834,214.73638916015625,52.73097610473633,0.28,0.28,0.3,0.26,0.3,0.2909,2
24842,214.74269104003906,52.73834228515625,0.4,0.38,0.42,0.36,0.42,0.3836,2
24845,214.91598510742188,52.86194610595703,1.62,1.56,1.64,1.5,1.68,1.6117,2
24850,214.7820587158203,52.766807556152344,1.04,1.0,1.14,0.92,1.24,2.713099956512451,0
24852,214.8059539794922,52.7839469909668,2.06,2.04,2.06,2.04,2.06,2.067245,2
24862,214.99169921875,52.91596984863281,0.44,0.3,3.04,0.2,3.24,3.2321999073028564,2
24863,214.99166870117188,52.91585159301758,3.2,3.06,3.22,3.02,3.26,3.235206,2
24885,214.95640563964844,52.890872955322266,0.16,0.16,0.16,0.16,0.16,3.23004,2
24893,214.78195190429688,52.766117095947266,2.96,2.96,3.56,2.96,3.58,6.04418,-1
24903,214.89584350585938,52.84754943847656,3.32,3.3,3.38,3.22,3.42,3.39,2
24911,214.80271911621094,52.781410217285156,1.92,1.84,1.92,1.74,1.92,1.95545,2
24912,214.8132781982422,52.788944244384766,0.88,0.8,1.04,0.7,1.12,1.6928000450134277,0
24918,214.89830017089844,52.849021911621094,1.48,1.46,1.52,1.42,1.56,1.468618,2
24927,214.94468688964844,52.882225036621094,1.36,1.32,1.38,1.24,1.4,1.35373,2
24929,214.9603271484375,52.89340591430664,0.64,0.54,0.7,0.52,0.78,0.63,-1
24936,214.8941192626953,52.8464469909668,2.98,2.98,2.98,2.98,2.98,2.960200071334839,2
24940,214.87710571289062,52.83419418334961,0.2,0.14,0.22,0.1,0.24,0.20741,2
24942,214.87913513183594,52.83572006225586,2.4,2.32,2.4,2.22,2.42,9.867500305175781,0
24943,214.9863739013672,52.91185760498047,1.56,1.46,1.58,1.38,1.6,1.540121,-1
24950,214.95411682128906,52.88871765136719,0.92,0.9,1.02,0.86,1.04,1.01,2
24955,214.93565368652344,52.87560272216797,2.4,2.38,2.4,2.38,2.4,2.398653,2
24956,214.93569946289062,52.875511169433594,2.4,2.4,2.4,2.4,2.4,2.381571,2
24957,214.84645080566406,52.81241989135742,0.84,0.82,0.9,0.8,0.94,0.896056,-1
24961,214.9596710205078,52.892906188964844,2.34,2.32,2.34,2.22,2.34,2.34088,2
24969,214.80665588378906,52.78377914428711,2.34,2.2,2.34,2.16,2.34,2.2232000827789307,2
24984,214.84727478027344,52.81276321411133,0.74,0.7,0.76,0.68,0.78,0.734549,-1
24997,214.99606323242188,52.918453216552734,3.46,3.46,3.56,3.44,3.6,3.463061,2
25000,214.92982482910156,52.871578216552734,3.92,3.86,3.98,3.82,4.06,3.861728,2
25002,214.90005493164062,52.85024642944336,0.62,0.6,0.68,0.58,0.72,0.68,-1
25003,214.90023803710938,52.8502311706543,5.16,5.1,5.18,5.08,5.22,5.112193,2
25008,214.87962341308594,52.835784912109375,5.58,5.46,5.64,5.38,5.68,5.76,2
25009,214.9340057373047,52.87447738647461,1.92,1.82,1.92,1.76,1.94,1.912026,2
25015,214.97898864746094,52.90631103515625,1.36,1.22,1.38,1.16,1.4,1.340087,-1
25022,214.98947143554688,52.91362380981445,1.14,1.08,1.22,1.04,1.26,2.614300012588501,0
25023,214.98968505859375,52.91350173950195,2.46,2.42,2.54,2.28,2.64,0.560086,-1
25025,214.88583374023438,52.83972930908203,1.72,1.72,1.82,1.7,1.88,1.717,2
25027,214.79054260253906,52.77216339111328,1.16,1.14,1.32,1.08,1.38,4.248437,2
25028,214.80038452148438,52.778785705566406,0.76,0.7,0.78,0.66,0.8,0.737279,2
25037,214.85305786132812,52.81676483154297,2.44,2.32,2.52,2.22,2.62,0.9807000160217285,0
25039,214.90902709960938,52.8565559387207,4.52,4.46,4.56,4.42,4.58,4.549561,2
25044,214.88787841796875,52.841548919677734,3.3,3.18,3.4,3.02,3.58,0.32,-1
25046,214.8397216796875,52.807281494140625,1.36,1.36,1.36,1.36,1.36,1.36051,2
25049,214.8533477783203,52.81694030761719,3.12,3.06,3.2,3.02,3.28,2.21,1
25051,214.8762969970703,52.833255767822266,1.66,1.36,1.72,1.12,1.9,11.11299991607666,0
25057,214.8253173828125,52.79690170288086,4.88,4.84,5.0,4.76,5.1,4.89,1
25060,214.91233825683594,52.85885238647461,6.54,6.5,6.56,6.46,6.58,6.531268,2
25064,214.85745239257812,52.81959533691406,1.54,1.52,1.6,1.48,1.6,1.54467,2
25065,214.93223571777344,52.872833251953125,1.02,0.98,1.06,0.94,1.1,1.03,2
25070,214.96817016601562,52.898353576660156,2.5,2.46,2.64,2.38,2.66,6.612088,-1
25080,214.9454803466797,52.88208770751953,1.68,1.66,1.76,1.66,1.84,1.67781,2
25090,214.9017791748047,52.85121154785156,1.4,1.38,1.56,1.36,1.6,1.4469000101089478,2
25093,214.89788818359375,52.84840393066406,2.36,2.34,2.42,2.22,2.44,2.330866,1
25094,214.9195098876953,52.86379623413086,3.84,3.84,4.0,3.82,4.1,3.828200101852417,2
25098,214.76156616210938,52.750328063964844,1.38,1.36,1.4,1.36,1.4,1.3958237171173096,-1
25102,214.7841796875,52.7672004699707,2.32,2.3,2.34,2.26,2.34,2.74904,2
25110,214.827880859375,52.79857635498047,1.92,1.84,2.26,1.74,2.44,2.3073999881744385,0
25113,214.88282775878906,52.837310791015625,1.36,1.36,1.38,1.36,1.4,1.36553,2
25118,214.88937377929688,52.842220306396484,2.3,2.2,2.3,2.14,2.32,2.29,2
25123,214.93699645996094,52.875831604003906,1.84,1.78,1.9,1.72,1.94,1.800801,2
25124,214.94647216796875,52.882320404052734,1.14,1.12,1.2,1.08,1.22,1.1871,2
25134,214.90162658691406,52.850914001464844,1.7,1.6,1.8,1.3,1.94,1.28,-1
25148,214.995361328125,52.917327880859375,3.58,3.48,3.66,3.42,3.76,0.547182,-1
25157,214.9441680908203,52.881004333496094,6.22,6.2,6.22,6.16,6.22,6.15679,2
25170,214.84938049316406,52.81182098388672,5.7,2.44,5.8,2.42,5.84,3.8498,2
25171,214.80987548828125,52.785438537597656,1.4,1.3,1.62,1.16,2.38,0.385699987411499,0
25188,214.82742309570312,52.79789733886719,4.6,4.56,4.62,4.52,4.62,4.58,1
25189,214.85916137695312,52.82006072998047,0.46,0.46,0.5,0.44,0.52,0.479278,2
25192,214.845458984375,52.81043243408203,1.78,1.76,1.86,1.72,1.96,1.79128,2
25194,214.95968627929688,52.89182662963867,1.62,1.54,1.62,1.36,1.66,1.6,2
25211,214.93760681152344,52.87607955932617,1.54,1.52,1.58,1.4,1.6,1.526462,2
25212,214.82882690429688,52.798667907714844,4.42,4.4,4.48,4.4,4.56,4.38447,1
25219,214.88995361328125,52.842254638671875,3.78,3.56,3.78,0.54,3.78,0.667,1
25227,214.885009765625,52.838687896728516,4.38,4.34,4.38,4.28,4.42,4.36,2
25234,214.92767333984375,52.868988037109375,4.94,4.92,5.06,4.88,5.28,5.272200107574463,2
25239,214.8153076171875,52.788490295410156,0.64,0.6,0.64,0.58,0.66,0.63968,2
25247,214.99549865722656,52.91582107543945,0.44,0.44,0.5,0.42,0.52,0.454274,2
25262,214.88502502441406,52.8383674621582,1.2,1.16,1.22,1.12,1.22,1.19,2
25271,214.89785766601562,52.84736633300781,3.08,3.06,3.16,3.02,3.2,3.103102,2
25275,214.84439086914062,52.80956268310547,1.66,1.48,1.92,1.3,2.14,4.662504,-1
25277,214.9842529296875,52.90885925292969,6.1,6.1,6.12,6.08,6.18,6.16,2
25288,214.91867065429688,52.862327575683594,3.8,0.72,3.78,0.0,3.8,2.29,1
25291,214.82379150390625,52.794761657714844,0.64,0.6,0.74,0.54,0.78,4.723365,-1
25295,214.92031860351562,52.86326599121094,3.88,3.88,3.98,3.86,4.02,3.8631999492645264,2
25297,214.85870361328125,52.81957244873047,2.02,2.02,2.04,2.02,2.06,1.120008,-1
25304,214.90525817871094,52.85089874267578,0.64,0.64,0.68,0.6,0.7,0.6703,2
25306,214.75784301757812,52.74750518798828,4.02,4.0,4.06,3.98,4.1,4.03103,-1
25310,214.99168395996094,52.913719177246094,0.84,0.82,0.88,0.82,0.92,0.8821,2
25312,214.82644653320312,52.79636001586914,3.72,3.64,3.72,3.62,3.72,3.6,2
25314,214.8143310546875,52.78774642944336,1.64,1.62,1.66,1.54,1.7,1.6304999589920044,2
25315,214.82533264160156,52.79549789428711,0.56,0.54,0.58,0.52,0.62,0.547462,2
25316,214.8251953125,52.795005798339844,1.36,1.3,1.38,1.26,1.42,3.268179,-1
25332,214.8330078125,52.80116653442383,1.74,1.72,1.9,1.68,1.96,1.92,-1
25336,214.9186553955078,52.86149978637695,0.5,0.46,0.52,0.42,0.52,0.52,2
25338,214.94151306152344,52.87824249267578,1.14,1.08,1.22,1.04,1.32,1.17,2
25358,214.88287353515625,52.835994720458984,1.18,1.12,1.22,1.08,1.24,1.21666,2
25360,214.79852294921875,52.77643585205078,5.18,5.16,5.18,5.14,5.2,5.23769998550415,2
25362,214.82884216308594,52.79803466796875,1.28,1.26,1.32,1.26,1.34,5.5133,1
25376,214.9329376220703,52.87199020385742,1.58,1.4,1.6,1.36,1.6,0.94,-1
25378,214.91395568847656,52.85849380493164,5.08,5.08,5.18,5.06,5.2,5.08,1
25379,214.94985961914062,52.883514404296875,1.38,1.34,1.4,1.28,1.42,1.3597,2
25394,214.8794403076172,52.83390808105469,0.54,0.5,0.58,0.46,0.6,0.5539000034332275,0
25395,214.90037536621094,52.84879684448242,3.78,3.44,3.76,3.38,3.78,3.47,2
25400,214.79873657226562,52.77640914916992,5.18,5.14,5.2,5.1,5.22,5.238251,-1
25408,214.8562469482422,52.817264556884766,1.62,1.54,1.62,1.5,1.66,1.614758,2
25412,214.91444396972656,52.8587532043457,0.8,0.8,2.68,0.68,4.0,0.8,-1
25413,214.95489501953125,52.8873176574707,0.14,0.12,0.18,0.1,0.22,0.1558,2
25425,214.9261474609375,52.866943359375,0.52,0.48,0.68,0.44,0.74,0.68,-1
25439,214.91468811035156,52.85861587524414,1.8,1.74,1.94,1.66,2.04,6.887891,-1
25441,214.81761169433594,52.789615631103516,3.06,3.04,3.14,3.0,3.26,2.977905,2
25445,214.81874084472656,52.78998947143555,0.84,0.8,0.86,0.76,0.88,0.8305,2
25448,214.98692321777344,52.90988540649414,4.56,4.48,4.6,4.44,4.62,4.554006,2
25455,214.88653564453125,52.83826446533203,1.16,1.1,1.2,1.06,1.22,1.1898,2
25457,214.78688049316406,52.767051696777344,0.78,0.74,0.82,0.72,0.84,0.737487,2
25466,214.9441375732422,52.87941360473633,1.92,1.76,1.94,1.7,2.06,1.784684,2
25476,214.7450408935547,52.73731994628906,0.26,0.26,2.8,0.24,2.88,0.2479,2
25479,214.7390594482422,52.73325729370117,2.22,2.2,2.24,2.18,2.24,2.135,2
25482,214.91659545898438,52.85984420776367,0.7,0.64,0.76,0.44,0.82,0.75,-1
25484,214.98321533203125,52.90697479248047,3.56,3.46,3.58,2.94,3.64,3.313622,2
25485,214.91461181640625,52.858367919921875,3.5,3.46,3.62,3.42,3.7,6.83466,-1
25490,214.93853759765625,52.875091552734375,2.64,2.58,2.66,2.52,2.68,2.012681,2
25491,214.9386444091797,52.87529754638672,1.22,1.14,1.28,1.08,1.44,1.606185,2
25492,214.96031188964844,52.89070510864258,2.02,2.0,2.02,2.0,2.02,2.01,2
25496,214.83673095703125,52.802249908447266,0.76,0.74,0.8,0.7,0.82,0.7814,2
25497,214.92274475097656,52.86409378051758,2.58,2.0,2.6,1.04,2.66,2.555,1
25498,214.80157470703125,52.77778625488281,3.64,3.5,3.68,3.44,3.72,3.64,2
25499,214.81748962402344,52.789066314697266,3.34,3.34,3.36,3.32,3.36,3.3452000617980957,2
25506,214.93881225585938,52.87385559082031,1.0,0.98,1.02,0.96,1.02,0.01,1
25507,214.9384765625,52.873779296875,1.5,1.5,1.6,1.5,1.6,1.49927,2
25508,214.9380645751953,52.87428665161133,1.6,1.46,1.6,1.4,1.6,1.529313,2
25509,214.93829345703125,52.87423324584961,1.5,1.5,1.58,1.48,1.6,1.5291261672973633,-1
25510,214.99012756347656,52.911800384521484,0.5,0.46,0.54,0.42,0.56,0.37959998846054077,0
25513,214.94268798828125,52.87818908691406,1.2,1.18,2.18,1.12,2.32,1.54,-1
25519,214.87725830078125,52.83163833618164,2.3,2.22,2.32,2.18,2.34,2.277379,2
25533,214.8998260498047,52.84764862060547,6.06,6.06,6.08,6.04,6.08,3.8239998817443848,0
25534,214.8612518310547,52.82017135620117,3.24,3.22,3.26,3.2,3.26,3.28,2
25552,214.84616088867188,52.809364318847656,7.42,7.4,7.48,7.38,7.52,7.445576,2
25554,214.8243865966797,52.79372024536133,2.38,2.38,2.4,2.38,2.4,2.37955,2
25563,214.97850036621094,52.903316497802734,2.96,1.48,3.04,0.34,3.46,4.149333,-1
25569,214.83143615722656,52.798301696777344,4.86,4.86,4.88,4.86,4.88,4.88,2
25580,214.92138671875,52.86266326904297,1.84,1.84,1.92,1.82,1.92,1.73,2
25581,214.9608154296875,52.890594482421875,2.46,2.44,2.56,2.44,2.64,2.57,2
25584,214.80337524414062,52.77842330932617,2.84,2.74,2.84,2.7,2.9,2.87,2
25602,214.9025421142578,52.84918975830078,0.18,0.18,1.74,0.16,2.12,1.0149999856948853,0
25606,214.7431640625,52.734676361083984,0.28,0.28,0.3,0.26,0.32,0.295861,2
25611,214.92308044433594,52.863731384277344,1.48,1.42,1.56,1.38,1.62,1.532338,1
25615,214.86004638671875,52.81890106201172,4.36,4.26,4.38,4.22,4.44,4.266865,2
25627,214.9024658203125,52.84878158569336,1.44,1.42,1.48,1.4,1.5,1.4659,2
25632,214.94287109375,52.877750396728516,6.2,6.14,6.2,6.12,6.22,6.1551,2
25633,214.9833984375,52.90639877319336,2.4,2.4,2.42,2.4,2.42,2.41,2
25634,214.98355102539062,52.90608596801758,2.42,1.5,2.42,1.5,2.44,2.4048,2
25655,214.859619140625,52.81844711303711,3.72,3.7,3.78,3.64,3.8,0.67,1
25661,214.9135284423828,52.85676956176758,1.6,1.42,1.98,1.36,2.2,1.62,-1
25662,214.9136962890625,52.856834411621094,1.68,1.44,1.74,1.4,2.12,0.81,1
25665,214.82118225097656,52.79064178466797,0.56,0.54,0.58,0.52,0.6,0.547451,2
25673,214.89808654785156,52.84574508666992,4.78,4.76,4.78,4.74,4.78,4.79,2
25677,214.73158264160156,52.72685623168945,1.48,1.48,1.48,1.48,1.5,1.4145,2
25683,214.9888458251953,52.90998458862305,2.42,2.4,2.42,2.4,2.44,2.403079,2
25688,214.97940063476562,52.90316390991211,1.06,1.04,1.08,1.04,1.22,1.231222,2
25692,214.97377014160156,52.89902114868164,1.04,1.04,1.08,1.0,1.12,1.0766,2
25706,214.9369659423828,52.87314987182617,3.0,2.86,3.08,2.74,3.14,3.02,1
25707,214.93699645996094,52.8730583190918,2.78,2.46,2.96,1.94,3.16,3.01,2
25710,214.83303833007812,52.799251556396484,4.86,4.86,4.88,4.84,4.9,4.88,2
25716,214.85519409179688,52.81462860107422,1.84,1.78,1.86,1.74,1.9,1.7988,2
25719,214.97076416015625,52.897071838378906,4.26,4.24,4.32,4.22,4.36,4.279692,1
25734,214.8155975341797,52.7863655090332,1.68,1.66,1.8,1.64,1.98,1.015,2
25742,214.86056518554688,52.818626403808594,4.3,4.26,4.32,4.24,4.34,4.29,2
25747,214.88572692871094,52.8365592956543,2.96,2.92,3.38,2.62,3.58,1.300922,-1
25750,214.8989715576172,52.845916748046875,3.72,3.64,3.72,3.62,3.74,3.636043,2
25751,214.96095275878906,52.889930725097656,0.58,0.58,0.68,0.54,0.84,0.63,-1
25754,215.0012969970703,52.918338775634766,2.36,2.26,2.36,2.18,2.38,2.29010009765625,2
25769,214.81175231933594,52.78369903564453,2.6,2.58,2.64,2.54,2.66,2.6568000316619873,2
25772,214.9166259765625,52.85828399658203,4.18,4.14,4.2,3.98,4.2,4.21,2
25773,214.9228515625,52.86274337768555,2.62,2.5,2.64,2.44,2.66,2.58,2
25774,214.9766082763672,52.900726318359375,1.34,1.32,1.36,1.28,1.38,1.3549,2
25781,214.8809051513672,52.832916259765625,5.66,5.64,5.68,5.62,5.68,5.67,2
25782,214.8522186279297,52.8121452331543,0.74,0.72,0.76,0.68,0.78,0.73934,2
25784,214.89149475097656,52.84027862548828,0.78,0.76,0.82,0.72,0.86,0.83,-1
25793,214.85302734375,52.81306457519531,0.16,0.02,0.18,0.0,0.22,0.49160000681877136,0
25815,214.87948608398438,52.831748962402344,2.4,2.32,2.46,2.22,2.54,2.347249,2
25833,214.8784637451172,52.83082580566406,1.92,1.82,1.92,1.76,1.94,1.932093,2
25863,214.9407958984375,52.874752044677734,2.86,2.8,2.9,2.74,2.94,2.907726,2
25873,214.79629516601562,52.77185821533203,1.26,1.14,1.26,1.1,1.3,1.2138,2
25890,214.9439239501953,52.87710189819336,5.76,5.74,5.78,5.74,5.8,5.79,2
25891,214.80587768554688,52.77891159057617,2.32,2.2,2.34,2.12,2.36,2.2978999614715576,2
25894,214.8274383544922,52.79423522949219,0.5,0.46,0.58,0.42,0.7,0.47,-1
25903,214.86167907714844,52.81843566894531,3.78,3.76,3.78,3.76,3.78,3.775,2
25905,214.7659912109375,52.75014114379883,2.34,2.22,2.34,2.18,2.34,2.2126,2
25913,214.80235290527344,52.7760124206543,3.64,3.58,3.72,3.52,3.74,3.63,2
25918,214.8291778564453,52.79531478881836,0.74,0.54,0.76,0.44,0.82,3.310386,-1
25921,214.79933166503906,52.77400207519531,5.06,5.04,5.06,5.0,5.08,2.735,2
25930,214.932861328125,52.86902618408203,2.88,2.82,2.9,2.74,2.9,2.88,2
25933,214.90530395507812,52.84888458251953,1.34,1.32,1.64,1.32,1.7,1.021299958229065,0
25936,214.86228942871094,52.81885528564453,4.2,4.18,5.8,3.86,5.86,5.52,2
25942,214.94790649414062,52.879493713378906,0.56,0.54,0.58,0.52,0.62,0.548603,2
25944,214.7533721923828,52.74099349975586,5.52,5.46,5.52,5.42,5.54,5.44,2
25958,214.9175567626953,52.857940673828125,1.92,1.82,1.92,1.76,1.94,1.949644,2
25964,214.88555908203125,52.83504867553711,1.6,1.56,1.66,1.5,1.72,1.554,2
25972,214.9334716796875,52.86912155151367,1.04,0.98,1.16,0.9,1.28,0.57,-1
25973,214.8548583984375,52.8128662109375,2.04,2.02,2.06,1.96,2.1,2.02376,2
25983,214.8995361328125,52.84505844116211,2.36,2.24,2.4,2.18,2.42,0.5,-1
25985,214.93289184570312,52.868804931640625,1.72,1.68,1.92,1.56,2.02,1.45,-1
25989,214.90322875976562,52.8476676940918,2.32,2.26,2.32,2.24,2.32,2.286595,2
26004,214.817138671875,52.78598403930664,1.0,0.98,1.02,0.94,1.02,1.018419,2
26009,214.73756408691406,52.72914505004883,1.4,1.38,1.44,1.36,1.48,1.4152,2
26017,214.7678985595703,52.75079345703125,0.34,0.34,0.38,0.3,0.4,0.3545,2
26026,214.94439697265625,52.876800537109375,3.8,3.22,3.76,0.86,3.98,1.15,-1
26032,214.95144653320312,52.88167190551758,2.6,2.58,2.62,2.52,2.66,2.412,1
26033,215.00035095214844,52.916229248046875,0.82,0.72,0.82,0.7,0.82,0.7498,2
26041,214.94322204589844,52.87593460083008,5.82,5.76,5.82,5.74,5.84,5.79,2
26045,214.9441375732422,52.87651062011719,1.4,1.38,1.48,1.36,1.58,1.438637,2
26051,214.88186645507812,52.8321533203125,2.32,2.22,2.32,2.18,2.36,2.192199945449829,0
26053,214.7407684326172,52.73114013671875,0.92,0.88,0.96,0.86,1.0,0.9373,2
26057,214.89308166503906,52.84021759033203,2.02,1.66,2.2,1.26,2.5,1.001099944114685,0
26082,214.88961791992188,52.8376579284668,2.3,2.16,2.3,2.1,2.34,2.24,2
26088,215.0001220703125,52.91555404663086,0.74,0.72,0.76,0.68,0.8,0.73926,2
26090,214.83106994628906,52.7958869934082,2.96,2.96,2.96,2.96,2.96,3.8827,-1
26098,214.94155883789062,52.87421417236328,3.3,3.18,3.3,3.12,3.32,3.304622,2
26102,214.8516387939453,52.810546875,4.38,4.36,4.54,4.3,4.62,4.27,2
26105,214.9654541015625,52.89118576049805,1.32,1.32,1.34,1.22,1.34,2.411376,2
26110,214.97254943847656,52.896080017089844,0.7,0.68,0.74,0.64,0.78,2.18521,-1
26111,214.79531860351562,52.77030944824219,2.76,2.76,2.82,2.74,2.86,6.51424,-1
26130,214.818359375,52.786354064941406,2.32,2.2,2.32,2.12,2.34,2.130490779876709,-1
26142,214.98312377929688,52.9035530090332,2.66,2.58,2.66,2.46,2.66,2.63676,2
26146,214.9163055419922,52.85629653930664,1.68,1.68,1.88,1.38,2.02,1.028621,-1
26152,214.8223876953125,52.78945541381836,2.02,2.02,2.1,2.0,2.22,2.025,2
26159,214.96820068359375,52.89263916015625,0.54,0.54,0.56,0.52,0.6,0.5704,2
26160,214.9256134033203,52.863304138183594,1.02,0.76,1.02,0.7,1.08,0.985,-1
26169,214.85971069335938,52.8160285949707,6.56,6.42,6.6,6.28,6.62,6.5399,1
26178,214.919921875,52.8587532043457,2.94,2.92,3.08,2.82,3.2,3.24,2
26181,214.91087341308594,52.85214614868164,0.0,0.0,0.0,0.0,0.0,5.80252,-1
26186,214.97543334960938,52.89789962768555,0.92,0.88,0.94,0.86,0.98,3.753249,-1
26187,214.975830078125,52.89779281616211,5.88,5.88,5.88,5.86,5.88,5.945362,2
26195,214.8904266357422,52.837772369384766,3.56,3.04,3.6,2.9,3.78,3.13,1
26196,214.9462127685547,52.87725830078125,0.74,0.7,0.78,0.66,0.82,0.73,-1
26201,214.90548706054688,52.8472785949707,0.7,0.68,0.72,0.64,0.76,0.731179,2
26202,214.90597534179688,52.84722900390625,0.7,0.68,0.74,0.64,0.76,0.7315000295639038,2
26218,214.7960968017578,52.77019119262695,1.54,1.52,1.56,1.44,1.6,1.58313,2
26232,214.9456329345703,52.87583541870117,0.42,0.42,0.42,0.36,0.42,0.374297,2
26234,214.94607543945312,52.87617111206055,0.36,0.36,0.4,0.34,0.42,1.78,-1
26235,214.947021484375,52.876163482666016,2.0,2.0,2.02,2.0,2.04,2.006383,2
26239,214.9881134033203,52.905399322509766,0.84,0.82,0.84,0.82,0.86,4.67213,-1
26249,214.89346313476562,52.839473724365234,1.36,1.36,1.4,1.34,1.42,1.36562,2
26257,214.91586303710938,52.855430603027344,1.86,1.8,1.98,1.7,2.06,1.83,2
26278,214.88160705566406,52.83063888549805,2.34,2.24,2.36,2.16,2.4,2.337,2
26288,214.9678955078125,52.8922119140625,2.94,1.2,3.26,0.78,3.72,0.942338,-1
26292,214.94931030273438,52.87887191772461,2.02,2.02,2.06,1.98,2.14,2.01922,2
26301,214.93658447265625,52.86979675292969,1.6,1.5,1.9,1.42,2.06,1.39,2
26308,214.882080078125,52.831092834472656,0.18,0.18,0.5,0.18,0.5,0.4970000088214874,2
26310,214.80996704101562,52.77960205078125,1.12,1.1,1.18,1.06,1.22,1.121407,2
26313,214.91867065429688,52.85670852661133,1.14,1.1,1.18,1.08,1.2,1.1777,2
26314,214.93373107910156,52.867431640625,1.0,0.94,1.0,0.9,1.02,0.97585,2
26322,214.81069946289062,52.77970504760742,2.28,2.24,2.36,2.18,2.42,2.293797016143799,-1
26332,214.91461181640625,52.85344696044922,2.42,2.42,2.42,2.42,2.44,1.5388,2
26344,214.75039672851562,52.73689270019531,2.66,2.52,2.66,2.5,2.66,2.655,2
26346,214.8273468017578,52.792015075683594,1.92,1.88,1.92,1.82,1.94,1.91,2
26349,214.9827423095703,52.90226364135742,2.42,2.42,2.44,2.4,2.46,2.406,2
26350,214.83480834960938,52.79727554321289,3.74,3.66,3.76,3.58,3.78,3.764225,2
26354,214.8141632080078,52.7825813293457,4.34,4.32,4.36,4.28,4.38,4.35,2
26357,214.86512756347656,52.818416595458984,1.62,1.56,1.64,1.5,1.7,1.6096,2
26363,214.84303283691406,52.802913665771484,1.84,1.76,1.9,1.74,1.94,1.85337,2
26364,214.99940490722656,52.91390609741211,1.72,1.7,1.74,1.7,1.78,1.71,2
26373,214.90130615234375,52.84425354003906,2.32,2.22,2.32,2.16,2.34,2.3022,2
26374,214.90834045410156,52.849239349365234,1.48,1.42,1.5,1.38,1.54,1.4437,2
26397,214.973876953125,52.89581298828125,4.12,4.04,4.12,3.98,4.14,4.113559,2
26401,214.9351348876953,52.86798858642578,1.4,1.4,1.48,1.36,1.54,1.47191,2
26403,214.8931884765625,52.83863067626953,0.98,0.82,1.0,0.72,1.04,2.5,1
26411,214.8421173095703,52.801002502441406,0.26,0.24,0.26,0.22,0.28,0.2626,2
26416,214.88865661621094,52.83517074584961,3.44,3.42,3.46,3.42,3.5,3.4375,0
26417,214.8887939453125,52.83527374267578,3.44,3.42,3.44,3.42,3.44,3.437232,2
26420,214.8539581298828,52.81006622314453,0.84,0.8,0.86,0.78,0.88,0.8239,2
26421,214.88951110839844,52.83572006225586,0.82,0.78,0.84,0.74,0.86,0.816621,2
26423,214.904052734375,52.84575271606445,1.74,1.74,1.86,1.74,1.96,1.811024,2
26424,214.8828887939453,52.83121109008789,0.54,0.44,0.6,0.38,0.64,0.5,-1
26425,214.92608642578125,52.86189270019531,3.24,3.2,3.26,3.18,3.26,3.263927,2
26431,214.76515197753906,52.74697494506836,1.9,1.86,1.94,1.78,1.96,1.90955,2
26432,214.8167724609375,52.7838249206543,1.24,1.16,1.26,1.1,1.32,1.21887,2
26434,214.9417724609375,52.87296676635742,3.7,3.62,3.7,3.54,3.72,3.71,2
26436,214.83155822753906,52.79437255859375,2.32,2.3,2.32,2.26,2.34,2.3013,2
26444,214.9079132080078,52.8487663269043,0.7,0.68,0.74,0.64,0.8,0.733393,-1
26448,214.8964385986328,52.84053421020508,1.16,1.12,1.2,1.1,1.22,1.20119,2
26449,214.9521026611328,52.8795166015625,0.04,0.02,0.06,0.0,0.1,0.0452,2
26455,214.98651123046875,52.90433883666992,0.58,0.56,0.62,0.54,0.66,0.570435,2
26456,214.98614501953125,52.90420150756836,0.48,0.46,0.48,0.44,0.5,0.215556,-1
26471,214.9032745361328,52.84552764892578,3.2,3.16,3.24,3.08,3.26,7.466166,-1
26476,214.94166564941406,52.8728141784668,4.3,4.24,4.36,4.22,4.54,4.2705,2
26499,214.98577880859375,52.903289794921875,1.22,1.14,1.24,1.1,1.28,1.231057,2
26507,214.82334899902344,52.78841018676758,0.88,0.86,0.92,0.82,0.94,0.9021000266075134,1
26518,214.82298278808594,52.788177490234375,4.38,4.28,4.48,4.24,4.6,4.325001,2
26521,214.9093017578125,52.849388122558594,2.04,2.0,2.32,1.1,2.52,0.989817,-1
26527,214.9497528076172,52.87831115722656,3.88,3.86,3.98,3.84,4.1,4.021349,2
26534,214.86154174804688,52.81557083129883,4.38,4.36,4.56,4.3,4.62,5.870017,-1
26538,214.92770385742188,52.86241912841797,2.02,2.02,2.06,2.0,2.1,2.0152,2
26539,214.92498779296875,52.86042785644531,1.76,1.72,1.86,1.68,1.94,1.712585,2
26540,214.92437744140625,52.86014938354492,1.64,1.64,1.92,1.62,1.98,0.03,-1
26544,214.8199005126953,52.7857666015625,1.74,1.72,1.84,1.68,1.94,1.844499945640564,2
26545,214.8197479248047,52.785621643066406,1.82,1.76,1.88,1.72,1.94,1.8273999691009521,2
26553,214.74398803710938,52.7314567565918,3.78,3.62,3.78,3.5,3.8,3.79,1
26555,214.86215209960938,52.815773010253906,1.24,1.24,1.24,1.24,1.24,1.2316,2
26583,214.794677734375,52.76744842529297,3.06,3.04,3.12,3.0,3.16,3.1053,2
26593,214.97789001464844,52.89704132080078,0.44,0.44,0.44,0.44,0.46,0.454102,2
26595,214.82980346679688,52.79257583618164,0.68,0.62,0.74,0.56,0.8,0.7127000093460083,0
26599,214.9674835205078,52.890438079833984,1.24,1.12,1.34,1.04,1.42,1.213296,-1
26603,214.93739318847656,52.869083404541016,0.42,0.38,0.48,0.32,0.54,0.56,-1
26609,214.926513671875,52.86081314086914,0.98,0.92,1.0,0.88,1.02,0.970765,2
26610,214.92562866210938,52.86067199707031,6.02,5.86,6.04,5.84,6.08,6.03,2
26618,214.99586486816406,52.9104118347168,5.7,5.7,5.7,5.68,5.7,5.682647,2
26627,214.7436065673828,52.730621337890625,0.26,0.24,0.28,0.22,0.3,0.2955,2
26630,214.8995819091797,52.841556549072266,1.38,1.36,1.42,1.34,1.46,1.36,2
26631,214.90525817871094,52.846099853515625,0.68,0.66,0.74,0.6,0.82,0.729177,-1
26633,214.79840087890625,52.76992416381836,1.32,1.2,1.38,1.14,1.72,1.255,-1
26642,214.9181365966797,52.85490036010742,3.5,3.48,3.64,3.44,3.7,3.62,0
26643,214.9183807373047,52.854679107666016,3.64,3.56,3.66,3.54,3.7,3.60938,2
26649,214.9036865234375,52.844913482666016,5.8,5.78,5.8,5.76,5.82,5.803654,2
26654,214.75518798828125,52.73899841308594,4.84,4.84,4.86,4.82,4.86,3.0431,2
26655,214.7552947998047,52.738929748535156,3.04,3.02,3.06,3.02,3.22,3.04,2
26659,214.85630798339844,52.8106689453125,1.26,1.26,1.32,1.22,1.34,1.2559,2
26663,214.93862915039062,52.86965560913086,3.08,3.06,3.14,3.02,3.18,8.232264,-1
26673,214.76502990722656,52.74558639526367,1.2,1.14,1.24,1.1,1.28,1.198,2
26689,214.91851806640625,52.855281829833984,1.12,1.12,2.14,1.08,2.24,2.03,2
26705,214.91610717773438,52.8518180847168,-1.0,-1.0,-1.0,-1.0,-1.0,0.6704999804496765,2
26709,214.8544464111328,52.809513092041016,5.22,5.16,5.22,5.1,5.24,5.240332,2
26725,214.86351013183594,52.81560516357422,1.96,1.82,1.96,1.76,1.98,1.911363,2
26726,214.864013671875,52.81536102294922,4.44,4.42,4.52,4.4,4.56,4.393726,2
26733,214.89373779296875,52.83721160888672,2.32,2.24,2.32,2.2,2.34,2.23,2
26734,214.89413452148438,52.83721160888672,2.22,2.18,2.24,2.16,2.24,0.49,-1
26736,214.90139770507812,52.84273147583008,2.36,2.24,2.36,2.18,2.42,2.299241,1
26743,214.9209442138672,52.85670471191406,2.94,2.94,2.94,2.92,2.94,2.946446,2
26744,214.78684997558594,52.76115417480469,5.04,4.94,5.04,4.92,5.06,5.005,1
26749,214.95172119140625,52.87853240966797,5.86,1.2,5.98,0.72,6.18,5.94,2
26764,214.79556274414062,52.76728439331055,2.3,2.2,2.32,2.12,2.38,2.28,1
26765,214.91900634765625,52.85514831542969,2.18,2.14,2.3,2.06,2.38,2.03,2
26770,214.97914123535156,52.89776611328125,0.46,0.42,0.5,0.34,0.54,4.019199848175049,0
26787,214.81939697265625,52.78412628173828,3.32,3.3,3.36,3.3,3.38,3.366187,2
26791,214.86036682128906,52.81333923339844,7.1,7.08,7.22,7.04,7.26,7.171234,1
26794,214.8955078125,52.83817672729492,3.44,3.4,3.54,3.34,3.64,3.8798000812530518,0
26803,214.79771423339844,52.76857376098633,0.44,0.44,0.5,0.42,0.54,3.618,2
26805,214.85394287109375,52.80866241455078,2.64,2.62,2.64,2.6,2.64,0.797,2
26819,214.97389221191406,52.89372634887695,1.02,0.92,1.06,0.88,1.16,4.550487,-1
26826,214.88568115234375,52.83106231689453,0.6,0.6,0.62,0.58,0.66,0.6173,2
26831,214.96839904785156,52.88985061645508,2.96,2.88,3.52,0.76,3.72,2.565500020980835,0
26836,214.7979278564453,52.768558502197266,3.74,3.56,3.76,3.48,3.8,3.63,2
26842,214.91905212402344,52.85469055175781,0.34,0.34,0.4,0.3,0.44,0.515817,-1
26843,214.80091857910156,52.770565032958984,3.14,3.1,3.2,3.06,3.24,3.22112,-1
26858,214.88275146484375,52.82786178588867,0.7,0.68,0.72,0.64,0.74,0.71515,2
26859,214.89639282226562,52.8385124206543,5.26,5.06,5.28,4.9,5.3,5.271634,2
26861,214.796875,52.76759719848633,1.68,1.62,1.94,1.4,2.06,0.94,-1
26862,214.89564514160156,52.83797836303711,3.42,3.38,3.44,3.22,3.56,7.932964,-1
26865,214.93226623535156,52.86378860473633,1.0,0.98,1.02,0.94,1.02,1.0107,2
26888,214.8098907470703,52.77650833129883,0.42,0.42,0.44,0.42,0.44,0.4352,2
26897,214.91140747070312,52.84873580932617,1.54,1.52,1.58,1.48,1.6,1.537919,2
26898,214.82679748535156,52.78871536254883,1.44,1.42,1.46,1.42,1.48,1.4564000368118286,2
26900,214.9407196044922,52.86973571777344,2.94,2.8,2.94,2.74,2.94,2.954039,2
26903,214.8835906982422,52.829200744628906,2.6,2.44,2.62,2.36,2.66,3.0481998920440674,0
26905,214.94732666015625,52.874507904052734,1.04,1.06,2.48,1.04,2.58,1.792699,2
26908,214.94204711914062,52.870704650878906,0.72,0.72,0.82,0.68,0.88,1.02,2
26909,214.97122192382812,52.89108657836914,1.04,1.04,1.08,1.02,1.08,1.075587,2
26923,214.884033203125,52.8294677734375,0.18,0.18,0.18,0.18,1.64,0.22,-1
26924,214.8982391357422,52.83946990966797,4.3,4.28,4.34,4.24,4.36,0.870988,-1
26932,214.78244018554688,52.75693130493164,0.92,0.88,0.96,0.84,0.98,1.015,-1
26934,214.83792114257812,52.79604721069336,1.0,0.96,1.02,0.92,1.02,1.0166,2
26953,214.947265625,52.874202728271484,1.12,1.06,1.18,1.04,1.22,1.114738,2
26968,214.8912811279297,52.83423614501953,0.52,0.52,0.66,0.52,0.7,0.7363,2
26972,215.00534057617188,52.914981842041016,2.66,2.66,2.66,2.62,2.66,2.65465,2
26981,214.79490661621094,52.765628814697266,0.06,0.04,0.08,0.0,0.16,0.11,1
26989,214.8243408203125,52.78617477416992,1.32,1.28,1.34,1.24,1.36,1.36,2
27000,214.94459533691406,52.872108459472656,3.72,3.58,3.72,3.52,3.74,3.64,2
27018,214.90443420410156,52.843196868896484,0.86,0.72,0.92,0.68,1.02,0.84,-1
27021,214.88967895507812,52.832977294921875,5.6,5.58,5.66,5.56,5.68,5.665282,2
27033,214.94984436035156,52.8756103515625,4.08,4.04,4.1,4.0,4.14,4.035181,2
27049,214.92767333984375,52.85976791381836,2.5,2.5,2.52,2.48,2.62,2.503634,2
27050,215.0035400390625,52.91354751586914,6.76,6.74,6.78,6.74,6.78,6.7556,2
27057,214.92662048339844,52.858970642089844,2.68,2.24,2.66,1.9,2.8,2.07,1
27072,214.9453887939453,52.8721923828125,3.32,3.22,3.36,3.14,3.42,3.346599,2
27073,214.98178100585938,52.89759063720703,0.98,0.94,1.0,0.9,1.02,1.0103,2
27076,214.88766479492188,52.83122253417969,4.84,4.84,4.86,4.84,4.86,8.657899856567383,0
27077,214.82882690429688,52.78910446166992,1.34,1.34,1.34,1.34,1.36,1.3554,2
27083,214.8599395751953,52.811370849609375,1.92,1.9,1.92,1.82,1.92,1.9116,2
27086,214.95474243164062,52.87657165527344,0.52,0.5,0.52,0.5,0.56,0.531,2
27090,214.83575439453125,52.79400634765625,2.2,2.14,2.26,2.1,2.34,2.169953,2
27098,214.8206329345703,52.783302307128906,5.68,5.66,5.7,5.6,5.7,5.63,2
27103,214.90403747558594,52.84269332885742,2.02,1.88,2.36,1.48,2.62,1.41,-1
27109,214.7644500732422,52.7425651550293,0.82,0.78,0.84,0.76,0.86,0.81736,2
27125,214.8599090576172,52.81117248535156,2.02,2.02,2.02,2.0,2.02,1.9112999439239502,0
27126,214.95494079589844,52.87581253051758,0.44,0.44,0.48,0.42,0.52,0.4539,2
27133,214.84974670410156,52.80354690551758,0.76,0.72,0.78,0.68,0.8,0.7393,2
27152,214.88047790527344,52.823883056640625,1.24,1.16,1.24,1.1,1.3,1.23111,2
27154,214.87860107421875,52.823631286621094,1.18,1.14,1.2,1.1,1.22,1.2039,2
27157,214.775390625,52.75041580200195,0.7,0.7,0.74,0.66,0.78,0.719808,2
27163,214.91476440429688,52.84944534301758,2.02,1.7,2.02,1.46,2.02,0.6692,2
27167,214.8204345703125,52.782371520996094,0.44,0.44,0.44,0.44,0.48,0.4544,2
27168,214.820556640625,52.781768798828125,1.22,1.14,1.24,1.1,1.3,1.22554,2
27172,214.924560546875,52.85619354248047,0.64,0.62,0.66,0.6,0.68,0.684,2
27177,214.87478637695312,52.82132339477539,2.5,2.48,2.6,2.46,2.66,2.517586,2
27187,214.88064575195312,52.82539749145508,1.16,1.14,1.22,1.1,1.28,1.229817,2
27196,214.88516235351562,52.82868576049805,2.02,1.12,2.02,1.08,2.06,0.37,-1
27203,214.83157348632812,52.7905387878418,6.36,6.3,6.54,6.24,6.6,6.58,2
27215,214.93377685546875,52.8631591796875,1.04,0.98,1.96,0.36,2.42,1.05,0
27219,214.92642211914062,52.85786819458008,2.66,2.6,2.66,2.54,2.72,2.58,2
27220,215.00149536132812,52.910919189453125,0.94,0.9,0.96,0.86,0.98,0.679773,-1
27221,214.90655517578125,52.84379577636719,3.42,3.4,3.48,3.34,3.58,3.44,2
27224,214.83592224121094,52.79350280761719,3.02,2.98,3.16,2.86,3.26,0.8461999893188477,0
27225,214.83035278320312,52.78937911987305,0.54,0.52,0.56,0.5,0.58,0.38909998536109924,0
27227,214.91111755371094,52.84701156616211,1.84,1.78,1.96,1.68,2.06,1.112314,-1
27235,214.88058471679688,52.825225830078125,1.38,1.3,1.56,1.12,1.8,6.54,1
27249,214.9854736328125,52.89777374267578,0.68,0.66,0.7,0.64,0.7,0.6922,2
27256,214.87379455566406,52.820228576660156,1.68,1.68,1.76,1.64,1.9,1.726323,2
27257,214.88706970214844,52.82938766479492,3.26,3.22,3.28,3.16,3.36,3.274519,2
27259,214.97239685058594,52.890037536621094,2.34,2.22,2.34,2.16,2.44,2.3362200260162354,-1
27267,214.90472412109375,52.842105865478516,0.62,0.6,0.66,0.58,0.68,1.78,-1
27268,214.9051513671875,52.84211349487305,0.78,0.74,0.86,0.72,0.9,2.69,-1
27269,214.873046875,52.819522857666016,2.0,1.7,2.0,1.68,2.16,1.7015,2
27282,214.99172973632812,52.90386199951172,4.2,4.2,4.2,4.2,4.2,5.747604,-1
27302,214.901611328125,52.83984375,6.24,6.24,6.24,6.24,6.24,6.25,2
27318,214.9268798828125,52.857730865478516,4.28,0.7,4.32,0.6,4.4,4.29,2
27334,214.85255432128906,52.80461502075195,0.58,0.54,0.6,0.54,0.62,0.55,-1
27335,214.86968994140625,52.81687545776367,4.86,4.86,4.88,4.86,4.88,4.886489,2
27344,214.898193359375,52.836788177490234,0.52,0.5,0.54,0.44,0.58,0.5273,2
27347,214.997802734375,52.906761169433594,0.3,0.28,0.32,0.26,0.32,0.3012,2
27351,214.83090209960938,52.78916931152344,4.12,4.1,4.14,4.08,4.14,4.157,1
27352,214.87374877929688,52.81966781616211,1.7,1.7,1.76,1.68,1.84,1.711558,2
27361,214.90708923339844,52.84329605102539,2.46,2.4,2.5,2.3,2.6,2.449,2
27370,214.90643310546875,52.8426399230957,1.08,1.08,1.2,1.08,1.24,1.16517,2
27374,214.8771514892578,52.8220100402832,2.42,2.3,2.48,2.24,2.62,2.273815,2
27382,214.97140502929688,52.88890838623047,3.7,3.56,3.7,3.54,3.72,3.77,2
27401,214.79971313476562,52.766441345214844,3.68,3.64,3.7,3.64,3.72,3.64,2
27415,214.94493103027344,52.86997604370117,1.92,1.78,1.94,1.7,2.0,1.95,2
27430,214.9827880859375,52.89670944213867,0.82,0.78,0.88,0.72,0.92,2.38299,-1
27436,214.8856201171875,52.827693939208984,2.78,2.52,2.88,2.02,3.0,1.3,-1
27449,214.83905029296875,52.794307708740234,1.36,1.36,1.38,1.34,1.4,1.3555,2
27451,214.94796752929688,52.87187957763672,1.14,1.1,1.18,1.06,1.2,1.21483,2
27452,214.8795928955078,52.82497024536133,1.16,1.12,1.22,1.06,1.24,1.19789,2
27453,214.89772033691406,52.836124420166016,3.3,3.24,3.3,3.2,3.34,3.3,2
27455,214.82379150390625,52.783302307128906,1.36,1.34,1.4,1.28,1.42,1.36198,2
27475,214.82968139648438,52.78764724731445,3.32,3.32,3.34,3.3,3.36,3.31,2
27494,215.0012664794922,52.90943145751953,5.32,5.3,5.32,5.3,5.32,5.3081,2
27496,214.90113830566406,52.838104248046875,2.34,2.32,2.62,2.18,2.68,2.311148,1
27501,214.9250946044922,52.85536193847656,2.24,2.2,2.3,2.16,2.32,2.213372,2
27502,214.90382385253906,52.84005355834961,1.5,1.48,1.56,1.42,1.6,1.528961,2
27506,214.8010711669922,52.76678466796875,1.34,1.34,1.36,1.34,1.38,1.35373,2
27508,214.8920135498047,52.831295013427734,0.54,0.54,0.58,0.52,0.6,0.54,-1
27512,214.8390350341797,52.79412078857422,5.58,5.58,5.68,5.54,5.7,5.6237,2
27521,214.98194885253906,52.89525604248047,2.68,2.68,2.72,2.68,2.78,2.689545,2
27541,214.8822479248047,52.824649810791016,6.82,6.8,6.84,6.8,6.86,6.77,2
27545,214.9295654296875,52.85750198364258,0.52,0.46,0.52,0.44,0.52,0.508698,2
27554,214.9281768798828,52.85689926147461,2.6,2.52,2.64,2.48,2.66,2.630764,2
27570,214.8208770751953,52.780513763427734,1.26,1.2,1.3,1.14,1.34,1.257399,2
27572,214.831787109375,52.78767395019531,0.54,0.54,0.56,0.52,0.6,0.5468,2
27573,214.83334350585938,52.78815460205078,3.64,3.62,3.7,3.54,3.72,3.6324000358581543,2
27581,214.83851623535156,52.7932243347168,5.4,5.4,5.44,5.38,5.5,5.402474,2
27587,214.9419403076172,52.86680603027344,2.38,2.18,3.14,1.54,3.84,8.832382,1
27593,214.945556640625,52.86930847167969,2.4,2.38,2.4,2.34,2.42,2.317703,2
27599,214.8894500732422,52.82905197143555,1.24,1.16,1.24,1.08,1.28,1.24903,2
27609,214.97235107421875,52.88800811767578,0.06,0.04,0.08,0.02,0.1,0.081611,2
27613,214.9099578857422,52.84397506713867,2.94,2.8,2.94,2.72,2.94,2.896804,2
27614,214.91043090820312,52.84413528442383,3.7,3.66,3.7,3.64,3.72,3.1070001125335693,2
27615,214.91053771972656,52.84428024291992,3.16,3.08,3.16,3.06,3.2,3.112008,1
27624,214.86851501464844,52.8144416809082,0.72,0.72,0.8,0.7,0.98,0.87,-1
27628,214.8218231201172,52.781124114990234,1.84,1.82,1.9,1.78,1.92,2.571500062942505,0
27633,214.98439025878906,52.89656066894531,3.56,3.54,3.56,3.54,3.56,3.52339,-1
27637,214.9150848388672,52.84666442871094,0.68,0.64,0.68,0.62,0.7,0.681128,2
27638,215.00018310546875,52.907745361328125,5.16,5.14,5.18,5.14,5.2,5.108321,2
27640,214.93511962890625,52.86166000366211,4.68,4.66,4.78,4.6,4.8,4.689452,2
27654,214.8341522216797,52.78957748413086,0.52,0.5,0.54,0.48,0.56,0.5230000019073486,0
27663,214.84263610839844,52.795448303222656,2.96,2.78,3.02,2.68,3.1,3.089166,2
27668,214.83294677734375,52.7886848449707,1.3,1.26,1.32,1.22,1.34,1.299502,2
27669,214.86444091796875,52.81101608276367,1.16,1.14,1.18,1.1,1.2,1.191,2
27679,214.80279541015625,52.766883850097656,0.62,0.58,0.64,0.54,0.68,0.6068,2
27686,214.8775634765625,52.82046127319336,0.84,0.76,0.9,0.72,0.98,0.96,2
27687,214.8771209716797,52.81950759887695,1.26,1.16,1.28,1.1,1.32,1.2,2
27694,214.97177124023438,52.88686752319336,1.16,1.08,1.2,1.06,1.22,1.1744,2
27700,214.84059143066406,52.79398727416992,1.44,1.42,1.46,1.42,1.48,1.458983302116394,-1
27702,214.9790802001953,52.891746520996094,0.3,0.28,0.3,0.28,0.3,0.2849,2
27705,214.80181884765625,52.766353607177734,2.88,2.86,2.9,2.82,2.9,2.936066,2
27707,214.94692993164062,52.8692741394043,1.22,1.16,1.24,1.12,1.28,1.212566,2
27723,214.9093475341797,52.84284973144531,3.44,3.4,3.48,3.32,3.58,3.454435,2
27728,214.99868774414062,52.9062385559082,0.7,0.68,0.72,0.64,0.74,0.663103,-1
27732,214.92845153808594,52.856407165527344,0.84,0.74,0.98,0.7,1.06,1.15,0
27743,214.95484924316406,52.87508773803711,0.36,0.34,0.48,0.24,0.6,2.02,1
27751,214.8592071533203,52.806663513183594,1.18,1.1,1.2,1.08,1.22,1.1947,2
27754,214.95440673828125,52.874691009521484,5.68,5.64,5.7,5.6,5.7,5.648169,2
27759,214.88156127929688,52.822845458984375,1.28,1.26,1.3,1.26,1.32,1.27505,2
27762,214.966796875,52.883445739746094,1.72,1.72,2.18,1.66,2.6,1.21,-1
27764,214.88514709472656,52.82425308227539,1.16,1.14,1.18,1.08,1.2,1.15869,2
27766,214.9643096923828,52.88163375854492,2.38,2.38,2.42,2.36,2.5,0.21,-1
27771,214.9119873046875,52.84419250488281,1.14,1.12,1.2,1.08,1.24,1.25128,2
27773,214.95907592773438,52.87765884399414,0.82,0.8,0.84,0.76,0.86,0.80941,2
27774,214.91416931152344,52.84604263305664,6.04,5.98,6.08,5.9,6.1,6.057113,2
27781,214.98141479492188,52.89363479614258,5.08,5.08,5.1,5.06,5.12,5.077024,2
27784,214.90200805664062,52.837337493896484,4.42,4.4,4.6,4.32,4.64,4.434882,1
27792,214.83123779296875,52.786834716796875,4.86,4.86,4.88,4.84,4.92,4.89,2
27805,214.85353088378906,52.80276107788086,2.0,1.76,2.0,1.68,2.02,1.808435,2
27809,214.95362854003906,52.87377166748047,0.42,0.4,0.48,0.38,0.52,0.454248,2
27819,214.9315185546875,52.85797882080078,1.54,1.46,1.58,1.4,1.64,1.54,2
27821,214.8585205078125,52.805931091308594,2.06,2.04,2.06,2.04,2.08,2.06332,2
27822,214.85813903808594,52.8051872253418,0.56,0.54,0.58,0.52,0.62,0.5471,2
27831,214.90728759765625,52.84086227416992,0.54,0.52,0.6,0.5,0.64,0.553491,-1
27834,214.9639892578125,52.881046295166016,0.1,0.08,0.18,0.08,0.22,0.161263,2
27840,214.9300994873047,52.85694885253906,0.5,0.46,0.52,0.42,0.54,4.820397,-1
27859,214.99026489257812,52.89952087402344,2.38,2.38,2.38,2.36,2.38,2.373,2
27863,214.99258422851562,52.90096664428711,0.7,0.7,0.7,0.68,0.72,0.975864,2
27871,214.9279022216797,52.855098724365234,4.52,4.44,4.56,4.4,4.6,4.536609,2
27873,214.8435516357422,52.79507064819336,2.44,2.42,2.48,2.38,2.58,2.435,2
27876,214.869873046875,52.81396484375,3.84,3.84,4.02,3.76,4.12,3.81,2
27877,214.87185668945312,52.81513595581055,1.3,1.26,1.32,1.26,1.34,1.27732,2
27884,214.83309936523438,52.787662506103516,3.72,3.64,3.72,3.56,3.74,3.63,2
27886,214.9111785888672,52.84304428100586,2.18,2.1,2.26,2.06,2.34,2.335,2
27888,214.98178100585938,52.89320755004883,1.24,1.2,1.28,1.12,1.34,1.271486,2
27890,214.81964111328125,52.77791976928711,4.1,4.0,4.1,3.98,4.12,8.794084,-1
27894,214.89456176757812,52.82977294921875,0.44,0.44,0.48,0.42,0.5,0.4617,2
27896,214.93328857421875,52.85810852050781,0.7,0.68,0.72,0.66,0.76,0.7309,2
27900,214.8273468017578,52.78348159790039,2.44,2.44,2.46,2.44,2.46,2.432664,2
27910,214.88284301757812,52.82286071777344,1.32,1.28,1.34,1.24,1.4,1.28,2
27918,214.9093475341797,52.84148406982422,1.2,1.12,1.24,1.08,1.3,1.21998,2
27924,214.79994201660156,52.763057708740234,0.46,0.44,0.48,0.44,0.5,0.4569999873638153,2
27945,214.88888549804688,52.82682418823242,0.96,0.88,0.98,0.84,1.0,0.84135,2
27950,214.92987060546875,52.856075286865234,7.32,6.82,7.32,6.78,7.42,0.0,1
27952,215.0026397705078,52.907623291015625,6.52,6.42,6.52,6.34,6.54,6.1894,2
27953,215.02955627441406,52.92658233642578,0.06,0.06,0.06,0.06,0.54,1.078386,2
27957,214.92872619628906,52.85515213012695,3.54,3.52,3.68,3.48,3.72,3.504299,2
27962,214.9832305908203,52.893611907958984,0.46,0.44,0.5,0.42,0.52,0.454875,2
27972,215.04115295410156,52.93478012084961,0.08,0.08,0.08,0.08,0.08,0.2086,2
27980,214.9593505859375,52.876808166503906,4.24,4.24,4.32,4.2,4.36,5.850566,-1
27987,214.94984436035156,52.87006759643555,2.08,1.86,2.2,1.62,2.34,2.136657,1
27988,214.9508056640625,52.870750427246094,1.94,1.76,1.94,1.72,1.96,1.91,2
27993,214.78729248046875,52.754051208496094,1.24,1.14,1.24,1.08,1.28,1.23223,2
27995,214.96255493164062,52.87894058227539,2.48,2.46,2.48,2.46,2.5,2.475995,2
27998,215.05250549316406,52.9426155090332,0.56,0.54,0.58,0.54,0.58,0.30390000343322754,0
27999,215.06407165527344,52.95082473754883,0.06,0.06,0.06,0.06,0.06,1.3896,2
28005,214.9713592529297,52.8852424621582,1.08,1.16,1.92,0.2,2.36,1.538935,-1
28013,214.84640502929688,52.79628372192383,2.0,2.0,2.0,2.0,2.0,1.9839,2
28028,214.95431518554688,52.87301254272461,2.36,2.08,2.4,1.8,2.54,2.0,1
28032,215.0377655029297,52.93198776245117,0.5,0.5,0.5,0.48,0.5,4.27316,-1
28034,214.77723693847656,52.74666976928711,0.34,0.32,0.36,0.3,0.4,0.354324,2
28035,214.8538360595703,52.8010368347168,2.6,2.56,2.64,2.5,2.68,2.44,1
28044,215.00540161132812,52.90909957885742,5.26,5.02,5.26,4.94,5.28,5.2691,2
28053,214.9757537841797,52.887962341308594,3.42,3.42,3.44,3.4,3.44,3.4303,2
28058,214.86485290527344,52.80878829956055,1.18,1.12,1.2,1.08,1.22,1.1946,2
28061,215.0255126953125,52.92333221435547,2.68,2.68,2.86,2.68,2.9,2.71,2
28062,215.0727081298828,52.95664978027344,0.64,0.54,0.7,0.38,0.8,0.45,-1
28076,214.8798828125,52.81989288330078,2.22,2.16,2.3,2.12,2.34,2.321588,2
28079,214.82577514648438,52.78102493286133,0.98,0.94,1.0,0.88,1.02,0.9761999845504761,2
28081,215.02206420898438,52.9207878112793,4.64,4.64,4.66,4.62,4.66,4.54,2
28086,215.076171875,52.95899963378906,0.66,0.62,0.72,0.38,0.74,0.63,-1
28093,214.84646606445312,52.795963287353516,3.08,2.98,3.14,2.72,3.18,3.104334,2
28104,214.86618041992188,52.809288024902344,0.18,0.14,0.2,0.1,0.22,0.200744,2
28106,214.92462158203125,52.85162353515625,5.14,5.1,5.18,5.1,5.2,5.22,2
28107,214.92483520507812,52.85171890258789,4.92,4.68,5.06,4.48,5.2,4.962699890136719,0
28117,214.86709594726562,52.810691833496094,2.02,2.02,2.12,2.02,2.26,2.08048,2
28136,214.88681030273438,52.82463455200195,6.22,6.2,6.22,6.2,6.22,6.19,2
28139,215.07247924804688,52.956138610839844,3.78,3.76,3.78,3.76,3.78,3.78,2
28142,214.83522033691406,52.78887939453125,3.62,3.52,3.68,3.46,3.72,3.74,2
28145,214.83990478515625,52.79121398925781,2.96,2.96,2.98,0.3,2.98,2.9593000411987305,2
28146,214.8398895263672,52.7911262512207,0.3,0.28,0.3,0.26,0.32,2.958899974822998,2
28152,214.8515625,52.798988342285156,0.82,0.78,0.84,0.74,0.86,0.8235,2
28154,214.88206481933594,52.82111358642578,1.26,1.16,1.3,1.02,1.34,1.2,-1
28161,214.87770080566406,52.818023681640625,1.48,1.38,1.72,1.3,1.92,1.28,2
28162,214.9253692626953,52.851844787597656,5.18,5.14,5.2,5.12,5.22,5.219535,2
28164,215.01922607421875,52.91843032836914,0.88,0.86,0.98,0.82,1.06,4.420941,-1
28170,214.96420288085938,52.879432678222656,4.28,4.26,4.3,4.26,4.32,0.846745,-1
28175,214.95755004882812,52.874691009521484,6.2,6.18,6.22,6.16,6.22,6.18,2
28178,215.02548217773438,52.922786712646484,4.9,4.9,4.92,4.9,4.94,4.93,2
28180,214.9730682373047,52.88548278808594,2.02,2.0,2.02,2.0,2.02,2.00567,2
28186,214.798583984375,52.761531829833984,4.94,4.92,4.94,4.92,4.96,5.306508,2
28192,214.95814514160156,52.87501907348633,6.2,6.18,6.22,6.14,6.24,1.63,-1
28193,214.95840454101562,52.87511444091797,6.22,6.2,6.22,6.2,6.22,6.17,2
28204,214.83160400390625,52.78499221801758,0.6,0.58,0.66,0.54,0.68,0.6891999840736389,0
28207,215.02503967285156,52.922306060791016,6.64,6.34,6.64,6.04,6.66,6.38,2
28212,214.93588256835938,52.85893630981445,6.44,6.42,6.46,6.4,6.48,0.525,-1
28215,215.09515380859375,52.97178268432617,1.38,1.34,1.42,1.28,1.56,1.59088134765625,-1
28216,215.09535217285156,52.97161102294922,2.08,2.06,2.12,2.04,2.2,2.1570398807525635,-1
28224,214.891845703125,52.82781219482422,3.78,3.68,3.78,3.56,3.8,3.774,-1
28229,214.85760498046875,52.80337905883789,2.94,2.94,2.94,2.94,2.94,2.944282,2
28251,214.82290649414062,52.77834701538086,1.84,1.78,1.92,1.72,1.98,1.8794000148773193,1
28260,214.94346618652344,52.864097595214844,4.62,4.54,4.64,4.48,4.64,4.682499885559082,2
28262,214.9497833251953,52.868717193603516,2.0,2.0,2.52,2.0,2.62,2.015396,2
28269,215.06405639648438,52.948673248291016,0.58,0.56,0.58,0.56,0.58,0.6601,2
28270,215.06568908691406,52.94868850708008,0.74,0.72,0.76,0.68,0.8,0.7703,2
28271,215.11306762695312,52.984066009521484,1.02,1.0,1.02,0.96,1.04,1.0355000495910645,2
28274,214.96421813964844,52.8786506652832,2.82,2.74,2.84,2.72,2.94,2.86,2
28282,214.84095764160156,52.791385650634766,2.98,2.96,3.08,2.96,3.22,2.960296,-1
28283,214.88356018066406,52.8216667175293,1.32,1.18,1.34,1.08,1.4,1.19445,2
28289,214.95213317871094,52.87027359008789,2.46,2.38,2.5,2.28,2.58,2.63,1
28315,214.8866729736328,52.823814392089844,2.52,2.52,2.62,2.5,2.66,2.6175,2
28320,214.83050537109375,52.78375244140625,5.0,4.76,5.1,4.6,5.24,2.9423000812530518,0
28322,214.83050537109375,52.783634185791016,5.1,4.94,5.18,4.8,5.26,0.94,-1
28324,215.05845642089844,52.945499420166016,1.04,1.04,9.48,0.92,9.62,1.439721,-1
28343,214.9510498046875,52.86907958984375,2.34,2.3,2.34,2.22,2.34,2.3153,2
28355,215.0653076171875,52.950130462646484,3.08,3.06,3.16,3.02,3.24,6.083166,-1
28356,215.0654296875,52.95000457763672,3.06,3.02,3.14,2.98,3.2,4.30279,-1
28366,215.1094512939453,52.980220794677734,4.62,0.62,4.62,0.56,4.64,4.62,2
28367,215.109130859375,52.98051071166992,0.08,0.06,0.1,0.04,0.12,0.0817,2
28413,215.0758819580078,52.95726776123047,0.46,0.44,0.5,0.42,0.52,0.483891,2
28414,215.075927734375,52.956939697265625,2.68,2.52,2.74,2.48,2.82,0.483891,2
28424,214.96546936035156,52.87932205200195,5.28,5.22,5.28,5.14,5.3,5.24,2
28429,214.92062377929688,52.847557067871094,3.42,3.42,3.42,3.42,3.44,3.442079,2
28431,214.925537109375,52.85102462768555,0.6,0.58,0.64,0.56,0.72,0.66,-1
28438,214.94973754882812,52.86802673339844,3.4,3.36,3.4,3.34,3.42,1.0272,-1
28454,215.039306640625,52.930381774902344,0.54,0.54,0.54,0.54,0.54,0.74,2
28455,215.0099334716797,52.91065216064453,4.96,4.96,5.0,4.96,5.02,5.27561,2
28456,215.02391052246094,52.920623779296875,2.76,2.74,2.78,2.74,2.8,2.748968,2
28463,214.96131896972656,52.87623977661133,2.16,2.12,2.28,2.08,2.34,2.19,2
28468,214.87831115722656,52.81666564941406,0.48,0.46,0.5,0.44,0.52,0.469645,2
28470,214.9403076171875,52.86116027832031,1.18,1.12,1.2,1.08,1.26,1.210723,2
28473,215.04977416992188,52.938072204589844,1.04,1.04,1.08,1.02,1.1,1.104278,2
28475,214.86712646484375,52.80930709838867,0.2,0.16,0.24,0.06,0.26,0.21,2
28487,214.91729736328125,52.84499740600586,0.8,0.66,0.92,0.52,1.06,0.88,-1
28488,215.02749633789062,52.92296600341797,0.04,0.04,0.06,0.02,0.08,3.246381,-1
28493,214.87899780273438,52.81769561767578,1.98,1.98,1.98,1.96,2.0,2.0,2
28497,214.7787322998047,52.74530029296875,0.42,0.42,0.42,0.4,0.42,0.4042,2
28512,215.1259002685547,52.99236297607422,0.54,0.52,0.6,0.48,0.64,0.845,-1
28516,215.1313934326172,52.99573516845703,1.98,1.92,2.0,1.88,2.04,1.9575,2
28518,215.03244018554688,52.92641830444336,0.88,0.76,0.92,0.56,1.02,0.801898,-1
28526,214.85699462890625,52.80194854736328,0.34,0.34,0.68,0.26,0.94,1.43,-1
28531,215.12034606933594,52.98813247680664,2.7,2.7,2.76,2.68,2.8,2.72,1
28535,214.8735809326172,52.81371307373047,1.32,1.16,1.66,1.04,1.84,5.09,1
28539,215.07186889648438,52.953887939453125,0.72,0.7,0.74,0.66,0.78,0.7416,2
28540,214.8269500732422,52.78044891357422,6.96,6.94,7.02,6.9,7.12,6.930895,2
28541,214.8716583251953,52.81230545043945,5.12,5.12,5.18,5.1,5.2,5.130092,2
28549,214.85287475585938,52.798213958740234,0.54,0.54,0.58,0.52,0.6,0.549,2
28563,214.86643981933594,52.80848693847656,2.96,1.88,2.96,1.68,3.0,9.04,1
28567,214.97824096679688,52.88787841796875,6.22,6.2,6.22,6.16,6.22,6.17,2
28570,214.92784118652344,52.851051330566406,0.7,0.68,0.72,0.64,0.76,0.730168,2
28579,214.94480895996094,52.864112854003906,4.64,4.48,4.68,4.38,4.76,4.7434000968933105,2
28593,215.0356903076172,52.92805099487305,0.04,0.02,0.04,0.02,0.06,0.1318,2
28600,214.97378540039062,52.88458251953125,3.44,3.42,3.44,3.42,3.44,3.433829,2
28604,214.85032653808594,52.796775817871094,1.92,1.8,1.92,1.74,1.94,1.931679,2
28606,215.02780151367188,52.92220687866211,0.04,0.04,0.04,0.04,0.06,0.455,1
28607,214.8494873046875,52.79615020751953,3.44,3.44,3.44,3.42,3.46,3.44894,-1
28610,214.97079467773438,52.88223648071289,2.84,2.74,2.86,2.7,2.92,2.87,2
28616,214.98321533203125,52.891143798828125,1.24,1.1,1.24,1.06,1.26,1.232203,-1
28622,215.02081298828125,52.91779708862305,2.76,2.74,6.36,1.6,6.5,6.38,2
28624,214.8860321044922,52.82220458984375,1.74,1.72,1.94,1.64,1.98,1.02,-1
28629,214.92855834960938,52.852413177490234,0.88,0.82,0.94,0.74,1.0,0.92037,-1
28636,215.01686096191406,52.91469955444336,1.02,1.02,1.06,1.02,2.48,2.472916,2
28640,214.84100341796875,52.78983688354492,2.14,2.1,2.24,2.02,2.34,2.1306724548339844,-1
28666,214.9241485595703,52.84904479980469,4.32,4.3,4.32,4.3,4.32,4.225,2
28677,214.8572540283203,52.79904556274414,0.56,0.54,0.58,0.52,0.6,0.5496,2
28678,214.8587646484375,52.799293518066406,0.42,0.42,0.44,0.4,0.48,0.4351,2
28679,214.9571533203125,52.872379302978516,3.16,3.12,3.18,3.06,3.22,3.23,2
28699,214.83328247070312,52.78432846069336,0.32,0.24,0.34,0.12,0.4,0.94,-1
28705,214.8616485595703,52.80453109741211,4.08,4.02,4.12,3.98,4.14,3.93,2
28714,214.9514923095703,52.86830139160156,6.72,1.5,6.78,1.28,6.92,8.79,1
28717,214.8538818359375,52.79889678955078,6.88,6.86,6.92,6.82,6.96,6.852972,2
28722,215.02418518066406,52.9196891784668,0.82,0.8,0.84,0.74,0.84,3.744068,2
28724,215.0734100341797,52.95451736450195,3.44,3.42,3.54,3.4,3.6,3.467529,-1
28733,214.97019958496094,52.881351470947266,1.86,1.84,1.88,1.82,1.9,1.86051,2
28735,214.86061096191406,52.80367660522461,6.12,6.1,6.12,6.1,6.12,6.12,2
28736,214.97543334960938,52.88502502441406,1.0,0.96,1.0,0.92,1.02,1.0067,2
28739,215.0476837158203,52.915252685546875,-1.0,-1.0,-1.0,-1.0,-1.0,1.5390883684158325,-1
28742,215.12290954589844,52.989322662353516,1.06,1.04,1.24,0.92,1.38,5.222099781036377,2
28743,215.07118225097656,52.95283126831055,1.02,0.96,1.06,0.8,1.08,1.0415,2
28744,215.0712890625,52.952701568603516,0.98,0.96,1.0,0.96,1.02,1.04,2
28747,214.88247680664062,52.818817138671875,1.12,1.1,1.2,1.08,1.22,1.1947,2
28756,214.8245391845703,52.77778244018555,3.98,3.98,4.06,3.96,4.12,1.174439,-1
28762,214.9617919921875,52.87501525878906,0.64,0.6,0.66,0.56,0.68,0.6179,2
28766,214.8634490966797,52.803958892822266,1.08,1.08,1.16,1.06,1.18,1.19,2
28768,214.86158752441406,52.80363082885742,0.66,0.66,0.68,0.66,0.7,0.5499,2
28770,214.86221313476562,52.80183792114258,0.56,0.54,0.58,0.52,0.6,0.55,2
28771,214.9646759033203,52.87747573852539,5.24,4.9,5.22,4.86,5.26,5.237835,-1
28793,214.87440490722656,52.81313705444336,3.06,3.04,3.18,3.02,3.24,3.261832,2
28820,214.97923278808594,52.88835525512695,2.32,2.3,2.34,2.28,2.34,2.3304,2
28830,214.830078125,52.78145217895508,1.74,1.7,1.88,1.68,1.94,1.801,2
28831,214.8300018310547,52.78135681152344,4.36,4.28,4.38,4.24,4.44,4.3462,2
28836,214.96609497070312,52.87816619873047,0.0,0.0,0.14,0.0,0.18,0.27,-1
28839,215.114013671875,52.98252487182617,2.04,2.04,2.06,2.02,2.1,2.289242,-1
28844,214.85464477539062,52.79850387573242,2.02,1.88,2.04,1.72,2.08,2.08,1
28848,214.8734588623047,52.8123664855957,5.08,5.06,5.18,5.02,5.22,5.118119,2
28852,214.92710876464844,52.8504524230957,0.62,0.56,0.74,0.42,0.82,0.71,-1
28853,214.8013153076172,52.76089859008789,5.5,5.48,5.52,5.46,5.54,5.446146,2
28875,214.9224853515625,52.8470573425293,3.26,3.2,3.28,3.14,3.28,3.24,2
28887,215.01522827148438,52.912750244140625,1.08,1.08,1.08,1.06,1.08,1.25112,2
28890,214.8817596435547,52.818016052246094,1.22,1.12,1.22,1.1,1.26,1.178243,2
28896,214.9304656982422,52.85250473022461,0.82,0.8,0.86,0.76,0.88,0.8388,2
28897,215.02590942382812,52.919891357421875,0.56,0.56,0.56,0.54,0.58,1.347037,2
28899,215.0784912109375,52.95741271972656,4.8,4.78,4.8,4.76,4.8,4.763132,2
28903,215.11009216308594,52.97969055175781,6.18,6.16,6.2,6.14,6.2,6.13,2
28926,214.84506225585938,52.79175567626953,4.24,4.2,4.28,3.96,4.36,4.347129,-1
28934,214.9153289794922,52.84153747558594,3.08,3.06,3.12,3.02,3.16,3.11,2
28945,215.01748657226562,52.91401290893555,0.04,0.04,0.04,0.04,0.04,2.468401,2
28948,214.9536895751953,52.86863327026367,2.6,2.56,2.64,2.52,2.66,2.01,2
28950,214.9535675048828,52.868221282958984,2.06,1.98,2.1,1.94,2.14,2.21,1
28958,215.1207275390625,52.98504638671875,0.6,0.6,0.64,0.6,0.72,3.47,2
28961,214.891357421875,52.824649810791016,2.56,2.0,2.7,0.18,2.86,2.3060998916625977,0
28969,214.96595764160156,52.87704086303711,1.22,1.14,1.24,1.1,1.28,1.211375,2
28971,214.83006286621094,52.78049850463867,1.02,0.96,1.02,0.94,1.02,1.0163,2
28975,214.9610595703125,52.87409973144531,5.04,5.02,5.26,4.96,5.26,5.24,2
28985,214.8663787841797,52.80659866333008,2.04,2.04,2.12,2.02,2.2,1.46,-1
28993,215.0595703125,52.943424224853516,1.04,1.02,1.04,0.98,1.06,0.304,1
28998,215.0299072265625,52.92247009277344,0.04,0.02,0.04,0.02,0.04,0.6811,2
29000,214.91632080078125,52.84209060668945,3.68,3.66,3.7,3.64,3.72,3.636,2
29003,214.83294677734375,52.78266143798828,0.62,0.6,0.7,0.58,0.74,0.6687,2
29012,214.8851776123047,52.81983947753906,1.62,1.62,1.62,1.6,1.64,1.62215,2
29023,214.92263793945312,52.846431732177734,1.48,1.44,1.5,1.42,1.56,1.47,2
29028,214.82875061035156,52.77970886230469,2.9,2.88,2.9,2.86,2.9,2.9098000526428223,2
29030,214.93612670898438,52.855831146240234,1.44,1.42,1.46,1.4,1.5,1.4644,2
29032,214.9639129638672,52.87574768066406,1.16,1.1,1.22,1.06,1.26,1.1725,2
29040,214.95242309570312,52.867671966552734,4.02,4.0,4.1,3.98,4.14,3.8399999141693115,2
29048,214.92453002929688,52.84785461425781,1.56,1.54,1.62,1.44,1.7,1.61,-1
29049,215.0093994140625,52.91006851196289,0.84,0.84,0.86,0.84,0.86,1.1761,2
29050,215.0787811279297,52.956844329833984,1.6,1.54,1.6,1.54,1.6,1.5691222234793498,2
29051,215.0788116455078,52.95671844482422,1.6,1.58,1.6,1.56,1.6,1.57,2
29055,214.87161254882812,52.81022262573242,2.42,1.0,2.88,0.76,4.22,2.46,2
29058,215.06153869628906,52.94452667236328,0.96,0.94,0.96,0.92,0.96,1.43879,2
29063,215.12356567382812,52.988494873046875,2.08,2.06,2.18,2.02,2.26,2.1953999996185303,0
29066,214.7982177734375,52.75784683227539,5.52,5.48,5.54,5.46,5.54,5.516709,2
29074,215.0280303955078,52.92112731933594,0.72,0.64,0.78,0.58,0.88,2.998391,-1
29082,214.82461547851562,52.77653503417969,2.0,1.82,2.28,1.68,2.46,2.434499979019165,2
29083,214.82484436035156,52.776493072509766,2.46,2.46,2.46,2.46,2.46,2.4456000328063965,2
29093,214.9244384765625,52.84757995605469,3.84,3.82,3.9,3.82,4.08,4.33050012588501,1
29094,214.92454528808594,52.84748077392578,4.24,4.2,4.26,3.9,4.32,4.419400215148926,0
29101,215.12193298339844,52.98723220825195,3.68,3.44,3.7,3.34,3.74,0.436511,-1
29102,215.1219024658203,52.987117767333984,2.28,2.22,2.32,2.18,2.34,2.26247,1
29103,214.78472900390625,52.747711181640625,0.96,0.9,0.98,0.88,1.0,0.9639,2
29107,215.11830139160156,52.98448944091797,0.96,0.88,0.98,0.86,1.0,0.949001,2
29109,214.9278106689453,52.849998474121094,7.48,7.46,7.52,7.42,7.56,7.4811,2
29110,214.95794677734375,52.87113571166992,0.36,0.34,0.38,0.32,0.4,0.370768,2
29112,215.0059814453125,52.90530776977539,6.38,6.36,6.42,6.36,6.46,6.1783,2
29132,214.80795288085938,52.76456069946289,3.3,3.1,3.3,3.02,3.36,3.1,2
29144,214.84776306152344,52.790924072265625,0.72,0.68,0.74,0.66,0.76,0.738086,2
29147,215.13063049316406,52.992923736572266,0.34,0.32,0.38,0.3,0.4,0.377709,-1
29159,215.09527587890625,52.9682731628418,2.02,2.02,2.02,0.18,2.02,2.365,2
29160,215.11009216308594,52.97855758666992,1.4,1.38,1.48,1.34,1.54,1.015132,-1
29184,214.9515380859375,52.866207122802734,0.18,0.18,0.18,0.14,0.2,0.1754,2
29189,214.8879852294922,52.82136917114258,1.64,1.62,2.68,0.76,2.86,2.875,2
29196,214.85079956054688,52.794822692871094,3.92,3.82,4.06,3.58,4.18,0.36,-1
29202,214.94102478027344,52.85920715332031,3.0,2.96,3.02,2.78,3.18,3.02,2
29208,215.0708770751953,52.9507942199707,1.08,1.08,1.08,1.08,1.1,1.097346,2
29211,214.96112060546875,52.87322235107422,5.26,5.02,5.26,4.96,5.28,8.592100143432617,0
29222,214.94749450683594,52.86349105834961,4.32,4.28,4.34,4.26,4.34,4.275899887084961,2
29224,214.9212646484375,52.845726013183594,2.32,2.24,2.34,2.2,2.42,2.228396,2
29237,214.95770263671875,52.87070083618164,1.08,0.86,1.34,0.72,1.46,1.46,-1
29241,215.0558624267578,52.93991470336914,0.96,0.94,0.96,0.92,0.98,3.49,2
29242,215.05613708496094,52.939537048339844,3.56,3.56,3.58,3.54,3.6,3.4813,2
29244,214.9191436767578,52.84334182739258,0.44,0.32,0.5,0.24,0.66,0.32,-1
29250,214.92762756347656,52.84795379638672,1.54,1.52,1.58,1.5,1.6,1.55,2
29251,215.1065673828125,52.975826263427734,6.2,6.18,6.2,6.18,6.22,6.18,2
29262,214.95516967773438,52.86880111694336,0.88,0.86,1.1,0.8,1.18,3.59508,-1
29264,214.92027282714844,52.844032287597656,4.74,4.72,4.76,4.7,4.78,4.7,2
29268,214.88514709472656,52.8187141418457,1.02,0.98,1.02,0.94,1.04,1.01778,2
29269,214.93370056152344,52.85356140136719,1.42,1.36,1.62,1.28,1.9,3.433500051498413,0
29274,214.87469482421875,52.81156921386719,2.44,2.28,2.72,2.1,2.88,0.58,-1
29276,214.80270385742188,52.76027297973633,4.36,4.36,4.38,4.32,4.38,4.34348,2
29290,214.79605102539062,52.75542068481445,1.04,0.98,1.06,0.88,1.2,0.88,-1
29295,215.0278778076172,52.9201774597168,5.08,5.08,5.16,5.08,5.2,5.24,2
29297,214.85592651367188,52.79814529418945,1.06,1.36,2.52,1.04,2.64,1.29,-1
29300,214.80108642578125,52.759037017822266,4.56,4.5,4.58,4.46,4.6,4.445524,2
29301,215.0110321044922,52.90805435180664,0.86,0.84,0.86,0.84,0.86,3.456961,2
29316,215.0530548095703,52.937408447265625,1.02,1.02,1.04,0.98,1.04,1.81651,2
29317,215.05413818359375,52.937049865722656,1.02,0.98,1.02,0.96,1.04,1.0303,2
29324,215.03472900390625,52.92482376098633,1.04,0.96,1.04,0.92,1.04,1.225957,2
29325,215.0345916748047,52.92463302612305,4.56,4.52,4.6,4.48,4.62,4.62,2
29329,214.8896942138672,52.82207107543945,2.38,2.28,2.56,2.02,2.84,0.545,-1
29340,214.84422302246094,52.78959274291992,5.7,5.68,5.7,5.68,5.7,5.69,2
29350,214.8274688720703,52.777645111083984,4.26,4.26,4.3,4.24,4.34,1.429408,-1
29351,214.83274841308594,52.78135299682617,3.76,3.74,3.78,3.64,3.8,3.78,2
29353,215.12698364257812,52.9898681640625,1.56,1.46,1.66,1.38,1.72,0.2370000034570694,0
29355,214.94436645507812,52.86078643798828,1.82,1.72,1.92,1.68,2.0,1.915,1
29383,214.9400177001953,52.85723114013672,0.7,0.66,0.74,0.64,0.76,0.7038,2
29384,214.96543884277344,52.87559509277344,5.6,5.58,5.64,5.56,5.68,5.64,2
29395,214.80772399902344,52.763404846191406,3.0,3.0,3.1,2.98,3.16,3.09,2
29396,214.8798065185547,52.814369201660156,1.32,1.28,1.32,1.26,1.34,1.33031,2
29403,214.79966735839844,52.7575798034668,2.66,2.5,2.66,2.48,2.68,2.73,1
29405,215.02369689941406,52.91651916503906,0.86,0.84,0.86,0.82,0.88,1.036146,-1
29409,215.07003784179688,52.949337005615234,2.3,2.28,2.72,2.22,2.76,2.1836,2
29412,215.01052856445312,52.907405853271484,0.74,0.72,0.8,0.7,0.82,0.779974,-1
29416,215.05999755859375,52.942222595214844,1.04,1.04,1.04,0.94,1.04,1.68451,2
29426,215.12705993652344,52.9896354675293,1.5,1.48,1.52,1.44,1.54,1.528877,2
29431,214.88597106933594,52.819061279296875,10.3,10.16,10.48,9.98,10.66,10.48,1
29432,214.8860626220703,52.8188362121582,1.36,1.36,1.38,1.36,1.4,1.36,2
29438,214.98851013183594,52.891807556152344,7.04,7.02,7.14,6.98,7.2,7.090952,2
29442,214.92051696777344,52.843421936035156,1.38,1.36,1.42,1.28,1.52,1.4,2
29447,215.02784729003906,52.91946792602539,0.54,0.54,0.54,0.54,0.54,2.4722,2
29457,214.91954040527344,52.841976165771484,1.72,1.68,1.78,1.66,1.82,1.73,2
29466,214.94293212890625,52.859378814697266,3.08,3.06,3.08,3.06,3.14,3.1070001125335693,2
29470,214.8874969482422,52.82000732421875,0.38,0.32,0.48,0.2,0.56,0.19,-1
29471,214.94924926757812,52.86342239379883,1.34,1.3,1.36,1.24,1.38,1.398,2
29477,214.8743896484375,52.81065368652344,3.4,3.4,3.42,3.4,3.42,3.432531,2
29488,214.8691864013672,52.806854248046875,2.7,2.7,2.74,2.68,2.78,2.720161,2
29490,215.0230255126953,52.91600799560547,1.04,0.78,1.04,0.72,1.04,0.98015,2
29491,214.8081512451172,52.76306915283203,0.84,0.82,0.88,0.8,0.9,0.86172,2
29494,214.87095642089844,52.80807876586914,2.02,2.0,2.02,1.98,2.12,2.08,2
29499,214.96710205078125,52.8763542175293,1.16,1.16,1.18,1.14,1.2,1.158791,2
29511,215.1240692138672,52.98630905151367,1.26,1.2,1.3,1.14,1.34,1.2596,2
29513,214.86795043945312,52.80591583251953,1.2,1.16,1.3,1.1,1.36,4.73,1
29519,215.00704956054688,52.90471267700195,0.0,0.0,0.04,0.0,0.04,0.132281,2
29531,214.95738220214844,52.869415283203125,4.36,1.02,4.38,0.84,4.56,4.21619987487793,0
29533,214.9436798095703,52.859657287597656,1.42,1.4,2.02,1.32,2.38,0.83,-1
29543,215.0089874267578,52.90603256225586,1.08,0.2,1.08,0.18,1.38,2.306402,2
29550,214.9527587890625,52.864994049072266,1.04,1.04,1.06,1.02,1.1,1.0975,2
29551,215.08004760742188,52.956024169921875,2.9,2.88,2.92,2.86,2.92,2.94,2
29553,215.1259307861328,52.98784637451172,0.88,0.88,0.94,0.84,0.96,0.9172,2
29554,214.78916931152344,52.74911117553711,0.46,0.44,0.48,0.42,0.5,0.4672,2
29559,215.12950134277344,52.99059295654297,1.54,1.54,1.56,1.54,1.58,1.535,2
29561,214.92108154296875,52.843257904052734,1.74,1.72,1.82,1.7,1.94,1.73,2
29583,214.95428466796875,52.86656951904297,1.88,1.82,1.92,1.76,1.96,1.86624,2
29584,215.1106414794922,52.97713088989258,0.9,0.88,0.92,0.86,0.94,0.919218,-1
29585,214.83395385742188,52.78127670288086,2.28,2.22,2.3,2.18,2.3,2.272581100463867,-1
29586,214.91519165039062,52.839134216308594,3.88,3.86,3.88,3.86,3.88,3.86,2
29589,215.116943359375,52.9818000793457,2.68,2.68,2.72,2.68,2.78,2.577855348587036,-1
29604,214.98162841796875,52.886131286621094,3.42,3.4,3.48,3.3,3.54,4.891596,-1
29614,214.94288635253906,52.85875701904297,5.68,5.66,5.68,5.64,5.7,5.663279,2
29616,215.13421630859375,52.993934631347656,1.22,1.02,1.42,0.54,2.02,1.19350004196167,0
29617,214.82479858398438,52.77452850341797,0.94,0.92,1.06,0.84,1.14,4.99208,-1
29621,214.96983337402344,52.8778076171875,2.52,2.5,2.62,2.48,2.66,3.365151,-1
29627,214.91848754882812,52.84112548828125,1.1,1.08,1.16,1.06,1.22,1.15545,2
29629,215.0712432861328,52.949241638183594,1.4,1.38,1.46,1.34,1.5,1.4026,2
29632,214.95953369140625,52.87001037597656,0.74,0.7,0.76,0.68,0.78,0.751176,-1
29637,214.83494567871094,52.78176498413086,0.58,0.58,0.66,0.56,0.72,0.667742,2
29652,215.06362915039062,52.943382263183594,0.92,0.92,0.94,0.06,0.94,1.0786,2
29653,215.06317138671875,52.94292449951172,2.4,2.38,2.4,2.38,2.4,1.078725,2
29655,215.06288146972656,52.94301223754883,0.94,0.92,0.96,0.92,0.98,1.078725,2
29656,214.93914794921875,52.85595703125,1.14,1.04,1.3,0.9,1.56,5.09,1
29662,215.01222229003906,52.90770721435547,1.36,1.36,1.38,1.36,1.38,1.564726,2
29663,214.93630981445312,52.853912353515625,2.54,2.5,2.64,2.28,2.72,2.62,2
29665,215.04197692871094,52.928741455078125,6.66,6.66,6.66,6.64,6.66,6.1857,2
29666,214.86776733398438,52.8051872253418,2.34,2.02,2.34,1.24,2.42,1.99,-1
29668,215.02935791015625,52.919803619384766,4.64,4.6,4.66,4.56,4.7,0.002739,-1
29674,214.9563751220703,52.868019104003906,1.04,1.04,1.08,1.02,1.1,1.065949,2
29676,215.05677795410156,52.93914794921875,3.68,3.34,3.84,3.0,4.16,1.9405,-1
29677,215.07455444335938,52.95155334472656,0.72,0.7,0.74,0.66,0.78,0.735,-1
29682,215.02308654785156,52.915313720703125,6.56,6.56,6.58,6.54,6.58,6.18,2
29689,215.12115478515625,52.984375,1.4,1.36,1.42,1.32,1.46,1.406,2
29708,214.97337341308594,52.879920959472656,3.44,3.42,3.46,3.42,3.52,3.44,2
29711,214.8773193359375,52.811771392822266,3.34,3.26,3.46,3.08,3.58,3.38,0
29717,215.07196044921875,52.94972610473633,1.44,1.18,1.96,0.5,2.42,1.3868999481201172,0
29727,215.0123291015625,52.90732955932617,0.0,0.0,0.0,0.0,0.0,0.81122,2
29744,214.87741088867188,52.81150436401367,2.02,1.94,2.2,1.34,2.42,9.17,1
29748,214.83811950683594,52.783592224121094,0.56,0.54,0.58,0.54,0.58,0.5461999773979187,2
29759,215.0800323486328,52.956790924072266,4.68,4.68,4.7,4.68,4.72,4.76,2
29771,214.93142700195312,52.850006103515625,1.54,1.48,1.76,1.36,1.92,5.65,1
29780,214.9268035888672,52.84666061401367,1.76,1.76,1.86,1.74,1.92,1.783581,2
29784,214.9333953857422,52.85124206542969,1.14,1.12,1.2,1.1,1.22,1.196902,2
29797,214.9207000732422,52.842288970947266,3.86,3.86,4.1,3.84,4.16,4.17,2
29802,215.125244140625,52.9868049621582,1.7,1.7,1.84,1.68,1.92,1.8173999786376953,2
29803,215.12547302246094,52.986812591552734,2.0,1.74,2.0,1.68,2.04,1.8241000175476074,2
29815,214.7978973388672,52.75429916381836,1.18,1.16,1.24,1.1,1.3,1.23,2
29816,214.85679626464844,52.796199798583984,0.74,0.72,0.78,0.68,0.8,0.7398,2
29820,214.99008178710938,52.891212463378906,0.74,0.7,0.76,0.66,0.78,0.7315,2
29838,214.94577026367188,52.85991287231445,3.4,3.34,3.48,3.3,3.62,3.385699987411499,2
29839,215.11965942382812,52.98283386230469,6.96,6.94,6.98,6.94,7.02,6.95,2
29856,214.92779541015625,52.847145080566406,0.56,0.5,2.02,0.24,2.24,0.46,-1
29866,214.8350372314453,52.780948638916016,3.2,3.18,3.2,3.18,3.22,3.2416133880615234,-1
29873,214.9698944091797,52.87757873535156,1.04,1.04,1.78,0.9,2.3,6.360891,-1
29882,214.9234161376953,52.843902587890625,2.1,2.08,2.26,2.02,2.34,2.144467,2
29888,214.83985900878906,52.78591537475586,4.84,4.84,4.86,4.82,4.88,4.82467,2
29897,214.96669006347656,52.874488830566406,1.24,1.14,1.24,1.08,1.3,0.68,-1
29904,214.82876586914062,52.77644348144531,2.96,2.96,3.46,2.66,3.7,1.477858,-1
29914,214.88487243652344,52.81636047363281,2.3,2.22,2.34,2.18,2.36,2.312306,2
29920,214.86837768554688,52.80462646484375,1.54,1.42,1.56,1.36,1.6,1.350097,2
29922,215.0579376220703,52.93899154663086,4.36,4.34,4.36,4.32,4.38,5.972521,-1
29927,214.9427947998047,52.857486724853516,3.76,3.68,3.94,3.48,4.08,0.78,-1
29939,214.91912841796875,52.8402214050293,3.0,2.98,3.08,2.92,3.14,3.11,2
29940,214.9190673828125,52.840087890625,3.06,3.04,3.08,3.02,3.1,0.438477,-1
29943,215.03567504882812,52.923133850097656,0.5,0.48,0.5,0.48,0.52,0.4538,-1
29946,214.9674072265625,52.87449645996094,2.32,2.24,2.34,2.2,2.34,2.2305,2
29959,215.0804901123047,52.95476531982422,5.18,5.12,5.2,5.08,5.22,5.07,2
29967,214.84864807128906,52.78901290893555,0.3,0.26,0.32,0.24,0.34,0.290047,2
29970,214.84202575683594,52.78559875488281,1.6,1.56,1.6,1.54,1.62,1.613700032234192,1
29972,215.11676025390625,52.979469299316406,0.84,0.82,0.86,0.78,0.88,0.8719,2
29973,215.1168212890625,52.9781608581543,1.08,1.04,1.08,0.96,1.1,0.8713,2
29976,214.93141174316406,52.84907913208008,3.72,3.68,3.72,3.66,3.72,3.72,2
29993,214.8010711669922,52.756187438964844,1.62,1.54,1.62,1.48,1.66,1.615301,2
30015,214.8505401611328,52.79151916503906,1.46,1.4,1.54,1.34,1.78,5.696000099182129,2
30020,215.12484741210938,52.98572540283203,4.42,4.42,4.52,4.4,4.58,4.46,2
30022,214.87982177734375,52.812042236328125,1.62,1.58,1.62,1.54,1.66,1.62085,2
30023,214.8801727294922,52.81256103515625,5.3,5.3,5.3,5.3,5.3,5.277633,2
30024,214.91778564453125,52.83934020996094,1.24,1.08,1.32,0.92,1.54,0.84,-1
30036,215.06443786621094,52.94282150268555,0.54,0.54,0.56,0.54,0.56,0.736604,2
30042,214.89215087890625,52.82080078125,2.3,2.28,2.32,2.24,2.34,2.295282,2
30045,214.89678955078125,52.82423400878906,3.06,3.06,3.22,3.04,3.26,3.63736,-1
30047,214.80630493164062,52.759521484375,1.04,1.02,1.06,1.0,1.08,1.0607,2
30051,214.9004669189453,52.82683181762695,4.66,4.44,4.66,4.38,4.7,4.545,2
30057,214.86669921875,52.80259704589844,2.14,2.1,2.24,2.06,2.68,2.183355,2
30059,214.92239379882812,52.84233093261719,0.72,0.66,0.76,0.62,0.82,0.84,-1
30063,215.1209716796875,52.98291778564453,2.22,1.94,2.66,1.26,2.9,7.032598,-1
30066,215.11390686035156,52.977725982666016,2.44,2.38,2.46,2.34,2.52,2.029002,1
30067,214.8522491455078,52.79249572753906,3.64,3.64,3.72,3.62,3.74,3.650757,-1
30075,214.9290008544922,52.8470573425293,3.0,2.98,3.06,2.96,3.12,3.04,2
30077,215.0784912109375,52.95293426513672,0.96,0.7,1.06,0.6,1.26,5.842801,1
30078,215.1155242919922,52.9790153503418,2.18,2.1,2.24,2.02,2.32,2.301663,2
30085,214.93692016601562,52.85258102416992,3.22,3.2,3.26,3.18,3.28,3.27,2
30090,214.8852081298828,52.81574630737305,2.06,2.06,2.32,2.04,3.0,2.296491,2
30103,214.83230590820312,52.77777099609375,1.86,1.78,1.9,1.74,1.96,1.87,2
30114,215.0205841064453,52.91191864013672,1.08,1.06,1.08,1.04,1.74,1.901526,-1
30118,214.8673553466797,52.803184509277344,1.08,0.92,1.64,0.7,3.52,5.17,1
30121,215.1285858154297,52.98798370361328,2.82,2.8,2.84,2.76,2.86,2.810621,2
30127,215.03172302246094,52.919593811035156,4.94,4.94,4.96,4.94,4.96,4.95,2
30139,214.9254913330078,52.844303131103516,3.82,3.82,3.82,3.82,3.84,3.83,2
30148,214.91844177246094,52.83938980102539,2.76,2.72,2.8,2.7,2.84,2.725637,2
30155,215.00704956054688,52.9019660949707,0.0,-1.0,-1.0,-1.0,-1.0,0.6764,2
30170,214.85769653320312,52.79606628417969,2.12,1.92,2.2,1.6,2.3,0.6,-1
30172,214.80502319335938,52.758480072021484,2.38,2.38,2.44,2.36,2.54,2.17,2
30180,214.8357391357422,52.77986526489258,0.54,0.52,0.56,0.5,0.58,0.546821,2
30184,214.8882293701172,52.81759262084961,1.02,0.96,1.04,0.88,1.06,0.92,-1
30186,214.9632568359375,52.87104415893555,1.92,1.78,1.92,1.74,1.94,1.809991,-1
30187,215.05975341796875,52.9393310546875,9.42,9.24,9.5,9.08,9.68,8.710158,-1
30195,214.84112548828125,52.78406524658203,4.18,4.1,4.18,4.06,4.18,4.17,2
30202,214.93502807617188,52.85097885131836,1.6,1.56,1.6,1.52,1.6,1.575,2
30203,214.935302734375,52.85117721557617,2.34,2.18,2.36,2.14,2.36,2.13,2
30212,214.94981384277344,52.861454010009766,3.54,3.44,3.56,3.44,3.62,3.486956,2
30215,215.0182647705078,52.90974807739258,0.48,-1.0,-1.0,-1.0,-1.0,2.7161,2
30218,214.92042541503906,52.83989334106445,1.86,1.8,1.94,1.74,1.98,1.927055,2
30219,214.92091369628906,52.83997344970703,1.34,1.3,1.4,1.26,1.46,1.33381,2
30221,214.9623565673828,52.87004089355469,2.94,2.76,2.94,2.72,2.94,2.940398,2
30225,214.98590087890625,52.88690948486328,4.5,4.48,4.54,4.46,4.58,0.943,1
30227,215.06556701660156,52.94327926635742,3.86,3.86,3.86,3.84,3.86,4.13,2
30230,214.9845733642578,52.8859977722168,2.38,2.38,2.38,2.36,2.4,2.380627,2
30231,215.0714111328125,52.94590377807617,0.4,0.38,0.42,0.36,0.42,0.3851,2
30233,215.07351684570312,52.94761276245117,0.4,0.34,0.4,0.34,0.42,0.3718,2
30235,214.80421447753906,52.7575798034668,1.24,1.2,1.26,1.16,1.32,1.22221,2
30236,214.87728881835938,52.80983352661133,5.68,5.66,5.68,5.62,5.7,5.674455,2
30243,215.01177978515625,52.90520477294922,0.72,0.68,0.74,0.58,0.8,1.188848,1
30254,214.930908203125,52.84661865234375,0.36,0.36,0.4,0.36,0.42,0.37,2
30268,214.9737548828125,52.87782669067383,0.74,0.72,0.78,0.68,0.8,0.7556,2
30271,215.10025024414062,52.96726989746094,3.44,3.42,3.52,3.32,3.62,3.332802,2
30281,214.9441375732422,52.856990814208984,1.7,1.68,1.76,1.62,1.84,2.998528,2
30285,214.92994689941406,52.847042083740234,0.14,0.12,0.32,0.08,0.38,0.55,-1
30294,214.93338012695312,52.849491119384766,0.12,0.1,0.14,0.1,0.14,0.26,-1
30305,215.06251525878906,52.94033432006836,9.42,9.08,9.46,8.88,9.58,2.984499931335449,0
30306,214.83660888671875,52.780364990234375,3.78,3.76,3.78,3.74,3.78,3.774,2
30308,214.86729431152344,52.80246353149414,3.28,3.16,3.3,3.14,3.3,3.342345,2
30313,214.89805603027344,52.8243293762207,4.64,4.52,4.66,4.42,4.7,4.669144,2
30314,214.89871215820312,52.82472610473633,3.06,3.06,3.16,3.02,3.22,3.221665,2
30318,215.01611328125,52.90789794921875,0.84,0.84,0.86,0.82,0.88,1.3357,2
30320,214.801025390625,52.75516891479492,1.98,1.7,2.52,1.48,2.62,0.62,-1
30326,215.108642578125,52.9732780456543,0.62,0.62,0.8,0.6,0.86,0.597102,-1
30327,215.1195068359375,52.98097610473633,2.98,0.76,3.0,0.54,3.62,3.8375000953674316,0
30331,214.93902587890625,52.8532600402832,3.2,3.16,3.22,3.06,3.26,3.260285,2
30338,214.8089141845703,52.760650634765625,1.74,1.74,1.88,1.72,1.92,1.743227,2
30342,214.94004821777344,52.8537483215332,0.64,0.62,0.66,0.6,0.68,0.675,-1
30348,214.8534393310547,52.79222106933594,2.36,2.36,2.4,2.32,2.42,2.38,2
30351,214.87557983398438,52.80820846557617,1.04,1.06,2.16,0.06,2.62,1.789664,2
30359,214.79212951660156,52.748443603515625,1.72,1.68,1.78,1.64,1.84,1.718,2
30371,215.08172607421875,52.95414352416992,6.96,6.94,6.98,6.92,7.0,6.94,2
30372,215.132080078125,52.98939895629883,2.0,1.98,2.0,1.76,2.0,1.955,2
30374,215.0774688720703,52.951148986816406,1.14,1.18,3.06,1.08,9.44,0.95397,-1
30378,214.8943634033203,52.821311950683594,3.18,3.16,3.24,3.1,3.26,3.2308,2
30385,214.90017700195312,52.82509994506836,0.74,0.7,0.74,0.68,0.76,0.0,0
30386,214.89979553222656,52.82486343383789,2.02,1.68,2.02,1.44,2.04,1.51,2
30390,215.05116271972656,52.93232345581055,5.04,4.9,5.04,4.9,5.06,5.155775,2
30395,214.846923828125,52.78763198852539,2.96,2.66,3.1,2.24,3.54,4.002797,-1
30401,215.02313232421875,52.912681579589844,4.96,4.94,5.0,4.94,5.04,5.018622,2
30404,215.03207397460938,52.91896438598633,6.64,6.64,6.64,6.64,6.64,6.18,2
30407,215.11941528320312,52.97959518432617,0.78,0.76,0.82,0.72,0.84,0.7789,2
30430,214.92218017578125,52.84095001220703,1.44,1.4,1.48,1.34,1.52,1.47,2
30434,214.9603729248047,52.86810302734375,3.48,3.1,3.64,0.96,3.8,7.142936,-1
30441,214.99130249023438,52.89004898071289,6.18,6.16,6.2,6.16,6.2,6.183337,2
30445,214.8855438232422,52.81494140625,3.18,3.14,3.24,3.1,3.28,2.1842000484466553,2
30446,214.88571166992188,52.814918518066406,2.2,2.18,2.22,2.18,2.24,2.18367,2
30456,214.98544311523438,52.88585662841797,6.12,6.12,6.22,6.08,6.34,6.1775,2
30465,214.86074829101562,52.79682540893555,3.86,3.42,3.88,3.3,3.92,3.87,2
30468,214.85862731933594,52.795570373535156,2.0,1.98,2.02,1.78,2.02,1.985772,2
30469,214.85861206054688,52.79543685913086,1.34,1.32,1.4,1.26,1.44,1.370106,2
30472,215.02005004882812,52.910247802734375,4.96,4.96,5.02,4.94,5.04,5.018,2
30480,214.86427307128906,52.798728942871094,1.34,1.26,1.34,1.12,1.34,2.2963,2
30485,215.01217651367188,52.90449142456055,0.5,0.5,0.5,0.5,0.52,3.470958,2
30501,214.96710205078125,52.8724365234375,1.18,1.14,1.2,1.12,1.22,1.21002,2
30504,215.11187744140625,52.974937438964844,6.22,6.2,6.22,6.18,6.24,6.19,2
30511,214.98133850097656,52.882564544677734,4.44,4.42,4.48,4.4,4.54,4.555084,2
30512,214.98162841796875,52.8826789855957,4.4,1.18,4.48,1.08,6.24,4.56953,2
30518,214.87474060058594,52.806785583496094,3.36,3.32,3.4,3.28,3.44,3.352836,2
30531,214.83494567871094,52.778541564941406,2.18,2.12,2.3,2.1,2.36,2.184307,2
30534,214.87774658203125,52.808658599853516,0.84,0.8,0.86,0.76,0.88,0.8237,2
30539,214.92190551757812,52.84035873413086,0.82,0.8,0.84,0.74,0.88,0.837615,2
30546,214.924072265625,52.841983795166016,2.32,2.2,2.6,2.08,2.68,2.304196,1
30550,214.8527069091797,52.79117202758789,4.12,4.0,4.12,3.94,4.16,3.8,1
30566,214.88999938964844,52.817474365234375,0.34,0.34,0.42,0.32,0.42,0.354805,2
30585,214.9414520263672,52.85413360595703,4.92,4.92,5.08,4.9,5.2,5.115,2
30595,214.9192657470703,52.838340759277344,0.48,0.42,0.5,0.3,0.54,0.46,-1
30610,214.9798583984375,52.88080596923828,1.72,1.7,1.72,1.66,1.84,1.6734,2
30613,214.7989501953125,52.75261306762695,0.08,0.06,2.36,0.04,2.42,2.24,2
30622,214.83055114746094,52.77495193481445,3.78,3.74,3.78,3.74,3.8,3.775899887084961,2
30632,215.02101135253906,52.91035461425781,5.04,4.98,5.04,4.94,5.06,5.017,2
30636,214.92176818847656,52.84003448486328,0.14,0.1,1.86,0.08,8.16,8.213600158691406,0
30648,214.85122680664062,52.78977584838867,0.74,0.72,0.84,0.66,0.94,0.78,-1
30652,214.79302978515625,52.748077392578125,3.7,3.68,3.72,3.66,3.72,3.6267,2
30658,214.97900390625,52.8805046081543,3.28,3.24,3.3,3.14,3.3,0.0,-1
30664,215.06707763671875,52.94218826293945,0.76,0.6,0.8,0.58,0.84,0.7485,2
30671,215.1205291748047,52.97898483276367,0.6,0.58,0.64,0.56,0.66,0.620873,2
30675,214.86077880859375,52.79621505737305,1.14,1.12,1.18,1.1,1.2,1.183500051498413,2
30677,214.9423828125,52.8544921875,2.94,2.82,2.94,1.72,2.98,2.9398999214172363,2
30704,214.87908935546875,52.80904769897461,1.82,1.74,1.88,1.7,1.96,1.79407,2
30707,215.06640625,52.941890716552734,6.58,6.56,6.6,6.56,6.62,6.276182,2
30710,214.93521118164062,52.8489875793457,1.08,1.08,1.16,1.04,1.22,1.158803,2
30714,215.02572631835938,52.912750244140625,0.88,0.88,1.04,0.84,1.08,1.097,2
30724,214.79296875,52.74745559692383,1.04,1.04,1.08,1.02,1.12,1.0611,2
30728,214.98092651367188,52.88147735595703,4.58,4.34,4.62,0.96,4.7,5.233799934387207,0
30731,214.9408416748047,52.853172302246094,1.74,1.72,1.94,1.04,1.98,1.06686,2
30732,215.07786560058594,52.95011901855469,7.38,7.36,7.5,7.34,7.54,7.388581,2
30735,214.937744140625,52.850303649902344,1.02,1.02,1.06,1.0,1.08,1.03,2
30740,214.97813415527344,52.879512786865234,4.56,4.54,4.58,4.52,4.6,4.551042,-1
30741,215.0312957763672,52.91710662841797,4.96,4.94,4.98,4.94,5.0,3.46,2
30747,214.81329345703125,52.7621955871582,3.56,3.52,3.76,3.44,3.8,3.792063,2
30748,214.8310089111328,52.77495574951172,3.8,3.82,4.22,3.7,4.36,3.104745,1
30749,214.94674682617188,52.856868743896484,1.44,1.42,1.46,1.38,1.5,1.47,2
30756,215.05906677246094,52.93642807006836,4.32,4.32,4.34,4.3,4.34,4.29,2
30760,215.02308654785156,52.91123580932617,0.84,0.84,0.86,0.82,0.86,3.46,2
30777,215.031005859375,52.916439056396484,0.92,0.92,0.94,0.9,0.96,1.088903,2
30781,214.85838317871094,52.794288635253906,3.46,3.34,3.62,2.94,3.76,2.527100086212158,0
30782,214.85830688476562,52.7941780090332,2.6,2.52,2.64,2.5,2.66,2.515609,2
30785,214.8963623046875,52.82126235961914,2.02,2.0,2.02,2.0,2.02,2.043439,2
30786,214.8087158203125,52.75883483886719,5.04,4.96,5.04,4.94,5.06,5.23162,2
30787,214.88540649414062,52.81332778930664,1.96,1.84,1.96,1.76,1.98,0.674406,2
30804,215.12374877929688,52.982154846191406,2.4,1.74,2.44,1.32,2.64,9.31760025024414,0
30807,215.01499938964844,52.90508270263672,0.82,0.82,0.88,0.82,1.08,1.6895999908447266,2
30809,214.85935974121094,52.79488754272461,3.7,3.54,3.7,3.46,3.72,6.098777,-1
30811,214.88638305664062,52.813804626464844,1.98,1.9,1.98,1.78,1.98,1.915371,2
30813,214.80992126464844,52.759620666503906,1.68,1.64,1.7,1.32,1.72,1.637777,2
30833,214.9366455078125,52.849666595458984,1.12,1.1,1.18,1.08,1.2,1.1595,2
30845,215.12803649902344,52.98495101928711,6.66,6.66,6.68,6.66,6.7,6.68,2
30847,214.9692840576172,52.87257766723633,1.2,1.16,1.22,1.12,1.24,1.22,2
30853,215.12660217285156,52.9838981628418,2.56,2.4,2.66,2.28,2.74,6.6722002029418945,2
30854,215.12672424316406,52.983848571777344,6.68,6.66,6.7,6.66,6.7,6.68,2
30905,215.05517578125,52.933231353759766,3.2,3.18,3.22,3.18,3.24,5.17344,-1
30915,214.9879913330078,52.88578796386719,1.22,1.1,1.24,1.06,1.28,1.209768,1
30916,214.98458862304688,52.88340377807617,0.96,0.94,0.96,0.92,0.98,0.92,-1
30920,214.99334716796875,52.88944625854492,0.34,0.32,0.4,0.3,0.42,0.355,2
30922,215.07638549804688,52.94776153564453,1.36,1.36,1.4,1.36,1.4,1.3883,2
30927,214.8516387939453,52.788978576660156,3.72,3.62,3.74,3.54,3.78,3.770799,2
30947,215.13246154785156,52.98774337768555,5.22,5.1,5.24,5.02,5.26,5.29,2
30959,214.9437255859375,52.85432815551758,3.54,3.34,3.7,0.42,3.9,3.08,1
30963,214.9364776611328,52.84910202026367,1.2,1.12,1.22,1.04,1.3,1.223286,-1
30964,214.9364776611328,52.84895706176758,1.72,1.7,1.92,1.22,2.02,0.57,-1
30974,214.94168090820312,52.85275650024414,3.56,3.54,3.56,3.52,3.66,3.515092,2
30977,214.86781311035156,52.79875564575195,0.78,0.76,0.82,0.72,0.84,0.7811,2
30981,214.86595153808594,52.79888153076172,2.08,2.08,2.12,2.08,2.18,2.064382,2
30982,214.86734008789062,52.799896240234375,4.2,4.42,5.54,3.98,5.82,5.932199954986572,0
30983,214.89817810058594,52.821834564208984,2.3,2.2,2.32,2.16,2.34,2.167569,2
30984,214.99037170410156,52.88727569580078,4.12,4.04,4.14,3.98,4.16,4.135945,2
30989,214.9649658203125,52.868797302246094,0.58,0.54,0.62,0.52,0.64,0.576591,2
30996,214.8960418701172,52.82056427001953,4.58,4.42,4.6,4.4,4.62,4.580748,2
31003,214.98886108398438,52.88605880737305,3.04,2.82,3.28,2.0,3.48,3.44,2
31007,215.1158447265625,52.9757080078125,2.0,1.72,2.0,1.7,2.02,1.789632,2
31021,215.02642822265625,52.912506103515625,3.68,0.7,3.68,0.68,3.7,3.65,2
31025,215.0571746826172,52.93435287475586,4.3,4.28,4.32,4.26,4.32,4.29,2
31049,215.06947326660156,52.94290542602539,0.96,0.96,0.96,0.96,0.96,5.74963,-1
31072,214.9664306640625,52.869998931884766,4.26,4.24,4.3,4.24,4.32,4.28338,2
31086,214.89405822753906,52.81846237182617,0.82,0.76,0.82,0.72,0.84,0.818382,-1
31094,214.8385467529297,52.778961181640625,5.08,5.02,5.18,4.92,5.24,4.89,2
31098,214.8604736328125,52.79434585571289,0.54,0.54,0.58,0.52,0.6,0.549556,2
31113,215.04254150390625,52.92369842529297,0.54,0.54,0.56,0.52,0.58,1.406,1
31117,215.10617065429688,52.96858215332031,2.02,2.0,2.14,1.72,2.5,1.643946,1
31118,214.8544921875,52.79025650024414,4.56,4.52,4.58,4.48,4.6,4.56,2
31126,214.88560485839844,52.81235122680664,4.86,4.84,4.88,4.82,4.92,4.877463,1
31128,214.9305877685547,52.84394454956055,0.88,0.84,0.9,0.82,0.92,0.8082,2
31134,214.85882568359375,52.79330062866211,2.22,2.2,2.22,2.18,2.24,2.15335,2
31148,214.9676513671875,52.87049865722656,1.42,1.36,1.44,1.28,1.5,1.406551,2
31162,214.99891662597656,52.89252471923828,1.46,1.34,1.46,1.32,1.48,1.28302,2
31163,215.1097869873047,52.97096633911133,1.62,1.14,1.7,1.04,1.86,0.563577,-1
31177,214.94024658203125,52.85100555419922,3.42,3.42,3.44,3.4,3.48,3.450900077819824,0
31186,215.01113891601562,52.90119552612305,0.82,0.8,0.84,0.78,0.86,2.803800106048584,0
31189,214.8792724609375,52.80646514892578,1.78,1.76,1.86,1.74,1.92,1.79268,2
31194,214.9216766357422,52.83749008178711,1.32,1.28,1.36,1.26,1.4,1.3341,2
31197,214.93685913085938,52.8482551574707,1.08,1.08,1.16,1.06,1.22,1.18803,2
31198,214.9270782470703,52.84024429321289,0.82,0.8,0.84,0.78,0.86,0.816964,2
31209,215.07826232910156,52.9484977722168,6.92,6.9,6.98,6.86,7.16,6.79,2
31216,214.8978729248047,52.82056427001953,0.74,0.7,0.78,0.68,0.8,0.72,-1
31219,214.99354553222656,52.88856506347656,4.18,4.02,4.2,3.92,4.28,7.62177,-1
31223,215.03306579589844,52.91646194458008,0.48,0.44,0.52,0.34,0.52,0.165273,-1
31228,214.9297637939453,52.8432502746582,3.2,3.16,3.24,3.1,3.28,3.254067,2
31231,214.8117218017578,52.75891876220703,1.04,1.02,1.06,1.02,1.08,1.0603,2
31243,215.0128631591797,52.90143585205078,0.84,0.82,0.86,0.82,0.88,0.743948,2
31251,214.80548095703125,52.754730224609375,5.82,5.72,5.84,5.68,5.86,5.8615,2
31254,215.12350463867188,52.97993469238281,0.62,0.58,0.64,0.54,0.66,0.61985,2
31262,214.86553955078125,52.79741287231445,1.34,1.34,1.38,1.32,1.4,1.3589999675750732,2
31269,214.95375061035156,52.86019515991211,2.98,2.94,3.12,2.86,3.22,1.52,-1
31293,214.89163208007812,52.81594467163086,5.66,5.64,5.68,5.62,5.68,5.68,2
31295,214.9702606201172,52.87131118774414,0.16,0.16,0.22,0.12,0.24,0.20288,2
31303,214.89984130859375,52.821449279785156,0.44,0.44,0.5,0.42,0.5,0.462,2
31306,214.80056762695312,52.750953674316406,3.8,3.78,3.8,3.76,3.8,3.804378,2
31315,214.97837829589844,52.87739562988281,7.04,7.04,7.22,7.02,7.28,7.008253,2
31317,215.12667846679688,52.982139587402344,0.42,2.98,3.58,0.4,3.78,1.973099946975708,0
31321,214.9367218017578,52.847259521484375,0.36,0.36,0.4,0.36,0.42,0.371747,-1
31333,214.8311004638672,52.771793365478516,0.74,0.7,0.76,0.68,0.78,0.7364,2
31334,214.93386840820312,52.84578323364258,6.28,6.26,6.48,6.18,6.58,6.175,1
31347,214.99098205566406,52.88597106933594,3.44,3.42,3.44,3.42,3.46,3.43,2
31350,215.13011169433594,52.984413146972656,1.94,1.88,1.94,1.74,1.96,1.2490906715393066,-1
31358,214.8756866455078,52.804317474365234,1.36,1.26,1.66,1.14,1.92,1.2,-1
31361,215.0713653564453,52.94292068481445,3.18,3.16,3.2,3.14,3.24,7.303117,-1
31372,214.88270568847656,52.808956146240234,1.54,1.54,1.58,1.5,1.6,1.53704,2
31378,214.94708251953125,52.85496520996094,4.54,4.5,4.6,4.46,4.62,4.534828,2
31381,215.08160400390625,52.94993209838867,2.64,2.54,2.64,2.5,2.66,1.90374,2
31384,215.0614013671875,52.93584442138672,0.06,0.08,1.2,0.06,1.58,0.744821,-1
31388,215.08750915527344,52.95423889160156,4.92,4.92,4.98,4.92,5.02,5.007891,-1
31394,215.07823181152344,52.94757080078125,3.86,3.86,3.88,3.86,4.0,3.87,2
31400,214.78236389160156,52.7375373840332,3.08,2.98,3.14,2.9,3.2,0.6,-1
31411,215.06617736816406,52.939117431640625,4.1,3.96,4.12,3.86,4.16,1.2094999551773071,0
31412,215.06634521484375,52.939144134521484,3.84,3.84,4.1,3.82,4.28,6.490181,-1
31419,214.876708984375,52.80451965332031,2.72,2.72,2.8,2.7,2.82,2.719707,2
31427,215.10987854003906,52.969520568847656,1.08,1.06,1.1,1.04,1.14,1.1,2
31433,214.7877197265625,52.74074935913086,1.18,1.14,1.24,1.1,1.28,1.22777,2
31436,214.9386749267578,52.848793029785156,4.84,4.84,4.84,4.82,4.84,4.823796,-1
31448,215.11610412597656,52.97418975830078,4.44,4.42,4.46,4.42,4.5,4.5,2
31473,214.94151306152344,52.85055923461914,2.62,2.58,2.62,2.56,2.64,2.54,2
31479,215.13148498535156,52.98491287231445,23.4,23.18,23.74,22.96,24.14,7.446421,1
31480,214.96131896972656,52.86445236206055,1.36,1.36,1.4,1.36,1.4,1.35962,2
31497,214.9016876220703,52.82209014892578,0.28,0.26,0.3,0.22,0.32,0.284653,2
31499,215.07461547851562,52.94472885131836,6.96,6.94,6.98,6.92,7.0,6.94,2
31500,215.07460021972656,52.94465255737305,6.92,6.88,6.94,6.84,6.96,6.933806,2
31508,214.9950408935547,52.888423919677734,4.0,3.98,4.04,3.86,4.06,3.875911,2
31513,214.8920440673828,52.815330505371094,4.82,4.82,4.84,4.8,4.86,4.8015,2
31526,214.88401794433594,52.80952835083008,2.94,2.92,2.94,2.88,2.94,2.942634,2
31527,214.89491271972656,52.81715393066406,3.16,3.12,3.22,3.06,3.28,2.238725,-1
31531,214.89195251464844,52.81521987915039,4.82,4.8,4.84,4.8,4.86,4.8,0
31540,214.794921875,52.7459831237793,1.36,1.36,1.48,1.32,1.58,1.385,-1
31543,214.98980712890625,52.88462829589844,5.08,5.06,5.1,5.0,5.12,5.080647,2
31548,214.97593688964844,52.87392807006836,1.54,1.54,1.58,1.54,1.6,1.54467,2
31554,215.1370849609375,52.988555908203125,5.28,5.28,5.28,5.26,5.3,5.2848,2
31556,214.98492431640625,52.880958557128906,2.6,2.5,2.64,2.44,2.68,2.643746,2
31573,214.860595703125,52.792720794677734,2.1,2.08,2.14,2.04,2.2,2.09,2
31579,214.9484100341797,52.85509490966797,5.2,5.08,5.24,4.92,5.28,5.246929,2
31587,214.85775756835938,52.790435791015625,1.5,1.48,1.54,1.42,1.58,1.5348,2
31608,214.98297119140625,52.87923049926758,0.04,0.04,0.06,0.04,0.06,0.7074,2
31612,215.08607482910156,52.952213287353516,5.08,5.08,5.22,5.04,5.3,5.08,2
31621,214.8621826171875,52.79369354248047,0.7,0.68,0.74,0.62,0.94,0.84,-1
31627,214.9296112060547,52.841590881347656,2.38,2.38,2.38,2.36,2.38,2.371286,2
31634,214.92649841308594,52.83881378173828,0.82,0.8,0.84,0.76,0.86,0.8159,2
31639,214.8762969970703,52.80363845825195,1.0,0.94,1.0,0.88,1.04,0.9004999995231628,2
31646,214.9059600830078,52.824703216552734,3.44,3.42,3.58,3.0,3.7,0.46,-1
31654,214.83387756347656,52.773277282714844,1.54,1.48,1.58,1.44,1.64,1.5437999963760376,0
31657,214.9553680419922,52.859432220458984,2.1,2.1,2.2,2.08,2.26,2.1855,2
31692,214.8573760986328,52.789974212646484,3.8,3.72,3.82,3.64,3.92,4.116300106048584,0
31696,214.8548126220703,52.78813552856445,5.06,5.06,5.08,5.04,5.16,5.059188,2
31698,214.99606323242188,52.88843536376953,3.16,3.12,3.18,3.08,3.22,3.15,2
31714,215.1266632080078,52.98040771484375,1.02,1.02,1.04,0.98,1.04,1.0359,2
31715,215.12747192382812,52.98019790649414,0.58,0.56,0.6,0.52,0.62,0.568998,2
31749,214.9419403076172,52.84988021850586,5.16,5.14,5.18,5.12,5.2,5.222403,2
31754,214.8086700439453,52.754947662353516,0.98,0.94,1.02,0.9,1.04,9.937219,-1
31781,214.88795471191406,52.811012268066406,2.06,2.04,2.08,2.02,2.14,2.04,2
31785,214.84388732910156,52.780029296875,3.76,3.74,3.76,3.74,3.78,3.775,1
31792,214.9503173828125,52.8557014465332,5.1,5.08,5.14,5.08,5.2,5.236857,2
31807,215.13893127441406,52.98885726928711,4.88,4.86,4.92,4.84,5.0,3.794092,-1
31810,215.07505798339844,52.94382858276367,7.0,6.98,7.14,6.96,7.18,6.96,2
31817,214.938232421875,52.84700393676758,1.46,1.44,1.46,1.42,1.48,1.47344,2
31820,215.05123901367188,52.926639556884766,0.44,0.42,0.5,0.4,0.52,0.45,2
31822,214.80044555664062,52.7488899230957,4.94,4.92,4.96,4.9,5.02,5.28,2
31829,215.12911987304688,52.981895446777344,2.88,2.8,2.92,2.68,2.94,9.017105,-1
31832,214.92579650878906,52.83808898925781,1.32,1.3,1.4,1.26,1.48,1.345401,-1
31835,214.9046630859375,52.82309341430664,2.24,1.66,2.4,1.24,2.7,8.03,1
31839,215.13418579101562,52.98286056518555,0.2,0.18,0.22,0.16,0.24,0.2001,2
31851,215.01821899414062,52.90333938598633,0.48,0.48,0.5,0.46,0.52,0.577723,2
31865,214.86883544921875,52.797481536865234,5.12,5.1,5.16,5.1,5.18,5.216263,2
31870,215.06300354003906,52.934810638427734,2.32,2.28,2.34,2.22,2.36,2.2918,2
31875,214.93899536132812,52.84999084472656,1.02,0.92,1.12,0.86,1.22,0.99,-1
31880,214.9275665283203,52.839176177978516,1.14,1.08,1.26,1.02,1.34,1.15,2
31881,214.94757080078125,52.853389739990234,5.2,5.1,5.2,5.06,5.24,5.24283,-1
31893,215.06631469726562,52.93738555908203,6.8,6.78,6.86,6.76,6.92,6.9632,1
31896,215.139892578125,52.98811721801758,0.7,0.64,0.72,0.64,0.74,0.705,-1
31902,215.1360626220703,52.9864501953125,1.7,1.68,1.72,1.68,1.8,1.695,2
31907,215.02786254882812,52.91014099121094,4.32,4.3,4.34,4.28,4.36,4.36,2
31910,214.83450317382812,52.77286911010742,1.5,1.42,1.64,1.36,1.82,3.1735999584198,0
31936,214.94158935546875,52.849002838134766,4.42,4.4,4.46,4.4,4.54,4.539485,2
31948,214.99295043945312,52.885215759277344,3.44,3.42,3.52,3.38,3.58,3.44,2
31949,214.99298095703125,52.88507843017578,1.08,1.06,1.12,1.04,1.18,1.1086,2
31956,215.0692596435547,52.93925857543945,0.88,0.76,4.34,0.54,4.46,8.922659,-1
31959,215.0216064453125,52.90521240234375,0.54,0.52,0.58,0.5,0.6,0.8691,2
31971,215.1167755126953,52.97249221801758,2.24,2.18,2.3,2.12,2.36,2.287,2
31977,214.98748779296875,52.8813591003418,3.42,3.42,3.42,3.42,3.44,3.440555,2
31991,214.93203735351562,52.84196090698242,1.08,1.06,1.24,0.94,1.48,3.006402,-1
31996,214.83877563476562,52.77556610107422,5.34,5.32,5.4,4.96,5.56,5.3972,2
32002,215.111083984375,52.96852493286133,6.1,6.08,6.12,6.06,6.16,6.114185,-1
32018,214.94369506835938,52.85007095336914,5.18,5.08,5.24,5.0,5.3,5.0087399999999995,2
32019,214.9439239501953,52.85004425048828,5.04,5.02,5.06,5.0,5.06,5.01,2
32021,214.98829650878906,52.88172149658203,5.4,5.36,5.56,4.8,5.64,4.423563,-1
32026,214.9320831298828,52.84186935424805,10.66,10.5,10.8,10.36,10.94,10.85,1
32027,214.8132781982422,52.757198333740234,1.6,1.5,1.6,1.42,1.78,1.54,2
32036,214.8457489013672,52.78032684326172,5.76,5.74,5.76,5.74,5.78,5.743779,2
32039,214.93592834472656,52.844547271728516,2.0,1.24,1.96,1.0,2.0,0.935677,-1
32040,214.93850708007812,52.846397399902344,5.12,5.08,5.18,5.02,5.22,5.0,2
32044,214.8005828857422,52.747825622558594,1.78,1.74,1.96,1.72,1.98,1.76,2
32049,214.93028259277344,52.84046173095703,0.82,0.72,0.84,0.68,0.9,0.3671000003814697,0
32053,215.03392028808594,52.91378402709961,0.82,0.82,0.94,0.78,1.38,0.418843,-1
32062,214.9882049560547,52.88142776489258,5.56,5.56,5.58,5.56,5.6,5.559851,2
32079,214.99168395996094,52.88346481323242,0.9,0.88,0.94,0.84,0.96,0.9207,2
32084,214.8343048095703,52.77201843261719,2.36,1.42,2.36,1.34,2.4,2.333089,1
32093,214.80972290039062,52.75432586669922,5.5,5.48,5.52,5.46,5.52,5.424,2
32115,215.04580688476562,52.921791076660156,0.52,0.5,0.52,0.48,0.54,0.569272,2
32117,215.1181182861328,52.97306823730469,2.28,2.12,2.28,2.02,2.32,2.1589,2
32122,214.94869995117188,52.853267669677734,6.78,6.76,6.78,6.74,6.8,6.76,2
32150,214.95237731933594,52.85561752319336,1.72,1.72,1.82,1.7,1.86,1.80107,2
32151,214.90328979492188,52.82088088989258,2.02,2.0,2.04,1.82,2.76,6.106299877166748,0
32152,215.07952880859375,52.945594787597656,0.92,0.88,0.96,0.86,1.0,0.956514,-1
32157,214.89395141601562,52.8137321472168,0.74,0.72,0.78,0.68,0.8,0.727935,2
32167,214.9432830810547,52.84918212890625,5.18,5.12,5.2,5.08,5.22,5.243599891662598,2
32174,214.94461059570312,52.85015106201172,0.28,0.3,1.32,0.28,3.46,1.457772,-1
32176,214.87242126464844,52.798458099365234,0.7,0.68,0.74,0.66,0.76,0.7182,2
32180,215.0364990234375,52.91518020629883,0.84,0.78,0.92,0.72,1.02,2.400015,-1
32196,214.9328155517578,52.8414192199707,0.72,0.68,0.76,0.66,0.78,0.7315,2
32198,214.9334259033203,52.841583251953125,3.16,3.08,3.2,3.04,3.24,3.24,2
32207,214.78916931152344,52.73887634277344,0.2,0.18,0.22,0.16,0.24,0.2077,2
32222,214.99502563476562,52.88567352294922,2.6,2.58,2.62,2.56,2.62,2.587796,2
32235,214.86036682128906,52.79000473022461,3.78,3.76,3.78,3.7,3.78,2.206477,-1
32237,214.94122314453125,52.84738540649414,0.44,0.44,0.52,0.42,0.54,0.4878,2
32254,215.01315307617188,52.89804458618164,0.0,0.0,0.0,0.0,0.0,1.1716,2
32256,215.0729522705078,52.94068145751953,1.36,1.32,1.4,1.24,1.46,1.350649,-1
32258,214.9438934326172,52.849342346191406,5.18,5.14,5.2,5.12,5.22,5.22,2
32286,215.0229034423828,52.904911041259766,0.06,0.06,0.06,0.04,0.06,1.22665,2
32287,215.0233154296875,52.90486145019531,1.14,0.98,1.22,0.88,1.24,1.1968,2
32288,215.02540588378906,52.90693664550781,4.78,4.76,4.8,4.74,4.8,4.77813,2
32294,214.8121337890625,52.75542068481445,5.52,5.5,5.52,5.48,5.54,5.433116,2
32313,214.98036193847656,52.87490463256836,2.02,1.9,2.06,1.78,2.16,2.18,1
32325,215.0021209716797,52.89007568359375,0.48,0.44,0.5,0.42,0.52,0.460893,2
32340,214.83956909179688,52.774627685546875,2.68,2.68,2.68,2.68,2.7,2.67848,2
32342,215.0874786376953,52.94987106323242,0.46,0.44,0.48,0.44,0.5,0.4633,2
32345,214.8060760498047,52.75086975097656,7.64,7.62,7.7,7.6,7.74,7.64,2
32346,214.89193725585938,52.81206130981445,2.02,2.0,2.02,1.86,2.22,2.002346,2
32348,214.9357147216797,52.84309387207031,3.76,3.7,3.78,3.62,3.78,3.764491,2
32349,214.8961944580078,52.8150634765625,4.38,4.38,4.4,4.36,4.4,4.382261,2
32355,214.8383026123047,52.773799896240234,2.98,2.98,3.0,1.96,3.08,2.965981,2
32361,214.871337890625,52.797325134277344,5.68,5.68,5.68,5.64,5.7,5.692839,2
32366,214.90037536621094,52.81752395629883,0.68,0.66,0.7,0.64,0.72,0.718227,2
32380,214.79319763183594,52.741416931152344,4.96,4.96,5.26,4.94,5.26,5.2861,-1
32402,214.9353485107422,52.842735290527344,0.56,0.56,0.78,0.54,1.22,5.08,1
32407,214.95738220214844,52.85816955566406,0.34,0.32,0.38,0.28,0.42,0.347211,2
32418,214.93479919433594,52.84225082397461,5.1,5.08,5.16,5.06,5.22,5.251073,2
32430,215.07797241210938,52.943477630615234,1.8,1.72,1.98,1.6,2.1,1.89939,2
32437,214.9922637939453,52.88292694091797,3.78,3.78,4.1,3.74,4.2,3.766054,2
32440,214.86767578125,52.794464111328125,4.86,4.86,4.88,4.86,4.88,4.886594,2
32452,215.10658264160156,52.96340560913086,2.66,2.62,2.66,2.6,2.66,2.648911,2
32465,214.95489501953125,52.85633087158203,1.04,0.96,1.08,0.78,1.14,0.78,-1
32477,215.02691650390625,52.90720748901367,4.3,4.3,4.32,4.28,4.32,4.3054,2
32480,214.8108367919922,52.75358581542969,2.46,2.3,2.48,2.14,2.56,2.46,2
32484,214.89903259277344,52.8165397644043,2.68,2.68,2.72,2.68,2.84,2.843682,2
32488,214.94064331054688,52.845970153808594,3.52,3.52,3.56,3.5,3.66,3.500585,2
32500,215.14279174804688,52.988895416259766,2.0,1.72,1.92,1.68,2.0,0.76,-1
32506,214.85557556152344,52.785396575927734,2.18,2.14,2.24,2.12,2.3,2.190436840057373,-1
32512,215.05418395996094,52.9259033203125,1.08,1.08,1.14,1.06,1.18,1.038,2
32515,215.04501342773438,52.91946792602539,1.6,1.58,1.62,1.56,1.64,1.592,2
32521,214.8126220703125,52.754852294921875,5.48,5.46,5.5,5.42,5.52,5.42,2
32529,215.0830841064453,52.94674301147461,3.66,3.62,3.7,3.54,3.72,3.67,2
32548,214.8185577392578,52.75898361206055,5.02,4.98,5.04,4.92,5.06,4.99,2
32553,215.0896453857422,52.951210021972656,0.88,0.84,0.92,0.76,0.96,0.87,-1
32554,214.9490203857422,52.851741790771484,4.84,4.82,4.88,4.74,4.94,3.7197000980377197,2
32556,215.1148681640625,52.96870422363281,0.34,0.32,0.36,0.3,0.38,0.41733,-1
32588,215.1200408935547,52.97256088256836,8.52,8.36,8.6,8.22,8.72,8.089564,1
32589,214.8752899169922,52.799259185791016,3.32,3.3,3.32,3.3,3.36,3.338637,2
32591,214.93800354003906,52.84379959106445,5.26,5.04,5.28,4.94,5.3,5.26,2
32606,215.0001220703125,52.8871955871582,1.08,1.04,1.12,1.04,1.14,1.0964,2
32608,214.83570861816406,52.770782470703125,0.94,0.92,1.02,0.88,1.04,0.98278,2
32609,215.06484985351562,52.93338394165039,0.56,0.56,0.58,0.54,0.58,0.577771,2
32612,214.8669891357422,52.793182373046875,2.08,2.06,2.1,2.04,2.16,2.0848,2
32632,214.95791625976562,52.85780334472656,5.12,5.1,5.2,5.06,5.22,5.245919,2
32637,215.0467529296875,52.92046356201172,0.84,0.82,0.86,0.82,0.9,1.59089,2
32647,214.80743408203125,52.75052261352539,3.12,2.78,3.22,2.6,3.4,3.19,2
32649,214.87994384765625,52.802337646484375,3.8,3.74,3.96,3.52,4.18,3.78,2
32650,214.95079040527344,52.85267639160156,4.52,4.4,4.6,4.26,4.66,4.407718,2
32673,214.81153869628906,52.75288391113281,0.34,0.34,0.36,0.34,0.42,0.3457,2
32678,214.89666748046875,52.814090728759766,2.68,2.68,2.72,2.6,2.78,2.716385,2
32681,214.95298767089844,52.85413360595703,3.76,3.58,3.78,3.52,3.88,3.7616000175476074,2
32698,214.99925231933594,52.88685989379883,0.84,0.74,0.94,0.68,1.04,0.6,-1
32701,215.11329650878906,52.96730422973633,2.72,2.7,2.76,2.68,2.8,2.73474,2
32722,215.0909423828125,52.951534271240234,5.52,5.52,5.52,5.5,5.54,5.505,2
32732,214.8199462890625,52.75925064086914,1.62,1.5,1.72,1.24,1.86,1.925,-1
32736,214.84036254882812,52.77384948730469,6.78,6.76,6.8,6.74,6.84,6.718,2
32741,214.93580627441406,52.84177017211914,3.84,3.84,3.88,3.84,3.88,3.85,2
32750,214.9268341064453,52.8353271484375,4.5,4.46,4.56,4.42,4.6,4.463783,2
32754,215.0654754638672,52.93347930908203,5.14,5.1,5.2,5.08,5.22,5.2243,2
32778,215.1219940185547,52.97297668457031,2.5,2.48,2.6,2.48,2.64,2.505387,2
32781,214.8497314453125,52.77989959716797,1.14,1.1,1.18,1.06,1.22,0.8038,2
32782,214.85032653808594,52.78014373779297,0.8,0.76,0.82,0.72,0.86,0.79948,2
32783,214.96897888183594,52.86501693725586,3.78,3.76,3.78,3.74,3.78,3.757453,2
32787,214.96810913085938,52.864383697509766,3.2,3.12,3.28,3.04,3.34,6.612088,-1
32800,215.13241577148438,52.979610443115234,0.84,0.82,0.86,0.8,0.88,0.7522,2
32804,214.98902893066406,52.879276275634766,9.14,9.0,9.26,8.74,9.78,9.2,2
32810,215.11312866210938,52.9669075012207,3.7,3.66,3.72,3.62,3.74,1.3286000490188599,0
32813,214.8947296142578,52.812129974365234,4.86,4.86,4.86,4.86,4.86,4.89,2
32814,214.94784545898438,52.85004806518555,0.86,0.58,0.94,0.52,1.2,0.62,-1
32819,215.125,52.975223541259766,2.72,2.7,2.8,2.68,2.84,2.74,2
32821,214.9602508544922,52.858829498291016,6.74,6.74,6.76,6.72,6.78,6.727984,2
32828,215.0192108154297,52.89973068237305,0.48,0.48,0.48,0.48,0.48,0.658566,2
32830,214.9080352783203,52.821468353271484,0.72,0.7,0.74,0.68,0.78,0.7282,2
32843,214.8153076171875,52.7556037902832,5.5,5.46,5.52,5.42,5.54,5.43,2
32871,214.89854431152344,52.8148307800293,4.68,4.66,4.72,4.64,4.76,4.665712,2
32892,215.1226043701172,52.97319793701172,6.32,6.3,6.36,6.3,6.38,6.39,2
32901,215.12628173828125,52.97548294067383,2.82,2.74,2.84,2.7,3.98,2.735,2
32915,215.107666015625,52.96250534057617,2.6,2.52,2.62,2.48,2.66,2.651103,2
32923,214.83978271484375,52.77276611328125,5.22,5.12,5.22,5.08,5.24,5.238100051879883,2
32925,214.89178466796875,52.809837341308594,2.34,2.32,2.34,2.3,2.34,2.299786,2
32948,215.0760955810547,52.940330505371094,3.52,3.26,3.66,2.76,3.86,6.88079,-1
32958,214.89480590820312,52.81172561645508,0.42,0.38,0.44,0.34,0.46,0.406059,2
32966,214.8602294921875,52.78717041015625,4.12,4.02,4.12,4.0,4.14,4.04,2
32975,214.85096740722656,52.780494689941406,5.24,5.1,5.24,5.04,5.26,5.276028,-1
32980,215.05641174316406,52.926177978515625,1.7,1.66,1.74,1.6,1.78,1.901817,2
32995,214.79568481445312,52.74064636230469,1.36,1.36,1.4,1.34,1.46,1.35962,2
33003,214.83888244628906,52.77159118652344,1.08,1.04,1.08,1.04,1.1,1.0937,2
33004,214.85638427734375,52.78430938720703,2.36,2.34,2.38,2.18,2.42,2.2,2
33010,214.95504760742188,52.85432052612305,1.48,1.4,1.54,1.34,1.6,1.56,-1
33020,214.9320068359375,52.83753204345703,0.74,0.7,0.76,0.68,0.8,0.7356,2
33036,215.03306579589844,52.909549713134766,0.78,0.72,0.82,0.68,0.84,0.811239,-1
33040,214.99398803710938,52.88190460205078,3.4,3.24,3.42,3.04,3.5,3.45,2
33050,214.96041870117188,52.857810974121094,1.32,1.28,1.34,1.26,1.38,1.331615,2
33058,214.87757873535156,52.799041748046875,1.02,0.96,1.02,0.9,1.06,0.99,2
33061,214.941650390625,52.84461975097656,1.52,1.48,1.54,1.42,1.6,1.54,2
33066,215.03140258789062,52.90816116333008,3.46,3.44,3.48,3.44,3.68,3.45,2
33078,215.06349182128906,52.93049621582031,0.4,0.36,0.4,0.34,0.42,0.4037,2
33079,214.78692626953125,52.73354721069336,0.36,0.36,0.36,0.36,0.36,0.2948,2
33081,214.91067504882812,52.82260513305664,1.72,1.68,1.8,1.64,1.92,1.672185,1
33082,214.99598693847656,52.88313293457031,0.94,0.88,0.98,0.82,1.02,0.712416,-1
33083,214.9960174560547,52.88301086425781,3.42,3.42,3.44,3.4,3.46,3.44,2
33085,214.90487670898438,52.81855010986328,2.02,1.92,2.1,1.8,2.2,4.98,1
33090,214.9086151123047,52.821067810058594,0.38,0.36,0.4,0.34,0.42,0.394678,1
33091,214.90042114257812,52.81511688232422,2.22,2.14,2.24,2.12,2.32,2.164189,2
33094,215.0185546875,52.89911651611328,5.76,5.74,5.8,5.72,5.82,5.457811,2
33100,214.98536682128906,52.875614166259766,5.24,5.12,5.24,5.08,5.26,5.238017,2
33114,214.8441162109375,52.77515411376953,4.1,4.04,4.14,3.98,4.16,4.160165,-1
33126,214.90150451660156,52.81599807739258,2.32,2.12,2.32,2.06,2.36,2.3,1
33127,214.905517578125,52.820064544677734,3.32,3.3,3.38,3.26,3.4,3.35,2
33132,214.909912109375,52.82163619995117,1.84,1.76,1.9,1.72,1.96,0.697403,-1
33138,214.92987060546875,52.836063385009766,1.38,1.2,1.44,1.1,1.58,1.3907999992370605,0
33141,214.93771362304688,52.84152603149414,1.36,1.28,1.4,1.16,1.5,1.44,1
33147,215.07847595214844,52.94123840332031,0.72,0.72,0.8,0.7,0.84,0.775408,-1
33155,215.0800018310547,52.94239807128906,2.64,2.52,2.64,2.52,2.64,2.54,2
33171,214.9435272216797,52.845664978027344,6.94,6.88,6.98,6.82,7.04,6.950661,2
33174,215.0565948486328,52.92530059814453,0.12,0.1,0.14,0.08,0.16,0.155386,2
33179,214.8622283935547,52.787864685058594,5.68,5.64,5.68,5.6,5.68,5.683598,2
33182,214.83663940429688,52.76912307739258,1.04,1.04,1.06,1.04,1.06,1.0176,2
33184,214.9906463623047,52.879058837890625,0.72,0.7,0.84,0.7,1.02,1.0067,1
33198,214.93112182617188,52.83674240112305,0.68,0.64,0.76,0.58,0.84,3.953,1
33208,215.0531005859375,52.92308807373047,2.6,2.58,2.62,1.78,2.66,2.643195,2
33224,215.1153564453125,52.966861724853516,3.84,3.82,3.92,3.8,4.0,4.006386,2
33225,215.11538696289062,52.96674346923828,0.78,0.7,0.84,0.6,0.88,0.587224,-1
33233,214.81256103515625,52.75202941894531,1.34,1.28,1.38,1.24,1.4,1.34433,2
33241,215.1235809326172,52.97261047363281,2.68,2.68,2.68,2.68,2.74,2.74,2
33264,214.8143310546875,52.75320053100586,1.92,1.84,2.0,1.74,2.08,1.895,2
33266,214.92991638183594,52.83548355102539,1.18,1.14,1.24,1.08,1.32,1.252022,1
33273,214.9345703125,52.83867645263672,0.42,0.4,0.44,0.38,0.44,0.4347,2
33283,214.9483184814453,52.848445892333984,1.36,1.36,1.42,1.32,1.46,1.4,2
33302,214.9579315185547,52.85531997680664,1.72,1.72,1.8,1.7,1.9,1.727432,2
33303,215.11683654785156,52.967620849609375,3.54,3.48,3.64,3.46,3.7,3.460977,2
33321,215.04132080078125,52.914085388183594,1.48,1.48,1.5,1.46,1.52,2.2732,1
33330,214.9055633544922,52.817752838134766,2.38,2.34,2.46,2.3,2.52,2.325,1
33334,215.12208557128906,52.97106170654297,0.62,0.58,0.64,0.54,0.66,0.665,-1
33335,215.12246704101562,52.97108840942383,2.42,2.34,2.5,2.26,2.56,0.46,-1
33338,214.86068725585938,52.78598403930664,5.68,5.66,5.68,5.64,5.68,5.66989,2
33341,214.94276428222656,52.84442901611328,1.56,1.56,1.58,1.56,1.6,6.345194,-1
33343,214.99435424804688,52.88096237182617,2.8,2.74,2.94,2.68,3.08,2.95,1
33349,214.85342407226562,52.78076171875,5.26,5.24,5.26,5.22,5.26,5.29,2
33352,214.94638061523438,52.84679412841797,3.24,3.22,3.4,3.08,3.44,3.298,2
33375,214.80337524414062,52.74431228637695,0.46,0.46,0.48,0.46,0.5,0.4673,2
33385,214.94232177734375,52.84398651123047,1.7,1.62,1.72,1.46,1.82,1.75,-1
33391,214.85044860839844,52.778419494628906,2.7,2.7,2.74,2.68,2.8,2.69507,2
33398,215.05654907226562,52.9248046875,0.94,0.82,1.02,0.72,1.1,6.819200038909912,0
33401,214.94273376464844,52.84421157836914,5.08,5.06,5.18,5.02,5.22,5.242622,-1
33405,215.12948608398438,52.97607421875,0.86,0.84,0.86,0.84,0.86,0.8711,2
33409,215.03707885742188,52.91097640991211,4.32,4.32,4.32,4.3,4.32,2.213115,-1
33423,214.89915466308594,52.81293487548828,1.72,1.7,1.8,1.68,1.86,1.72,2
33426,214.85885620117188,52.7843132019043,1.46,1.42,1.5,1.34,1.56,1.436885,2
33427,215.13705444335938,52.98146438598633,0.84,0.78,0.96,0.62,1.18,0.794102,-1
33428,215.0331268310547,52.90813064575195,4.12,4.08,4.14,4.04,4.16,4.152941,2
33432,214.8865509033203,52.80234146118164,0.98,0.96,1.0,0.96,1.0,0.997227,2
33433,214.88658142089844,52.803096771240234,0.98,0.94,1.0,0.9,1.02,0.991,2
33434,214.88772583007812,52.8028450012207,0.54,0.52,0.58,0.44,0.6,0.54762,2
33435,214.8998565673828,52.81362533569336,6.2,4.7,6.22,4.5,6.44,4.7199,2
33436,214.93515014648438,52.83867645263672,3.86,3.84,3.88,3.84,3.9,3.836792,2
33438,214.82261657714844,52.758296966552734,1.36,1.28,1.38,1.22,1.4,1.345518,2
33449,214.9612579345703,52.857120513916016,8.76,8.64,8.84,8.58,8.9,8.875111,2
33454,214.9775848388672,52.868526458740234,1.6,1.56,1.6,1.54,1.6,1.549865,2
33457,214.7929229736328,52.737030029296875,2.06,2.04,2.08,2.04,2.1,2.04804,2
33462,215.07994079589844,52.94086837768555,1.3,1.26,1.3,1.26,1.32,1.2630000114440918,2
33463,215.04632568359375,52.91720962524414,0.24,0.2,2.2,0.18,2.26,2.278835,1
33465,215.08706665039062,52.94598388671875,3.7,3.68,3.72,3.64,3.72,3.671435,2
33471,215.07301330566406,52.93582534790039,1.42,1.34,1.42,1.06,1.44,1.4175,2
33478,214.9877166748047,52.8757438659668,5.68,5.66,5.68,5.64,5.68,5.68,2
33487,214.87168884277344,52.79289627075195,0.4,0.38,0.42,0.36,0.42,0.4058,2
33497,214.9947967529297,52.880714416503906,1.1,1.08,2.02,1.04,2.18,1.44,2
33498,215.01666259765625,52.896026611328125,0.74,0.72,0.74,0.72,0.76,0.96993,2
33499,215.1326141357422,52.97779083251953,0.88,0.86,0.9,0.84,0.94,0.908546,2
33502,215.04254150390625,52.91426086425781,3.7,3.66,3.7,3.64,3.72,1.014527,-1
33511,214.94419860839844,52.844871520996094,3.64,3.5,3.7,3.4,3.76,3.64,2
33513,215.1204833984375,52.96912384033203,0.4,0.36,0.42,0.34,0.42,0.3723,2
33530,214.84153747558594,52.771400451660156,3.48,3.46,3.5,3.44,3.5,1.04316,2
33554,214.9464569091797,52.84626388549805,3.72,3.68,3.76,3.64,3.78,3.643524,2
33570,215.13816833496094,52.98143005371094,0.16,0.12,0.18,0.1,0.22,0.19379,2
33574,214.8182373046875,52.75497055053711,3.32,3.26,3.8,3.0,4.18,3.78,1
33583,214.90415954589844,52.81593322753906,1.36,1.36,1.4,1.34,1.44,1.358345,2
33588,214.99038696289062,52.87732696533203,5.52,5.36,5.76,5.14,5.88,5.2,1
33593,214.78570556640625,52.73155975341797,4.94,4.92,4.96,4.9,4.98,5.3,2
33602,214.93760681152344,52.83966064453125,0.58,0.54,0.62,0.4,0.68,0.628,2
33618,214.8997039794922,52.812843322753906,5.32,5.3,5.32,4.98,5.32,5.0,2
33619,214.90260314941406,52.81488037109375,4.84,4.82,4.86,4.8,4.92,4.897664,2
33620,214.94383239746094,52.84422302246094,8.46,8.42,8.46,8.4,8.48,8.439343,2
33623,214.85064697265625,52.77765655517578,0.92,0.9,0.96,0.86,0.98,0.95326,2
33625,214.8182373046875,52.754783630371094,5.52,5.52,5.54,5.48,5.56,5.440844,2
33631,214.99317932128906,52.879066467285156,3.44,3.42,3.48,3.42,3.54,3.431864,2
33632,214.86651611328125,52.78913497924805,2.32,2.12,2.54,1.74,2.64,2.09952,2
33635,214.8606719970703,52.784812927246094,3.74,3.74,3.74,3.72,3.76,3.775339,2
33636,214.86083984375,52.78477478027344,3.74,3.74,3.76,3.7,3.78,3.77,2
33659,214.82122802734375,52.75677490234375,1.46,1.32,1.52,1.16,1.62,1.491885,2
33661,214.98666381835938,52.874393463134766,5.06,5.06,5.24,5.04,5.26,5.25,2
33681,215.118896484375,52.967342376708984,2.06,2.06,2.24,2.02,2.3,2.282008,2
33688,215.0503692626953,52.91941452026367,4.4,4.4,4.42,4.4,4.44,3.3963000774383545,0
33699,214.9300079345703,52.83412170410156,5.18,5.1,5.2,5.08,5.22,5.012101,-1
33703,215.08676147460938,52.944969177246094,3.68,3.66,3.7,3.64,3.72,3.668631,-1
33715,214.84146118164062,52.7707405090332,2.56,2.52,2.6,2.48,2.64,2.05567,2
33729,215.05056762695312,52.919349670410156,4.4,4.3,4.5,0.96,4.56,6.76105,-1
33746,214.98529052734375,52.871395111083984,0.26,0.24,0.28,0.22,0.3,0.2701,2
33753,214.8088836669922,52.747161865234375,2.66,2.6,2.66,2.58,2.66,2.655,2
33795,214.95651245117188,52.85254669189453,4.64,4.62,4.66,4.56,4.66,4.659279,2
33800,214.9067840576172,52.8167724609375,2.88,2.68,2.98,2.38,3.12,2.512762,-1
33802,214.90640258789062,52.81687927246094,2.34,2.34,2.34,2.32,2.34,2.306623,2
33814,215.1326904296875,52.976806640625,2.04,2.04,2.1,2.02,2.16,2.03,2
33819,215.13168334960938,52.97624969482422,5.26,5.26,5.28,5.04,5.28,5.3,2
33823,215.0735321044922,52.93508529663086,1.02,0.94,1.02,0.92,1.04,1.56712,2
33824,215.11685180664062,52.96571731567383,1.04,1.02,1.06,0.96,1.1,1.038184,1
33830,215.1385955810547,52.9809684753418,0.54,0.52,0.54,0.48,0.56,0.54,2
33838,214.8209991455078,52.75572204589844,0.76,0.72,0.78,0.68,0.8,0.736291,2
33856,215.04141235351562,52.91248321533203,0.52,0.52,3.72,0.52,3.74,8.333517,-1
33870,214.99667358398438,52.88050079345703,2.14,2.12,2.36,2.04,2.42,2.4067,2
33880,214.90834045410156,52.81804656982422,2.66,2.16,2.8,1.5,3.06,1.37,-1
33901,215.0491943359375,52.91783142089844,0.98,0.98,0.98,0.96,0.98,1.21847,-1
33934,214.85086059570312,52.77667236328125,6.98,6.96,7.02,6.94,7.04,6.959518,2
33937,214.9452667236328,52.84402084350586,5.24,5.08,5.24,5.06,5.26,5.25054,-1
33943,214.78636169433594,52.73072814941406,2.68,2.68,2.72,2.68,2.74,0.497767,2
33948,215.065185546875,52.92877960205078,2.3,2.3,2.32,2.28,2.34,2.2926,2
33950,215.14707946777344,52.986610412597656,2.4,2.26,2.42,2.12,2.46,2.164717,2
33967,214.96713256835938,52.857666015625,0.24,0.2,0.24,0.18,0.24,0.2029,2
33968,215.00587463378906,52.886104583740234,0.52,0.46,0.52,0.44,0.54,0.468072,2
33972,214.93724060058594,52.83820724487305,0.92,0.9,0.94,0.6,0.94,0.0,-1
33978,215.08673095703125,52.94398880004883,5.68,5.64,5.68,5.62,5.7,5.579794,2
33985,214.99729919433594,52.88075637817383,3.0,3.0,3.18,2.98,3.26,3.469548,2
33987,215.0010986328125,52.882381439208984,1.2,1.12,1.22,1.08,1.24,1.1977,2
34006,215.03794860839844,52.909332275390625,4.28,4.28,4.32,4.26,4.34,4.350519,2
34023,214.9962921142578,52.87921905517578,1.36,1.36,1.4,1.36,1.46,1.38691,2
34027,215.11264038085938,52.96084976196289,0.84,0.82,0.86,0.82,0.88,0.6612,2
34028,215.11280822753906,52.96048355102539,0.76,0.72,0.78,0.68,0.82,0.7409999966621399,2
34037,215.00001525878906,52.882408142089844,2.0,1.86,2.0,1.78,2.02,1.969637,2
34043,214.9356689453125,52.83649444580078,0.82,0.78,0.84,0.74,0.88,0.81806,2
34049,214.98196411132812,52.86943817138672,1.68,1.66,1.72,1.64,1.78,1.68854,2
34052,214.99095153808594,52.876014709472656,5.2,5.14,5.24,5.1,5.28,5.241754,2
34059,215.11997985839844,52.96691131591797,1.36,1.36,1.38,1.32,1.42,1.385,2
34068,214.8836669921875,52.799560546875,2.0,2.0,2.06,2.0,2.14,2.02073,2
34073,215.13043212890625,52.97444534301758,4.08,4.0,4.1,3.98,4.12,1.973542,-1
34076,215.05372619628906,52.91978073120117,1.74,1.72,1.96,1.66,2.0,1.94,2
34090,215.0211639404297,52.89677810668945,0.84,0.84,0.86,0.82,0.88,0.8068,2
34102,215.04185485839844,52.91991424560547,0.54,0.18,0.86,0.02,4.48,0.6380000114440918,2
34111,215.085693359375,52.94231414794922,0.78,0.76,0.8,0.7,0.82,0.7708,2
34113,215.05580139160156,52.92170333862305,4.62,4.6,4.62,4.54,4.64,4.5,2
34122,214.9071502685547,52.8162727355957,2.1,1.98,2.46,1.78,2.68,0.54,-1
34123,215.07191467285156,52.932716369628906,0.96,0.92,0.96,0.92,0.98,0.98179,2
34144,214.80661010742188,52.744380950927734,0.22,0.18,0.24,0.14,0.26,0.2075,2
34161,214.88442993164062,52.799827575683594,2.16,2.12,2.24,2.08,2.34,0.960775,2
34165,215.0796356201172,52.938255310058594,4.94,4.92,5.02,4.92,5.06,5.06,2
34172,215.0546875,52.92074203491211,0.82,0.78,0.86,0.74,0.9,8.98075,-1
34193,214.98748779296875,52.87311553955078,5.24,5.22,5.24,5.1,5.26,5.235355,2
34198,214.8137969970703,52.74955749511719,6.72,6.7,6.74,6.7,6.76,6.7357,2
34199,214.94003295898438,52.839115142822266,0.7,0.66,0.74,0.62,0.76,0.735128,-1
34204,215.03993225097656,52.90983963012695,0.52,0.52,0.6,0.52,0.82,0.7329,2
34220,214.860107421875,52.78200912475586,0.74,0.7,0.76,0.66,0.78,0.7211,2
34237,214.93910217285156,52.83858871459961,0.7,0.64,0.74,0.6,0.78,0.71,1
34241,214.8214111328125,52.75484085083008,4.34,4.3,4.34,4.26,4.36,4.3,2
34259,214.97509765625,52.86358642578125,0.46,0.46,0.5,0.44,0.52,0.4629,2
34260,214.97531127929688,52.86286163330078,0.42,0.42,0.44,0.4,0.46,0.462251,2
34272,214.8590850830078,52.7816276550293,6.78,6.78,6.8,6.76,6.82,6.72,2
34273,214.89674377441406,52.808101654052734,0.7,0.68,0.76,0.66,0.78,0.7098,2
34280,214.99932861328125,52.8807258605957,1.82,1.76,1.88,1.72,1.96,1.79967,2
34281,215.02999877929688,52.90288543701172,3.68,3.66,3.7,3.66,3.7,3.5163,-1
34283,215.03402709960938,52.90577697753906,2.3,2.28,2.3,2.22,2.36,2.294402,2
34299,214.9832763671875,52.86977005004883,4.68,4.66,4.74,4.5,4.8,4.59,1
34306,214.9143524169922,52.82032775878906,1.04,1.04,1.06,1.04,1.08,1.03196,2
34320,214.99278259277344,52.876441955566406,2.94,2.8,2.94,0.34,2.94,2.941356,2
34359,215.08831787109375,52.943634033203125,2.42,2.24,2.44,2.14,2.46,1.5671,2
34373,214.90135192871094,52.81133270263672,1.92,1.82,1.92,1.76,1.94,1.820677,2
34384,215.13275146484375,52.974822998046875,0.94,0.86,0.96,0.84,1.0,0.67,-1
34391,214.94947814941406,52.84540939331055,5.02,4.96,5.1,4.94,5.3,5.0,2
34397,214.89047241210938,52.803565979003906,2.86,2.74,11.38,1.68,12.26,1.96,-1
34403,215.13174438476562,52.9727897644043,0.6,0.56,0.62,0.54,0.68,0.995,-1
34404,215.1325225830078,52.972782135009766,0.4,0.38,0.42,0.34,0.44,0.378741,2
34419,214.93777465820312,52.837066650390625,1.84,1.76,1.92,1.66,2.06,1.681786,2
34429,215.01089477539062,52.887638092041016,0.66,0.62,0.68,0.56,0.72,0.6707,2
34431,215.08399963378906,52.939945220947266,0.64,0.62,0.66,0.58,0.68,0.638545,2
34438,214.95701599121094,52.85011672973633,1.0,0.96,1.02,0.92,1.04,1.0124,2
34446,214.8246612548828,52.75640869140625,1.84,1.76,1.9,1.7,1.94,1.736856,2
34464,215.03065490722656,52.90178680419922,0.46,0.46,0.48,0.44,0.5,0.4611,2
34465,214.81959533691406,52.75271987915039,3.88,3.86,3.92,3.84,3.98,3.92,2
34470,215.07937622070312,52.93697738647461,0.5,0.48,0.52,0.46,0.54,0.5089,2
34473,214.98194885253906,52.86821365356445,5.72,5.7,5.78,5.7,5.82,6.701735,-1
34475,215.03054809570312,52.90259552001953,5.0,4.98,5.04,4.94,5.06,5.00729,2
34481,215.09043884277344,52.94452667236328,0.96,0.94,0.98,0.9,1.0,0.96109,2
34484,214.95062255859375,52.84598922729492,0.84,0.82,3.98,0.76,4.38,4.983292,2
34496,215.07322692871094,52.932437896728516,2.32,2.3,2.32,2.3,2.34,2.2925,2
34506,214.85299682617188,52.776485443115234,7.12,7.04,7.2,7.0,7.26,6.95,2
34509,214.89248657226562,52.804500579833984,1.38,1.36,1.4,1.36,1.54,1.39,-1
34526,214.8889617919922,52.80157470703125,0.52,0.5,0.54,0.46,0.56,0.545088,2
34531,214.89064025878906,52.80305099487305,3.5,3.44,3.5,3.38,3.54,3.34,2
34545,215.02120971679688,52.89573287963867,3.44,3.44,3.68,3.42,3.72,3.445973,2
34555,215.0442352294922,52.911834716796875,0.52,0.52,0.52,0.52,0.52,0.77535,2
34559,214.97691345214844,52.8640022277832,2.02,2.0,2.06,1.98,2.12,2.0147,2
34561,215.14871215820312,52.985572814941406,2.0,1.84,2.0,1.76,2.0,1.8,2
34573,214.81478881835938,52.74895477294922,3.64,3.64,3.68,3.64,3.7,3.680012,2
34589,214.9941864013672,52.876468658447266,8.4,8.38,8.42,8.34,8.44,8.33,2
34594,214.81932067871094,52.751888275146484,0.36,0.34,0.4,0.3,0.42,0.3547,2
34602,214.89781188964844,52.807674407958984,2.24,2.16,2.28,2.12,2.32,2.132579,2
34608,214.9139404296875,52.81901168823242,0.8,0.78,0.82,0.74,0.84,0.8084,2
34609,215.1248321533203,52.96839141845703,0.74,0.72,0.78,0.68,0.82,0.7517,2
34612,214.89590454101562,52.80654525756836,2.94,2.84,2.94,2.78,2.94,2.939085,2
34616,214.9779815673828,52.86467361450195,1.6,1.5,1.6,1.46,1.6,1.5273,2
34619,214.99400329589844,52.87627410888672,8.02,7.98,8.28,7.84,8.42,9.770141,-1
34621,214.99847412109375,52.87937927246094,3.36,3.3,3.54,3.18,3.7,7.332527,-1
34645,215.09555053710938,52.94701385498047,1.02,1.02,1.08,1.0,1.12,1.1005,2
34647,214.8603973388672,52.78124237060547,4.36,4.34,4.38,4.34,4.38,4.3479,2
34649,214.8701171875,52.78776931762695,1.36,1.36,1.4,1.36,1.42,1.34902,2
34654,214.8120574951172,52.74674987792969,7.46,7.44,7.48,7.44,7.5,7.48,2
34655,215.03720092773438,52.906715393066406,7.12,7.1,7.14,7.08,7.18,7.201544,2
34658,214.9940643310547,52.87546920776367,1.02,0.98,1.04,0.94,1.06,1.037437,2
34678,215.14491271972656,52.9826774597168,0.4,0.42,4.24,0.4,4.5,6.428899765014648,0
34684,214.84796142578125,52.77232360839844,0.98,0.88,1.0,0.66,3.64,2.978635,-1
34687,214.78982543945312,52.730796813964844,6.7,6.7,6.72,6.7,6.72,6.73,2
34706,215.08326721191406,52.93915557861328,2.94,2.76,2.94,0.36,2.94,3.456,1
34716,215.0335693359375,52.9029655456543,0.88,0.86,0.9,0.84,0.94,1.1096,2
34717,215.046142578125,52.91283416748047,2.6,2.58,2.6,2.56,2.62,2.612,2
34729,214.8592987060547,52.78017807006836,4.12,4.08,4.12,4.04,4.14,4.17,2
34733,215.08717346191406,52.9415397644043,5.08,5.06,5.16,5.04,5.24,5.06,2
34736,214.81149291992188,52.74567794799805,0.44,0.44,0.44,0.44,0.44,0.4358,2
34762,215.0348663330078,52.9045524597168,4.3,4.28,4.32,4.26,4.32,0.849,1
34778,214.87120056152344,52.78817367553711,1.22,1.14,1.24,1.1,1.26,1.23223,2
34780,215.0052032470703,52.8836669921875,6.04,5.96,6.06,5.86,6.08,5.97817,2
34784,214.8623046875,52.78215026855469,3.68,3.64,3.7,3.62,3.72,3.636898,2
34803,215.07846069335938,52.93474197387695,1.02,0.98,1.02,0.94,1.04,1.0534,2
34814,214.8787841796875,52.79305648803711,1.64,1.62,1.68,1.52,1.74,1.6303507089614868,-1
34815,214.94607543945312,52.841617584228516,5.12,5.1,5.18,5.1,5.2,5.244288,2
34828,214.88722229003906,52.79962921142578,0.44,0.42,0.5,0.42,0.54,0.55,-1
34847,214.85922241210938,52.779354095458984,9.32,9.3,9.34,9.3,9.38,1.6240127086639404,-1
34852,214.880126953125,52.79439926147461,2.46,2.4,2.58,2.28,2.62,2.02073,2
34856,215.00021362304688,52.87971496582031,4.06,4.0,4.1,3.96,4.14,4.06,2
34865,215.09933471679688,52.94805145263672,0.14,0.12,0.14,0.1,0.16,0.118525,2
34866,215.09779357910156,52.94749069213867,0.7,0.7,0.72,0.66,0.74,0.739,2
34872,214.90574645996094,52.81277847290039,4.54,4.48,4.56,4.44,4.6,4.49,1
34892,215.1217498779297,52.98836898803711,1.8,1.72,1.86,1.68,1.96,1.802503,2
34907,215.02976989746094,52.90011215209961,0.44,0.42,0.46,0.36,0.48,0.374254,2
34919,214.9452667236328,52.8405876159668,1.36,1.24,1.4,1.18,1.46,1.36,2
34943,215.1292724609375,52.97067642211914,2.68,2.68,2.86,2.68,2.9,2.745,2
34944,214.8645782470703,52.782562255859375,0.74,0.72,0.76,0.68,0.8,0.7369,2
34952,214.85647583007812,52.77737808227539,2.42,2.3,2.46,2.24,2.54,1.5796,2
34970,214.94918823242188,52.84318161010742,6.72,6.72,6.74,6.72,6.76,6.73,2
34972,215.0929412841797,52.944923400878906,5.52,5.52,5.54,5.5,5.56,4.026633,-1
34975,214.79722595214844,52.73469543457031,0.18,0.12,0.2,0.1,0.22,0.1885,2
34979,214.96163940429688,52.85166931152344,0.64,0.62,0.68,0.58,0.7,0.628529,2
34995,215.12066650390625,52.963356018066406,0.66,0.64,0.68,0.6,0.72,0.66327,-1
34996,215.1201934814453,52.962799072265625,0.72,0.7,0.76,0.68,0.8,0.6605,2
35000,214.89710998535156,52.805519104003906,1.68,1.68,1.72,1.66,1.8,1.6853,2
35003,214.88803100585938,52.79837417602539,2.02,2.0,2.04,1.9,2.08,2.02678,2
35022,215.021240234375,52.894134521484375,6.32,6.3,6.54,6.26,6.64,6.193888,-1
35028,215.001220703125,52.87990951538086,3.4,3.26,3.66,3.08,3.84,5.801385,-1
35039,214.8011016845703,52.73735809326172,1.5,1.42,1.5,1.4,1.54,1.49179,2
35061,215.1409454345703,52.97846221923828,2.62,2.58,2.64,2.56,2.66,2.63,2
35063,214.9876708984375,52.87001419067383,3.4,3.4,3.44,3.38,3.48,3.3871,2
35091,214.94020080566406,52.83601760864258,1.72,1.7,1.76,1.68,1.82,1.704456,2
35096,215.02455139160156,52.89579772949219,1.36,1.34,1.38,1.32,1.4,1.4884,2
35107,214.7918243408203,52.730648040771484,3.52,3.5,3.66,3.46,3.72,3.62891,-1
35113,215.14871215820312,52.9836311340332,2.44,2.18,2.46,2.08,2.52,2.159,2
35116,214.8109893798828,52.74375534057617,1.4,1.38,1.42,1.36,1.46,1.40969,2
35119,214.9536895751953,52.84592819213867,3.44,3.4,3.56,3.34,3.7,3.44,2
35128,214.8183135986328,52.74955368041992,3.66,3.56,3.72,3.48,3.74,3.673051,2
35129,214.88699340820312,52.79826736450195,1.42,1.36,1.44,1.34,1.48,1.398322343826294,-1
35132,214.93655395507812,52.83374786376953,6.96,6.94,7.0,6.9,7.04,7.04,2
35144,215.02894592285156,52.89897918701172,0.34,0.34,0.36,0.32,0.36,0.3011,2
35153,215.0890655517578,52.94059371948242,0.44,0.42,0.44,0.42,0.44,0.4371,2
35165,215.00039672851562,52.87797546386719,0.46,0.44,0.5,0.44,0.52,0.4609,2
35170,215.1268310546875,52.96808624267578,2.58,2.56,2.6,2.54,2.62,2.57,2
35173,214.97479248046875,52.86053466796875,3.74,3.62,3.76,3.48,3.78,3.75777,2
35175,214.974853515625,52.859859466552734,3.78,3.76,3.78,3.74,3.78,3.766825,2
35180,215.0792694091797,52.93425369262695,0.9,0.9,0.92,0.9,0.92,3.67,2
35201,214.85255432128906,52.773494720458984,2.62,2.52,2.62,2.48,2.66,2.297825336456299,-1
35204,214.8805389404297,52.79341506958008,2.08,2.06,2.14,2.04,2.22,2.0842,2
35206,214.8803253173828,52.793174743652344,2.08,2.06,2.1,2.04,2.12,2.0842158794403076,-1
35211,214.88482666015625,52.796207427978516,1.36,1.36,1.4,1.36,1.4,1.3595,2
35226,214.98004150390625,52.864112854003906,1.42,1.4,1.48,1.38,1.52,1.4595826864242554,-1
35231,215.1447296142578,52.98048782348633,0.74,0.7,0.76,0.66,0.8,0.816321,-1
35233,214.81710815429688,52.74834442138672,9.06,9.04,9.1,9.0,9.16,9.9341,2
35234,214.94879150390625,52.842079162597656,6.72,6.68,6.78,1.52,6.92,6.730304,2
35237,215.0534210205078,52.91614532470703,0.02,0.02,0.04,0.0,0.06,2.263200044631958,2
35239,214.7965087890625,52.731346130371094,0.08,0.06,0.08,0.04,0.1,0.0812,2
35245,215.08749389648438,52.939083099365234,0.42,0.4,0.44,0.38,0.46,0.437,2
35254,214.87542724609375,52.789817810058594,5.28,5.22,5.28,5.14,5.3,5.277238,2
35261,214.96681213378906,52.85419464111328,1.34,1.34,1.4,1.3,1.44,1.3323,2
35265,214.81304931640625,52.7451171875,2.02,2.0,2.04,1.88,2.12,2.014136,2
35266,214.85885620117188,52.77790069580078,2.42,2.38,2.48,2.34,2.52,1.61,2
35269,215.04132080078125,52.90747833251953,0.9,0.86,0.96,0.82,1.02,1.642624,-1
35293,215.05369567871094,52.916141510009766,2.2,2.2,2.24,2.18,2.34,2.27,2
35313,214.8544921875,52.77467727661133,2.48,2.44,2.56,2.26,2.64,1.403373,-1
35334,215.09628295898438,52.94508361816406,0.44,0.44,0.46,0.44,0.5,0.45,2
35351,214.86846923828125,52.784332275390625,0.74,0.72,0.78,0.7,0.8,0.7764,2
35361,214.9642333984375,52.8515625,3.8,3.8,3.8,3.78,3.8,1.92706,2
35377,214.98822021484375,52.86879348754883,5.62,5.16,5.66,4.86,5.76,5.68,2
35378,214.98736572265625,52.86891174316406,5.7,5.66,5.7,5.62,5.7,5.673506,2
35379,214.98757934570312,52.868896484375,5.66,5.58,5.68,5.54,5.68,5.67,2
35398,214.94410705566406,52.83806610107422,2.24,2.24,2.3,2.2,2.32,2.235701,2
35404,214.990966796875,52.871395111083984,3.66,3.64,3.7,3.62,3.74,3.7,2
35408,215.00633239746094,52.88224792480469,4.82,4.8,4.84,4.74,4.88,4.773121,2
35417,214.8604278564453,52.77817153930664,0.42,0.4,0.42,0.4,0.42,0.3457,2
35422,215.04791259765625,52.91167449951172,4.28,4.26,4.3,4.24,4.32,4.28,2
35424,214.93528747558594,52.8316764831543,1.1,1.08,1.2,1.06,1.26,1.21002,2
35434,214.9965362548828,52.87528991699219,3.5,3.48,3.66,3.4,3.72,3.648015,2
35436,214.89218139648438,52.800086975097656,1.38,1.34,1.42,1.26,1.46,1.402,2
35440,214.8226318359375,52.75148010253906,2.22,2.2,2.28,2.18,2.32,2.1876676082611084,-1
35454,214.82186889648438,52.750999450683594,3.8,3.62,3.78,3.56,3.8,3.79,2
35455,215.0062255859375,52.882080078125,4.82,4.8,4.82,4.78,4.84,4.771485,2
35471,214.99266052246094,52.87238693237305,1.98,1.82,2.92,1.72,3.06,2.989500045776367,0
35472,215.07810974121094,52.93254852294922,1.04,1.04,1.06,1.04,1.08,1.104293,2
35476,214.99913024902344,52.87693405151367,5.08,5.08,5.14,5.06,5.2,5.133025,-1
35492,214.904541015625,52.80971145629883,1.04,0.86,1.14,0.72,1.46,10.582300186157227,0
35493,215.13035583496094,52.968631744384766,0.74,0.7,0.76,0.68,0.8,0.7521,2
35508,214.8594207763672,52.77736282348633,2.38,2.36,2.42,2.26,2.46,1.609,2
35509,214.94683837890625,52.8397216796875,2.02,1.08,2.02,1.06,2.02,1.0718,2
35522,214.89447021484375,52.80230712890625,1.02,0.98,1.02,0.96,1.06,1.019378,2
35529,215.04086303710938,52.90623092651367,4.28,4.26,4.3,4.26,4.32,4.2795,2
35534,215.08541870117188,52.9376106262207,4.12,4.0,4.12,3.98,4.14,4.13,2
35535,214.95774841308594,52.84679412841797,0.92,0.88,0.94,0.86,0.96,0.9120000004768372,2
35562,215.07061767578125,52.92622756958008,0.58,0.56,0.6,0.54,0.62,0.5698,2
35564,214.9505615234375,52.84210968017578,4.98,4.96,5.02,4.94,5.04,4.99948,2
35569,214.89659118652344,52.80303955078125,0.44,0.42,0.5,0.42,0.52,0.49272,2
35578,214.79965209960938,52.734317779541016,0.4,0.34,0.44,0.28,0.48,0.435696,2
35587,214.80935668945312,52.74148941040039,3.64,3.56,3.7,3.5,3.72,3.68,2
35593,214.90577697753906,52.809810638427734,2.2,2.16,2.24,2.1,2.34,2.1878,2
35594,214.91380310058594,52.8158073425293,2.02,2.0,2.02,2.0,2.12,2.0147,2
35595,214.94334411621094,52.8369026184082,2.46,2.34,2.58,2.18,2.66,1.49,-1
35600,214.9881591796875,52.868019104003906,1.92,1.9,1.92,1.76,1.92,1.97576,2
35651,214.90399169921875,52.80868911743164,2.34,2.32,2.36,2.3,2.5,2.197797,2
35653,215.1329345703125,52.970706939697266,5.08,5.06,5.08,5.06,5.12,5.27,2
35654,214.9021453857422,52.80741500854492,0.78,0.62,1.04,0.44,1.22,0.71,2
35658,214.9507293701172,52.84186553955078,1.18,0.96,1.28,0.86,1.44,1.8336999416351318,0
35687,214.9931640625,52.87180709838867,1.88,1.76,1.92,1.7,1.98,1.89,2
35693,214.94097900390625,52.834800720214844,5.16,5.12,5.2,5.1,5.22,5.190161,-1
35694,214.94776916503906,52.839561462402344,1.38,1.14,1.92,0.74,2.4,6.18,1
35717,215.0068359375,52.88130187988281,1.3,1.28,1.4,1.26,1.5,1.4,2
35719,215.13754272460938,52.973419189453125,1.82,1.76,1.84,1.74,1.92,1.795,2
35734,215.12469482421875,52.962528228759766,0.54,0.52,0.58,0.5,0.6,0.5674,2
35735,215.1246337890625,52.961727142333984,0.72,0.7,0.74,0.66,0.78,0.751,2
35747,215.02552795410156,52.89398956298828,0.86,0.86,0.88,0.84,0.9,2.2767,2
35752,215.14620971679688,52.97962951660156,4.8,4.74,4.8,4.7,4.82,4.791638,2
35767,215.0522918701172,52.91313171386719,3.66,3.48,3.7,0.8,3.74,3.4552,2
35773,215.08116149902344,52.933433532714844,0.56,0.54,0.56,0.54,0.58,0.6297,2
35782,214.96368408203125,52.85057830810547,3.44,3.42,3.44,3.42,3.46,3.4546000957489014,0
35793,214.9170379638672,52.817466735839844,5.64,5.6,5.68,5.58,5.68,5.665,2
35813,215.1423797607422,52.97673416137695,3.94,3.92,4.08,3.88,4.18,7.3981,-1
35818,215.07337951660156,52.927825927734375,1.94,1.76,1.94,1.74,1.96,2.1166,2
35822,214.95567321777344,52.84453582763672,1.7,1.66,1.72,1.32,2.0,1.68,2
35835,214.956298828125,52.84507751464844,1.2,1.14,1.22,1.1,1.24,1.222514,2
35845,215.0865478515625,52.93680191040039,2.78,2.7,2.84,2.64,2.92,4.491922,-1
35925,214.8683319091797,52.782291412353516,5.7,5.7,5.7,5.7,5.72,5.710623,2
35926,214.90585327148438,52.80879211425781,2.24,2.2,2.3,2.16,2.34,2.1862196922302246,-1
35931,214.94383239746094,52.83580780029297,3.1,3.08,3.14,3.06,3.3,4.89,2
35932,215.0494384765625,52.910762786865234,6.1,6.1,6.12,6.1,6.26,6.19,2
35933,215.05734252929688,52.91633987426758,5.86,5.86,5.86,5.86,5.86,6.0236,2
35945,214.99884033203125,52.874874114990234,6.24,6.24,6.44,6.24,6.54,6.250501,2
35947,215.05157470703125,52.91205596923828,2.28,2.24,2.32,2.2,2.34,2.2645,2
35957,215.0563507080078,52.91551208496094,3.44,3.44,3.44,3.44,3.44,3.453,2
35958,215.067626953125,52.923240661621094,1.04,1.02,1.04,1.0,1.06,1.079305,2
35960,214.99569702148438,52.87257385253906,1.8,1.78,1.9,1.74,1.94,1.932483,2
35972,214.90757751464844,52.80991744995117,2.94,2.82,2.94,2.74,2.94,2.94,1
35974,214.96214294433594,52.8484001159668,0.68,0.64,0.72,0.62,0.74,0.6786,2
35979,215.1385040283203,52.973289489746094,2.4,2.32,2.42,2.22,2.46,1.55,1
35983,214.96835327148438,52.852561950683594,0.5,0.46,0.52,0.44,0.52,0.4884,2
35984,214.97064208984375,52.85301208496094,0.56,0.54,0.58,0.52,0.62,0.5447,2
36010,215.13121032714844,52.96757888793945,0.5,0.48,0.52,0.46,0.54,0.46889999508857727,2
36023,215.02911376953125,52.89544677734375,0.84,0.84,0.86,0.84,0.86,1.096926,2
36024,215.04608154296875,52.90801239013672,3.44,3.44,3.66,3.44,3.7,8.308023,-1
36030,214.82643127441406,52.751564025878906,1.04,1.0,1.06,0.96,1.1,3.599767,-1
36037,215.03036499023438,52.8967170715332,0.48,0.48,0.48,0.48,0.5,3.44984,-1
36039,214.95240783691406,52.84108352661133,0.82,0.76,0.82,0.74,0.84,0.82,2
36043,214.9442901611328,52.83584213256836,4.68,4.64,15.12,4.38,15.76,5.05,0
36053,215.06346130371094,52.92010498046875,0.5,0.42,0.5,0.42,0.52,0.496096,2
36058,214.9044647216797,52.807212829589844,0.52,0.5,0.54,0.48,0.58,0.5421,2
36067,215.0003662109375,52.87549591064453,4.92,4.9,4.94,4.9,4.98,4.944698,2
36068,215.08657836914062,52.93646240234375,0.66,0.64,3.72,0.64,3.76,4.805564,2
36096,214.9071502685547,52.808860778808594,2.0,1.76,2.0,1.72,2.02,1.67,2
36102,215.1348876953125,52.97007751464844,1.9,1.82,1.96,1.76,1.98,1.95,2
36105,214.97410583496094,52.85676956176758,3.36,3.34,3.5,3.3,3.62,1.02,-1
36117,215.08656311035156,52.93626403808594,2.64,2.48,3.0,2.2,3.14,6.809091,-1
36133,215.06015014648438,52.91726303100586,0.34,0.32,0.36,0.3,0.36,0.3558,2
36137,215.07431030273438,52.9271125793457,0.56,0.56,0.58,0.54,0.58,0.6384,2
36150,214.87078857421875,52.78300476074219,0.98,0.5,0.98,0.48,1.0,0.958364,2
36162,214.9551544189453,52.843143463134766,5.04,5.0,5.06,4.96,5.08,4.999000072479248,2
36164,214.9552764892578,52.84288024902344,4.98,4.94,5.02,4.92,5.04,4.995,2
36184,214.81396484375,52.74209976196289,2.04,2.04,2.08,2.0,2.12,2.02527,2
36194,215.0254669189453,52.89287185668945,7.0,7.0,7.08,6.98,7.14,6.958456,-1
36231,214.80203247070312,52.73434829711914,1.16,1.12,1.2,1.08,1.22,1.169939,2
36234,214.99295043945312,52.86964416503906,1.28,1.26,1.3,1.22,1.32,1.288516,2
36238,214.94808959960938,52.83738327026367,1.2,1.14,1.22,1.08,1.26,1.2102,2
36248,215.0694580078125,52.92340087890625,2.32,2.28,2.34,1.26,2.34,2.292,2
36251,215.01478576660156,52.88510513305664,3.34,3.12,3.5,2.8,3.68,3.35,2
36253,215.135498046875,52.97028732299805,1.18,1.12,2.66,0.8,3.16,7.235538,-1
36255,214.88194274902344,52.79077911376953,1.14,1.0,1.24,0.88,1.34,0.93,-1
36262,214.9185791015625,52.81645965576172,1.58,1.56,1.6,1.54,1.6,1.597,2
36276,215.03250122070312,52.897518157958984,2.78,2.76,2.78,2.72,2.8,2.77,2
36302,214.99984741210938,52.87432098388672,3.46,3.44,3.54,3.42,3.62,3.470212,-1
36308,215.0579071044922,52.915313720703125,3.7,3.66,3.7,3.64,3.72,3.48,2
36329,215.0092315673828,52.88080596923828,2.68,2.66,2.76,2.54,2.84,2.733931,1
36359,214.9476776123047,52.83708572387695,4.86,4.86,4.88,4.86,4.88,4.88,2
36372,215.12168884277344,52.959815979003906,0.76,0.72,0.78,0.7,0.8,0.7518,2
36373,215.1228790283203,52.9594841003418,0.58,0.56,0.6,0.54,0.62,0.569,2
36388,215.0579071044922,52.91507339477539,0.74,0.72,1.06,0.54,1.32,3.470099925994873,0
36390,214.8275604248047,52.7512092590332,0.98,0.96,1.0,0.88,1.0,0.96207,2
36399,214.8236083984375,52.74858093261719,1.42,1.42,1.48,1.4,1.48,2.612639,-1
36412,214.8742218017578,52.78463363647461,2.22,2.14,2.32,1.1,2.5,1.34,-1
36424,214.9895782470703,52.866554260253906,8.3,8.28,8.3,8.28,8.3,8.276407,2
36441,214.89404296875,52.79830551147461,0.92,0.88,0.96,0.86,0.98,0.91938,2
36448,215.13819885253906,52.971046447753906,0.38,0.36,0.4,0.34,0.4,0.3792,2
36459,214.94760131835938,52.83657455444336,4.88,4.88,4.9,4.86,4.92,4.895921,2
36467,214.92124938964844,52.817909240722656,1.02,0.96,1.04,0.86,1.12,7.142300128936768,0
36503,214.8157958984375,52.742576599121094,2.7,2.7,2.76,2.68,2.8,2.705,2
36513,214.94207763671875,52.83298873901367,3.18,3.04,3.24,2.9,3.32,2.045,1
36516,215.0563507080078,52.91341018676758,0.92,0.82,0.92,0.74,0.96,1.785,-1
36531,214.879638671875,52.78799819946289,3.42,3.4,3.42,3.4,3.42,3.437287,2
36532,215.03970336914062,52.90160369873047,7.2,7.16,7.24,7.12,7.26,7.187331,2
36542,214.9517364501953,52.83871078491211,1.28,1.26,1.34,1.18,1.36,1.34,2
36552,214.95394897460938,52.840789794921875,4.88,4.88,4.88,4.88,4.88,4.886489,-1
36553,214.90811157226562,52.80820846557617,2.3,2.3,2.3,2.28,2.3,2.3,2
36556,215.05508422851562,52.9120979309082,1.36,1.36,1.38,1.32,1.4,1.39408,2
36558,214.89071655273438,52.795814514160156,6.68,6.66,6.68,6.64,6.7,6.688017,2
36561,214.9064483642578,52.8065185546875,0.52,0.5,0.54,0.44,0.54,0.542124,2
36569,214.9185791015625,52.81528854370117,1.36,1.36,1.4,1.32,1.4,1.36,2
36572,214.90359497070312,52.80483627319336,2.68,2.68,2.88,2.68,2.9,2.842931,2
36586,215.023681640625,52.890052795410156,4.12,4.04,4.76,0.5,5.26,4.596033,1
36590,215.03306579589844,52.896446228027344,4.04,4.02,4.08,4.02,4.1,3.858,2
36593,214.81399536132812,52.74013137817383,1.76,1.74,1.86,1.72,1.92,1.77181,2
36595,214.814208984375,52.740478515625,1.76,1.76,1.86,1.72,1.9,1.77875,2
36608,215.08502197265625,52.93306350708008,0.76,0.72,0.78,0.7,0.82,0.746039,2
36627,214.88304138183594,52.78993606567383,0.6,0.58,0.7,0.54,0.76,0.45,-1
36628,214.88319396972656,52.790000915527344,0.6,0.54,0.66,0.5,0.76,0.65,-1
36637,215.15518188476562,52.980838775634766,2.56,2.52,2.6,2.5,2.64,2.294917583465576,-1
36642,214.908447265625,52.80792236328125,2.32,2.28,2.34,2.24,2.36,2.300122,2
36643,215.01573181152344,52.88274002075195,1.36,1.3,1.44,1.26,1.52,1.35962,2
36644,215.01612854003906,52.88303756713867,2.28,2.26,2.32,2.14,2.34,2.30356,2
36654,215.07406616210938,52.92477035522461,0.54,0.54,0.54,0.52,0.54,0.5776,2
36681,215.13768005371094,52.97011947631836,1.28,1.26,1.42,1.16,1.56,7.643366,-1
36716,214.8050537109375,52.73394775390625,0.18,0.1,0.18,0.08,0.22,0.173288,2
36719,214.9005126953125,52.801918029785156,1.4,1.38,1.4,1.36,1.46,1.39888,2
36724,215.0579833984375,52.91315841674805,0.24,0.2,0.24,0.1,0.26,0.2016,2
36748,214.9579620361328,52.8429069519043,3.42,3.42,3.42,3.4,3.42,3.444408,2
36750,214.909423828125,52.808319091796875,4.04,3.98,4.1,3.92,4.14,4.144354,2
36758,214.9980926513672,52.87129211425781,3.54,3.54,3.68,3.48,3.72,3.504,2
36764,214.88873291015625,52.79365921020508,6.24,6.2,6.36,6.12,6.54,6.106619,2
36771,214.88282775878906,52.78928756713867,1.66,1.64,1.7,1.62,1.74,2.042263,2
36799,215.062255859375,52.91628646850586,2.44,2.42,2.46,2.36,2.5,2.4089,2
36804,215.12158203125,52.95746612548828,1.06,1.06,1.12,1.04,1.24,1.4049999713897705,2
36805,215.12229919433594,52.9577522277832,0.82,0.78,0.84,0.74,0.86,0.822716,2
36824,214.85748291015625,52.77103042602539,2.46,2.42,2.48,2.36,2.6,1.358861,2
36825,214.85801696777344,52.77124786376953,2.46,2.42,2.48,2.38,2.58,1.358882,2
36827,214.9940643310547,52.8678092956543,1.46,1.42,1.48,1.38,1.5,1.4592,2
36833,214.89328002929688,52.796348571777344,0.74,0.7,0.76,0.68,0.8,0.7366,2
36836,215.0679473876953,52.91973114013672,0.58,0.56,0.6,0.54,0.62,0.5761,2
36846,214.95782470703125,52.84226608276367,1.02,0.98,1.02,0.94,1.04,1.02587,2
36870,214.9080810546875,52.80706024169922,1.76,1.76,1.82,1.74,1.84,1.7539,2
36880,214.9070281982422,52.80624008178711,0.36,0.36,0.58,0.3,0.74,0.54,2
36881,214.90721130371094,52.80622863769531,0.46,0.42,0.54,0.4,0.6,0.535,-1
36905,214.95175170898438,52.837791442871094,0.88,0.84,0.9,0.82,0.96,0.95521,2
36906,215.0530548095703,52.909706115722656,0.72,0.58,0.76,0.54,0.82,1.854345,-1
36927,215.13540649414062,52.96712875366211,4.6,4.48,4.6,4.44,4.62,2.416158,-1
36933,215.0218048095703,52.88717269897461,0.58,0.52,0.62,0.48,0.64,0.623627,2
36937,215.14324951171875,52.97257995605469,0.56,0.56,0.6,0.54,0.64,0.5665,2
36943,214.9698486328125,52.85067367553711,1.04,1.04,1.16,1.04,1.2,1.051244,2
36945,215.00889587402344,52.87815475463867,0.54,0.54,0.58,0.5,0.62,0.5421,2
36946,215.01336669921875,52.8814811706543,1.74,1.6,1.82,1.42,1.9,0.78,-1
36969,215.01795959472656,52.88471221923828,0.86,0.7,1.02,0.26,1.7,5.12,1
36977,214.91343688964844,52.8104133605957,1.24,1.18,1.24,1.12,1.28,1.230491,2
37012,215.02496337890625,52.889427185058594,3.46,3.44,3.64,2.96,3.7,3.66,2
37023,215.01048278808594,52.87912368774414,0.4,0.38,0.4,0.34,0.46,0.380123,2
37030,215.1422882080078,52.972042083740234,2.12,2.1,2.2,2.08,2.26,2.106823205947876,-1
37039,214.86764526367188,52.77768325805664,3.42,3.4,3.44,3.4,3.44,3.4340176582336426,-1
37048,214.912353515625,52.80927658081055,1.78,1.74,1.9,1.68,1.98,1.77,1
37060,215.12132263183594,52.96135330200195,2.7,2.6,2.72,2.52,2.76,1.4054,2
37079,214.95947265625,52.842689514160156,0.54,0.54,0.56,0.52,0.58,0.541479,2
37098,214.97467041015625,52.853092193603516,0.78,0.76,0.82,0.72,0.84,0.8068,2
37106,215.1396026611328,52.970096588134766,0.3,0.28,0.32,0.24,0.36,0.57,-1
37141,215.09420776367188,52.937442779541016,0.66,0.66,0.68,0.66,0.7,0.749384,2
37149,214.8956756591797,52.79722595214844,2.22,2.2,2.22,2.2,2.22,2.1836,2
37155,215.09933471679688,52.941368103027344,1.86,1.78,1.92,1.74,1.94,1.90374,2
37186,214.93775939941406,52.82644271850586,1.44,1.42,1.48,1.38,1.54,1.46,2
37194,214.82241821289062,52.744571685791016,1.24,1.18,1.24,1.14,1.3,1.23,2
37203,215.0146026611328,52.88140869140625,1.36,1.36,1.44,1.36,1.46,1.35689,2
37226,214.85440063476562,52.76715087890625,1.04,1.04,1.04,1.04,1.06,1.1649,2
37229,214.97830200195312,52.85549545288086,0.86,0.82,0.92,0.78,0.98,0.923121,2
37233,214.81846618652344,52.74163818359375,1.36,1.36,1.4,1.32,1.4,1.35373,2
37234,214.99285888671875,52.865970611572266,2.4,2.34,2.42,2.22,2.52,0.73,-1
37237,215.0181884765625,52.883270263671875,0.34,0.28,0.4,0.24,0.44,0.3668,2
37241,214.97421264648438,52.8527946472168,0.72,0.56,0.88,0.46,1.04,6.83,1
37247,214.99749755859375,52.86902618408203,3.42,3.38,3.44,3.32,3.5,3.4346001148223877,0
37257,214.81185913085938,52.73711395263672,9.54,9.42,9.76,9.28,9.92,9.96,2
37286,214.92257690429688,52.81570053100586,1.04,1.0,1.06,0.96,1.08,0.97,-1
37290,214.98878479003906,52.86283493041992,3.48,3.32,3.64,3.02,3.72,6.331486,-1
37296,214.94264221191406,52.83002471923828,1.72,1.7,1.72,1.68,1.78,1.7170000076293945,1
37297,214.94268798828125,52.82994079589844,1.76,1.72,1.84,1.68,1.94,1.715,2
37299,215.007080078125,52.87533187866211,1.46,1.42,1.48,1.4,1.5,1.500959,2
37305,215.00587463378906,52.87490463256836,7.0,6.96,7.2,6.88,7.32,6.911607,2
37310,215.0050811767578,52.87433624267578,4.54,4.46,4.6,4.42,4.64,4.406203,2
37319,214.95896911621094,52.841583251953125,4.9,4.88,4.9,4.86,4.92,4.89,2
37320,214.9589080810547,52.841495513916016,4.88,4.86,4.9,4.84,4.92,4.886096,2
37321,215.0001983642578,52.87077713012695,5.72,5.7,5.72,5.7,5.74,5.721337,2
37328,215.0081787109375,52.876441955566406,5.16,5.12,5.18,5.1,5.2,5.154977,2
37333,215.0558624267578,52.910003662109375,2.22,2.2,2.24,2.16,2.32,1.51,2
37341,215.0200958251953,52.88485336303711,6.14,6.1,6.34,5.86,6.5,5.993199,2
37351,215.00892639160156,52.876808166503906,5.16,5.14,5.18,5.12,5.2,5.143152,2
37370,215.0889129638672,52.93311309814453,0.68,0.64,0.72,0.62,0.74,0.67699,2
37371,214.9664306640625,52.8466796875,2.22,2.18,2.22,2.14,2.24,2.135999917984009,2
37372,214.96656799316406,52.84666442871094,2.12,2.12,2.22,2.1,2.26,2.137,2
37373,215.00604248046875,52.87479782104492,5.7,5.7,5.72,5.7,5.72,5.718419,2
37391,214.96063232421875,52.84259033203125,1.76,1.72,1.88,1.68,1.94,1.685772,2
37400,215.01072692871094,52.87741470336914,0.7,0.68,0.74,0.64,0.76,0.724874,2
37412,215.1221923828125,52.956111907958984,0.68,0.64,0.7,0.62,0.74,0.6721,2
37413,215.1232147216797,52.9564094543457,2.36,2.36,2.36,2.34,2.38,2.355,2
37417,215.13902282714844,52.96689987182617,0.58,0.56,0.6,0.54,0.62,0.5699,2
37419,214.9145965576172,52.809654235839844,2.22,2.18,2.3,2.12,2.38,2.270752,1
37422,214.99624633789062,52.86767578125,0.62,0.56,0.7,0.48,0.76,0.64,-1
37424,214.96995544433594,52.8491325378418,0.26,0.24,3.12,0.2,3.2,2.95,2
37426,215.1496124267578,52.975894927978516,1.0,0.96,1.04,0.9,1.08,5.507,2
37438,215.14137268066406,52.970184326171875,5.08,5.06,5.18,5.04,5.22,5.24408,-1
37441,215.14395141601562,52.97147750854492,0.72,0.68,0.74,0.66,0.78,0.7449,2
37453,214.99110412597656,52.863826751708984,3.06,3.04,3.16,3.0,3.26,6.757685,-1
37461,215.03497314453125,52.8940315246582,0.48,0.48,0.48,0.48,0.5,0.7912,2
37481,215.1001434326172,52.94035339355469,0.28,0.26,0.3,0.26,0.3,0.284619,2
37482,215.10081481933594,52.94087219238281,0.9,0.88,0.94,0.86,0.98,0.9075,2
37506,214.93899536132812,52.82673263549805,2.0,1.78,2.0,1.7,2.06,1.975,2
37512,214.88516235351562,52.78853988647461,0.44,0.4,0.52,0.36,0.64,0.6,-1
37517,214.8311767578125,52.75005340576172,0.98,0.96,0.98,0.96,1.0,1.006459,2
37535,214.87181091308594,52.778770446777344,0.44,0.44,0.44,0.42,0.48,0.165896,-1
37546,215.0580291748047,52.910606384277344,1.0,0.96,1.02,0.94,1.04,1.09742,2
37558,215.04251098632812,52.89961624145508,0.84,0.84,0.86,0.84,0.86,1.33658,2
37564,214.90589904785156,52.80303192138672,1.26,1.2,1.3,1.12,1.34,1.282499,2
37586,214.91799926757812,52.811641693115234,6.0,5.98,6.0,5.96,6.02,5.93,2
37598,214.91650390625,52.810523986816406,1.9,1.8,1.94,1.72,1.96,1.24,-1
37605,214.878173828125,52.78325271606445,4.92,4.92,4.94,4.92,4.94,5.28,2
37620,214.87001037597656,52.77718734741211,2.46,2.44,2.52,2.4,2.56,2.165372610092163,-1
37623,215.14816284179688,52.97425079345703,2.22,2.18,2.32,2.12,2.34,1.27376,-1
37627,214.87347412109375,52.77948760986328,0.42,0.42,0.44,0.42,0.44,0.4358,2
37631,214.92068481445312,52.81303787231445,1.46,1.4,1.46,1.38,1.5,1.403,2
37652,215.14601135253906,52.97262954711914,0.34,0.34,0.42,0.32,0.46,0.409268,-1
37684,215.0990447998047,52.9390869140625,1.68,1.68,1.68,1.66,1.72,1.6786,2
37702,215.0486602783203,52.903419494628906,1.36,1.3,1.36,1.14,1.38,1.567,2
37740,214.9519805908203,52.83494186401367,4.82,4.8,5.22,0.82,5.44,3.66194,-1
37749,215.13552856445312,52.96405029296875,0.64,0.64,0.68,0.6,0.7,0.671119,2
37753,215.1240692138672,52.95646667480469,1.4,1.36,1.44,1.32,1.48,1.435,1
37757,215.00759887695312,52.87434768676758,1.34,1.34,2.68,1.3,2.82,0.5,-1
37773,214.8604278564453,52.7691535949707,0.98,0.98,1.0,0.98,1.0,1.0385,2
37806,215.0774688720703,52.9234619140625,0.28,0.28,0.56,0.28,0.58,2.2742,2
37819,214.9061737060547,52.802120208740234,1.0,0.98,1.02,0.92,1.06,1.014527,1
37825,214.9633026123047,52.8426513671875,1.34,1.32,1.34,1.28,1.36,1.34199,2
37829,215.1285400390625,52.959346771240234,1.14,1.1,1.16,1.08,1.2,1.205,2
37840,215.0067901611328,52.87334060668945,0.54,0.5,0.6,0.44,0.62,0.548468,2
37852,214.94468688964844,52.82929992675781,3.2,3.16,3.24,3.06,3.28,3.2473333333333336,2
37853,214.94471740722656,52.82908630371094,3.18,3.16,3.22,3.1,3.26,0.99,-1
37856,215.0558319091797,52.9081916809082,0.2,0.2,0.22,0.18,0.24,2.28,2
37869,215.1511688232422,52.9750862121582,0.34,0.34,0.36,0.34,0.42,0.353354,2
37884,215.0279541015625,52.888362884521484,1.72,1.42,2.02,1.16,2.44,9.128992,-1
37918,215.00241088867188,52.869781494140625,0.56,0.54,0.62,0.54,0.64,0.585238,2
37925,215.0203094482422,52.882755279541016,3.2,3.12,3.32,3.06,3.4,3.29,2
37936,215.10475158691406,52.94200134277344,0.96,0.92,0.98,0.88,1.0,0.9612,2
37945,214.9595947265625,52.8397102355957,2.88,2.84,2.9,2.68,2.9,2.902876,2
37954,215.12158203125,52.954193115234375,2.16,2.14,2.22,2.08,2.26,2.23,2
37961,214.99180603027344,52.86220932006836,2.88,2.86,2.9,2.76,2.92,2.897913,2
37969,214.92543029785156,52.81534957885742,3.38,3.38,3.4,3.34,3.4,3.395,2
38000,214.9593963623047,52.839290618896484,1.1,1.06,1.18,1.02,1.26,1.22,2
38002,215.15283203125,52.975955963134766,3.16,3.14,3.26,3.12,3.28,3.17469,-1
38003,214.82174682617188,52.74106216430664,0.76,0.72,0.78,0.68,0.8,0.7314,2
38011,214.79910278320312,52.725128173828125,6.06,6.06,6.06,6.04,6.08,6.09,2
38019,215.01730346679688,52.88016128540039,3.5,3.48,3.5,3.44,4.5,5.71,2
38020,215.03062438964844,52.88935852050781,0.86,-1.0,-1.0,-1.0,-1.0,2.3571,2
38031,215.05348205566406,52.90586853027344,3.24,3.08,3.28,2.98,3.38,2.28,1
38059,215.02561950683594,52.88560104370117,0.38,0.38,0.44,0.32,0.48,0.368932,2
38066,214.8228302001953,52.74188995361328,2.68,2.68,2.72,2.68,2.74,2.7,2
38085,215.050537109375,52.90327835083008,1.16,1.12,1.24,1.06,1.34,1.971,2
38092,215.0872802734375,52.928955078125,0.56,0.56,0.56,0.54,0.58,0.629274,2
38094,215.0894775390625,52.928680419921875,0.68,0.64,0.7,0.62,0.72,0.670781,2
38095,215.09031677246094,52.92969512939453,0.66,0.62,0.7,0.58,0.74,0.637407,2
38098,214.83087158203125,52.747161865234375,0.72,0.7,0.74,0.66,0.78,0.7213,2
38107,215.15126037597656,52.9742317199707,0.82,0.78,0.84,0.74,0.86,0.808,2
38118,215.14805603027344,52.97197723388672,1.4,1.36,1.4,1.36,1.46,1.41,2
38121,215.0025177001953,52.86906433105469,0.94,0.88,0.96,0.84,1.0,0.95,-1
38123,214.95262145996094,52.83358383178711,0.1,0.08,0.1,0.06,0.12,0.132184,2
38130,214.81748962402344,52.73760223388672,0.52,0.44,0.52,0.42,0.56,0.6063,2
38144,214.9683837890625,52.84519577026367,3.76,3.52,3.82,3.4,3.98,3.7611000537872314,0
38158,214.9951171875,52.8635368347168,1.68,1.68,1.84,1.64,1.96,1.6956,2
38170,214.90521240234375,52.79930877685547,0.16,0.14,0.18,0.1,0.2,0.1649,2
38180,214.85763549804688,52.766326904296875,2.72,2.7,2.82,2.68,2.92,3.01,2
38194,214.9779815673828,52.85120391845703,1.36,1.3,1.38,1.24,1.42,0.98,-1
38200,215.025146484375,52.88523483276367,2.02,1.28,2.14,0.32,2.7,1.4214999675750732,0
38206,214.8682098388672,52.773738861083984,3.5,3.26,3.56,3.16,3.68,3.303633,2
38207,214.9931640625,52.86234664916992,1.7,1.68,1.78,1.68,1.86,1.6963,2
38232,214.98440551757812,52.85622024536133,2.98,2.98,3.3,2.98,3.58,3.439009,-1
38245,215.14378356933594,52.968605041503906,1.76,1.72,1.88,1.68,1.98,1.81,2
38249,215.02462768554688,52.88459396362305,0.66,0.62,0.72,0.56,0.88,1.246994,-1
38254,214.85911560058594,52.76692199707031,2.5,2.44,2.52,2.4,2.56,2.533209,2
38262,215.14797973632812,52.97163009643555,1.36,1.34,1.5,1.28,1.62,2.075,1
38287,214.97267150878906,52.84770202636719,3.32,3.32,3.32,3.3,3.36,3.399692,2
38290,215.03561401367188,52.8922119140625,7.12,7.1,7.16,7.08,7.2,7.200723,2
38307,215.06829833984375,52.91386413574219,0.9,0.88,0.92,0.88,0.94,0.97388,2
38308,214.9665069580078,52.841949462890625,0.44,0.42,0.46,0.4,0.48,0.4345,2
38315,214.9824981689453,52.8543586730957,0.3,0.28,0.32,0.26,0.34,0.3335,2
38316,215.05503845214844,52.90583038330078,3.64,3.48,3.66,3.34,3.72,3.629552,-1
38328,215.0952606201172,52.933048248291016,2.0,2.0,2.22,1.98,2.52,1.99517,2
38329,215.09365844726562,52.93253707885742,0.96,0.88,0.96,0.86,0.98,0.9129,2
38330,215.09495544433594,52.93227005004883,0.64,0.64,0.68,0.62,0.72,0.6702,2
38336,215.03819274902344,52.892974853515625,0.84,0.82,0.84,0.82,0.86,0.7909,2
38340,215.15203857421875,52.97404479980469,4.18,4.06,4.18,4.0,4.22,4.48,2
38355,214.81741333007812,52.736427307128906,0.7,0.7,0.76,0.66,0.78,0.71,-1
38361,215.0331268310547,52.889991760253906,5.22,5.12,5.24,5.08,5.26,5.227855,2
38362,215.03294372558594,52.88985824584961,5.28,5.0,5.28,4.94,5.3,6.36654,-1
38369,214.976806640625,52.849727630615234,0.32,0.28,0.34,0.26,0.36,0.3346,2
38370,215.03082275390625,52.888370513916016,0.42,0.38,0.44,0.38,0.58,0.574489,2
38379,215.00592041015625,52.870574951171875,0.24,0.22,0.26,0.18,0.28,0.237615,2
38396,214.94886779785156,52.83041763305664,1.6,1.32,1.6,1.28,1.66,1.6,2
38398,214.8030242919922,52.72654342651367,4.54,4.5,4.58,4.48,4.6,4.56,2
38399,214.859130859375,52.76654052734375,2.5,2.46,2.54,2.38,2.6,2.087,2
38406,214.86036682128906,52.76744079589844,3.02,3.02,3.22,2.92,3.36,3.01,2
38413,215.00177001953125,52.867862701416016,2.4,2.4,2.4,2.4,2.4,2.438198,2
38425,215.05654907226562,52.900238037109375,0.42,0.32,0.44,0.3,0.46,0.3497,2
38426,215.05526733398438,52.903297424316406,0.84,0.82,0.86,0.82,0.86,0.68091,2
38427,215.05667114257812,52.903602600097656,0.84,0.52,0.84,0.5,0.86,0.5755,2
38429,215.05593872070312,52.90159225463867,0.58,0.56,0.62,0.54,0.64,0.6593,2
38442,214.968994140625,52.84455108642578,0.44,0.44,0.52,0.4,0.72,0.51,-1
38450,215.14678955078125,52.97010803222656,5.24,5.08,5.24,5.06,5.24,5.277100086212158,2
38451,215.14695739746094,52.97004699707031,5.26,5.22,5.28,5.12,5.3,5.28,2
38468,214.81027221679688,52.73043441772461,0.76,0.72,0.78,0.68,0.82,0.7298,2
38472,215.03485107421875,52.89136505126953,1.26,1.24,1.28,1.24,1.3,2.34,2
38475,214.98529052734375,52.855682373046875,0.34,0.3,0.34,0.28,0.34,0.3342,2
38478,214.87767028808594,52.77924728393555,0.42,0.42,0.42,0.42,0.42,0.435596,2
38481,215.037109375,52.892581939697266,7.14,7.08,7.2,7.04,7.26,7.191701,2
38489,214.8754119873047,52.7775993347168,1.02,1.0,1.04,1.0,1.04,1.04726,2
38509,214.961669921875,52.838748931884766,0.74,0.68,0.76,0.64,0.78,0.770169,2
38510,214.9702606201172,52.84518051147461,2.42,2.4,2.42,1.38,2.44,2.415,2
38511,215.02984619140625,52.88740539550781,4.66,4.46,4.74,4.26,4.8,3.103102,1
38519,214.88430786132812,52.78363800048828,2.38,2.38,2.44,2.34,2.48,1.46453,2
38520,214.8847198486328,52.783477783203125,2.4,2.38,2.42,2.34,2.48,1.45592,2
38560,214.816162109375,52.735084533691406,2.12,2.12,2.2,2.08,2.24,2.163455,2
38569,214.92665100097656,52.81402587890625,4.12,3.96,4.14,3.9,4.16,4.01226,2
38579,214.8701629638672,52.77345657348633,2.54,2.52,2.58,2.5,2.64,2.1877,2
38591,214.94796752929688,52.82879638671875,0.7,0.66,0.72,0.64,0.74,0.7351,2
38611,215.03741455078125,52.89179992675781,7.22,7.08,7.26,7.0,7.3,7.196499824523926,2
38612,215.03704833984375,52.89190673828125,7.12,7.08,7.16,7.06,7.2,7.193341,2
38632,214.97743225097656,52.85095977783203,1.36,1.32,1.4,1.28,1.44,1.36,1
38650,215.03538513183594,52.89067459106445,8.84,8.84,8.84,8.84,8.86,8.676532,2
38681,214.9234619140625,52.811302185058594,4.34,4.14,4.46,3.42,4.7,4.37,2
38704,214.98875427246094,52.85655212402344,0.34,0.3,0.34,0.28,0.34,0.334,2
38734,214.8671417236328,52.770816802978516,2.46,2.44,2.52,2.4,2.64,1.39408,2
38759,215.1575164794922,52.97635269165039,0.42,0.4,0.44,0.36,0.46,0.431764,2
38777,214.97801208496094,52.84964370727539,1.22,1.16,1.28,1.08,1.36,0.45,-1
38786,214.96804809570312,52.84297561645508,2.52,2.5,2.6,2.48,2.64,2.53,2
38789,215.08367919921875,52.92403793334961,0.06,0.06,0.08,0.04,0.08,0.208298,2
38793,215.06564331054688,52.910701751708984,0.54,0.54,0.56,0.52,0.56,0.576082,2
38794,215.06671142578125,52.9107780456543,2.3,2.24,2.32,2.2,2.34,2.2722,2
38802,215.00262451171875,52.8666877746582,0.52,0.44,0.52,0.42,0.56,0.513523,2
38809,214.828369140625,52.742950439453125,4.58,4.48,4.6,4.42,4.62,4.485,2
38816,214.94775390625,52.827308654785156,0.26,0.26,0.28,0.24,0.3,0.271843,2
38817,214.9485321044922,52.82726287841797,4.18,4.16,4.34,4.1,4.42,4.273,2
38835,214.8560791015625,52.762264251708984,0.28,0.28,0.42,0.28,0.42,0.2625,2
38862,214.8864288330078,52.784217834472656,3.2,3.16,3.26,3.1,3.28,3.327086,2
38875,215.10736083984375,52.94028091430664,0.4,0.34,0.4,0.32,0.42,0.3942,2
38894,215.1087646484375,52.94133758544922,2.46,2.44,2.52,2.44,2.62,1.6657114028930664,-1
38895,215.10902404785156,52.9411506652832,1.64,1.62,1.68,1.6,1.74,1.6658,2
38897,214.82049560546875,52.737152099609375,6.46,6.38,6.48,6.3,6.5,6.27,2
38905,214.8789825439453,52.778594970703125,1.04,1.04,1.04,1.0,1.04,1.0401,2
38914,215.04075622558594,52.893592834472656,1.08,1.04,1.18,0.8,1.4,7.369017,-1
38920,214.80548095703125,52.72598648071289,0.72,0.7,0.76,0.66,0.78,0.7299,2
38923,214.98243713378906,52.85200500488281,1.16,1.14,1.2,1.1,1.22,1.193954,2
38925,215.14529418945312,52.96728515625,4.48,4.46,4.54,4.42,4.6,4.48,2
38944,214.97056579589844,52.84377670288086,2.94,2.94,2.94,2.94,2.94,2.941545,2
38954,214.94383239746094,52.82474899291992,2.3,2.2,2.34,2.12,2.36,2.328034,2
38961,215.1510772705078,52.97122573852539,1.78,1.74,1.92,1.7,2.02,0.425,-1
38968,215.13653564453125,52.96085739135742,0.74,0.7,0.76,0.64,0.8,0.745,-1
38971,214.81675720214844,52.73388671875,1.38,1.38,1.38,1.36,1.4,2.14401,2
38975,214.98159790039062,52.85151672363281,3.28,3.18,3.28,3.12,3.3,3.24,2
38991,214.86184692382812,52.76499557495117,2.32,2.32,2.32,2.28,2.32,2.303602,2
38996,215.03305053710938,52.88787841796875,0.62,0.56,2.1,0.36,2.78,0.5507000088691711,0
38999,214.9567108154297,52.83377456665039,5.8,5.76,5.82,5.74,5.84,5.75,2
39005,214.8859100341797,52.783363342285156,4.86,4.84,4.88,4.8,4.9,4.889568,2
39044,215.13002014160156,52.95540237426758,0.34,0.3,0.4,0.28,0.42,0.3481,2
39051,214.92919921875,52.813812255859375,1.9,1.8,1.92,1.7,1.96,1.86065,2
39058,214.890869140625,52.78665542602539,2.2,1.94,2.32,1.72,2.54,0.82,-1
39062,215.1288299560547,52.95518493652344,7.74,7.72,7.74,7.7,7.74,7.770573,2
39069,215.02183532714844,52.87959671020508,1.14,0.88,1.4,0.6,4.3,1.358581,-1
39098,215.03207397460938,52.88656997680664,2.04,2.04,2.04,2.04,2.2,2.31,2
39105,214.82205200195312,52.737491607666016,3.4,3.36,3.56,3.22,3.76,5.01,1
39136,215.02157592773438,52.87899398803711,1.76,1.72,1.98,1.46,2.1,1.88,2
39137,215.02230834960938,52.87929153442383,1.74,1.62,1.82,1.54,1.92,1.69123,2
39140,215.05288696289062,52.901023864746094,1.22,1.14,1.24,1.04,1.32,1.97279,2
39144,214.86691284179688,52.769283294677734,4.92,4.92,4.94,4.9,4.96,5.292463,2
39157,215.0445556640625,52.89461898803711,0.88,0.84,0.9,0.84,0.92,1.226,2
39159,215.04539489746094,52.89458465576172,1.56,1.56,1.6,1.54,1.62,1.87,2
39163,214.97622680664062,52.84659194946289,0.4,0.38,0.42,0.36,0.42,0.418684,2
39178,214.8263397216797,52.74013137817383,2.16,2.12,2.22,2.08,2.28,2.1891,2
39186,214.9514923095703,52.8290901184082,3.06,2.98,3.12,2.96,3.18,3.1033,2
39208,214.85694885253906,52.76201248168945,0.52,0.44,0.58,0.36,0.82,5.21,1
39209,214.8902587890625,52.78575897216797,0.42,0.42,3.56,0.42,3.78,3.656342,2
39212,215.11058044433594,52.94182205200195,4.92,4.92,5.3,4.9,5.32,5.31,2
39235,214.85623168945312,52.76144027709961,2.56,1.62,2.62,1.06,2.96,1.24,-1
39239,214.8883514404297,52.78411865234375,2.42,2.4,2.42,2.38,2.42,1.53501,2
39250,215.07229614257812,52.91424560546875,1.34,1.34,1.36,1.28,1.4,1.42056,2
39253,214.94847106933594,52.82698440551758,0.8,0.72,0.92,0.68,4.4,4.29,2
39274,214.90853881835938,52.798423767089844,2.18,2.12,2.24,2.08,2.32,2.1656,2
39277,214.8578338623047,52.76337814331055,0.04,0.04,0.04,0.04,0.04,0.050141,2
39278,214.86241149902344,52.76573181152344,4.22,4.22,4.3,4.2,4.34,4.28,2
39279,214.94227600097656,52.82250213623047,1.04,1.04,1.14,0.6,1.32,0.71,-1
39295,215.05020141601562,52.89859390258789,0.84,0.84,0.86,0.84,0.88,1.40368,2
39318,214.89114379882812,52.78607940673828,3.44,3.44,3.46,3.42,3.56,3.67,2
39324,215.0627899169922,52.90708923339844,0.54,0.54,0.56,0.52,0.58,0.5767,2
39329,214.9293212890625,52.81318283081055,3.1,2.9,3.3,2.76,3.46,3.31,2
39370,215.12692260742188,52.95283889770508,1.82,1.74,1.9,1.7,1.94,1.92,-1
39372,215.15911865234375,52.97541427612305,0.44,0.42,0.46,0.42,0.5,0.4478,2
39388,215.04754638671875,52.896549224853516,0.48,0.48,0.48,0.46,0.5,0.5999,2
39413,215.1311798095703,52.955482482910156,0.36,0.34,0.4,0.32,0.44,0.34809,2
39425,214.8600311279297,52.763580322265625,0.98,0.72,1.04,0.48,1.06,0.34,-1
39433,215.09390258789062,52.92896270751953,1.06,1.04,1.12,1.04,1.16,1.0973,2
39435,214.89109802246094,52.78558349609375,3.44,3.44,3.56,3.4,3.64,3.67,2
39440,215.07635498046875,52.91681671142578,2.24,2.2,2.3,2.16,2.34,2.1128,2
39447,214.94410705566406,52.8233757019043,4.9,4.68,5.44,0.92,6.78,6.76,2
39491,215.03778076171875,52.88916778564453,0.48,0.48,0.48,0.46,0.48,0.413915,2
39496,215.13270568847656,52.956417083740234,2.38,2.3,2.54,2.2,2.62,0.58,-1
39517,214.89303588867188,52.7859992980957,0.52,0.5,0.52,0.46,0.52,0.6518,2
39519,215.14918518066406,52.968013763427734,1.68,1.66,2.0,1.58,2.08,0.99,-1
39539,215.09986877441406,52.933082580566406,2.46,2.4,2.48,2.36,2.54,2.38211,2
39540,214.90318298339844,52.79350662231445,2.22,2.18,2.36,2.12,2.5,2.1911702156066895,-1
39560,215.0642852783203,52.90788269042969,0.52,0.38,0.52,0.34,0.54,0.3742,2
39564,215.1091766357422,52.93977355957031,4.86,4.86,4.86,4.86,4.86,4.88,2
39567,214.8842315673828,52.78019332885742,1.06,1.04,1.06,1.04,1.06,1.17711,2
39575,215.1328125,52.956016540527344,0.7,0.66,0.72,0.62,0.76,0.6732,2
39583,214.96649169921875,52.83879470825195,3.4,3.38,3.46,3.36,3.52,3.457379,2
39589,215.01673889160156,52.87434005737305,2.52,2.36,2.62,2.24,2.66,4.96894,-1
39590,215.01690673828125,52.87437057495117,2.54,2.5,2.62,2.46,2.66,2.56,1
39632,214.96046447753906,52.834110260009766,0.76,0.72,0.78,0.68,0.8,0.7677,2
39649,214.94924926757812,52.82603073120117,0.7,0.66,0.74,0.62,0.76,0.7077,2
39667,214.89125061035156,52.785057067871094,2.68,2.52,2.76,0.46,2.92,0.28,-1
39669,214.93994140625,52.81932830810547,1.36,1.28,1.56,1.18,1.64,1.86051,2
39678,215.00865173339844,52.868289947509766,1.9,1.84,1.92,1.8,1.94,8.78,2
39680,215.06858825683594,52.9105224609375,1.04,1.02,1.06,0.98,1.08,1.17168,2
39687,215.07168579101562,52.91279220581055,0.02,0.02,0.02,0.02,0.04,0.3347,2
39695,214.91600036621094,52.80238723754883,1.4,1.4,1.42,1.38,1.5,1.400455,2
39704,215.0694580078125,52.91086196899414,1.04,0.94,1.04,0.9,1.04,1.17276,2
39710,215.1300811767578,52.95382308959961,2.94,2.82,2.94,2.76,2.94,2.75,2
39716,214.80467224121094,52.72261047363281,0.82,0.8,0.84,0.78,0.86,0.8176,2
39726,214.89015197753906,52.78408432006836,0.48,0.46,0.52,0.44,0.52,0.54,-1
39746,215.05215454101562,52.898624420166016,0.84,0.84,0.86,0.84,0.86,1.22777,2
39754,214.95269775390625,52.82792663574219,3.08,3.08,3.1,3.06,3.12,3.105,2
39764,215.0911407470703,52.92617416381836,2.4,2.38,2.4,2.38,2.42,2.3846,2
39777,214.98831176757812,52.85366439819336,7.06,7.02,7.18,6.98,7.26,7.11,2
39787,215.02667236328125,52.88029098510742,0.76,0.7,0.8,0.66,0.84,0.731,2
39834,215.11082458496094,52.93983459472656,0.3,0.28,0.32,0.26,0.36,0.303409,2
39842,215.0123291015625,52.8704948425293,1.98,1.82,3.12,1.62,3.58,3.26,2
39843,214.86647033691406,52.76670455932617,0.42,0.42,0.44,0.42,0.44,0.4355,2
39853,215.0408172607422,52.89015197753906,0.88,0.86,0.9,0.86,0.94,1.2267,2
39863,214.92898559570312,52.81128692626953,3.28,3.18,3.28,3.06,3.3,3.291302,2
39893,214.8371124267578,52.7456169128418,1.76,1.72,1.86,1.68,1.94,1.74835,2
39936,215.0089111328125,52.867488861083984,1.26,1.26,1.32,1.24,1.34,1.285407,2
39959,215.0470428466797,52.89462661743164,0.82,0.68,1.16,0.4,3.12,6.753804,-1
39986,214.95416259765625,52.82859420776367,4.34,4.28,4.36,4.26,4.38,4.277,2
39989,215.04278564453125,52.891239166259766,0.84,0.84,0.86,0.84,0.88,1.49054,2
39997,214.99057006835938,52.85445785522461,1.1,1.08,1.14,1.04,1.18,1.234759,2
40011,215.0226287841797,52.8771858215332,6.56,6.54,6.56,6.48,6.58,6.192928,2
40013,214.97389221191406,52.84262466430664,2.88,2.86,2.9,2.82,2.92,2.873108,2
40045,214.94862365722656,52.82463073730469,3.68,3.36,3.9,3.1,4.12,3.773039,2
40054,215.08877563476562,52.923465728759766,0.94,0.92,0.94,0.92,0.96,1.16626,2
40055,214.98321533203125,52.849159240722656,1.74,1.52,1.8,1.44,1.94,5.94,1
40064,214.98594665527344,52.85056686401367,0.96,0.88,0.96,0.84,1.0,0.912737,2
40092,214.93727111816406,52.81544876098633,1.46,1.42,1.7,1.34,1.84,1.39648,2
40121,214.8619842529297,52.7627067565918,2.3,2.28,2.32,2.24,2.32,2.177981,2
40122,214.8735809326172,52.77094650268555,2.3,2.26,2.32,2.22,2.32,2.129831,2
40129,215.0351104736328,52.885658264160156,0.52,0.44,0.52,0.42,0.58,0.460232,-1
40130,215.12901306152344,52.95185470581055,5.68,5.62,5.68,5.6,5.7,5.672401,2
40138,214.96511840820312,52.835845947265625,2.4,2.38,2.4,2.38,2.4,2.387163,2
40141,215.03958129882812,52.888153076171875,1.04,1.04,1.06,1.04,1.08,1.86624,2
40182,214.9393768310547,52.81731414794922,1.28,1.22,1.52,1.14,1.66,1.46,2
40228,214.8921661376953,52.78367233276367,0.42,0.42,0.44,0.42,0.52,0.6528,2
40230,215.11065673828125,52.93870544433594,3.78,3.74,3.78,3.7,3.78,6.15488,-1
40248,214.9698944091797,52.839088439941406,1.0,0.74,1.14,0.68,2.02,1.25,-1
40268,214.95533752441406,52.827884674072266,0.8,0.76,0.82,0.72,0.86,0.808438,2
40275,214.9305877685547,52.811092376708984,2.62,2.6,2.62,2.58,2.62,2.567219,2
40277,214.94239807128906,52.81944274902344,2.4,2.24,2.54,2.06,2.66,2.55108,1
40279,214.804443359375,52.72111129760742,2.68,2.42,2.66,2.34,2.72,2.695,2
40280,214.8043212890625,52.720970153808594,4.08,4.0,4.14,3.9,4.16,4.175,2
40289,214.99920654296875,52.85954666137695,0.34,0.32,0.36,0.3,0.4,0.3533,2
40312,214.8597869873047,52.76039123535156,0.42,0.42,0.42,0.42,0.44,3.759713,2
40346,214.82403564453125,52.73418426513672,0.82,0.8,0.84,0.78,0.86,0.8171,2
40395,215.1219024658203,52.94597625732422,0.72,0.7,0.82,0.66,0.88,0.7468,2
40408,214.88037109375,52.77483367919922,0.42,0.4,0.42,0.4,0.42,0.345894,2
40426,215.0557403564453,52.89861297607422,0.5,0.5,0.52,0.48,0.52,0.5762,2
40427,215.05662536621094,52.898460388183594,0.48,0.48,0.48,0.48,0.48,0.5739,2
40439,214.94163513183594,52.818321228027344,1.52,1.34,1.5,1.28,1.54,1.47,2
40445,215.10862731933594,52.934974670410156,1.64,1.48,1.66,1.42,1.72,0.6924999952316284,2
40457,214.8694610595703,52.767059326171875,5.46,5.44,5.48,5.42,5.5,5.384574,2
40470,214.92306518554688,52.80453109741211,1.0,0.98,1.02,0.94,1.02,1.0144,2
40475,215.11203002929688,52.93896484375,2.12,1.54,2.32,1.38,7.98,6.885786,1
40481,214.92576599121094,52.80705261230469,1.06,1.04,1.2,0.86,1.34,5.13,2
40486,214.8910369873047,52.7823371887207,2.46,2.34,2.6,2.22,2.7,1.07,-1
40499,214.94668579101562,52.8214225769043,0.96,0.92,0.96,0.88,0.96,0.9608,2
40501,214.95220947265625,52.82524490356445,0.76,0.72,0.78,0.68,0.8,0.7644,2
40504,215.05271911621094,52.896305084228516,0.42,0.38,0.42,0.36,0.44,0.4035,2
40510,214.86927795410156,52.76679229736328,0.48,0.46,0.5,0.44,0.52,0.95,-1
40511,214.86944580078125,52.76689910888672,0.98,0.98,0.98,0.98,1.0,0.76,-1
40521,214.93026733398438,52.81014633178711,5.3,5.26,5.32,5.24,5.34,0.5,-1
40523,214.9678192138672,52.83686828613281,2.08,1.86,2.16,1.66,2.32,0.38,-1
40534,215.0800018310547,52.91596221923828,0.86,0.82,0.88,0.8,0.88,0.82851,2
40563,214.9601287841797,52.831268310546875,4.92,4.82,4.94,4.72,4.98,4.895999908447266,2
40564,214.9600067138672,52.83116149902344,4.88,4.84,4.88,4.82,4.9,4.895,2
40567,215.02310180664062,52.87592315673828,2.42,2.36,2.44,2.24,2.5,2.410352,2
40568,214.8960723876953,52.78603744506836,1.22,1.18,1.24,1.14,1.3,1.229281,2
40575,214.87060546875,52.767173767089844,1.06,1.04,1.06,1.04,1.06,1.213908,2
40583,215.1327362060547,52.9532470703125,6.94,6.9,6.98,6.86,7.02,6.93,2
40596,214.95631408691406,52.82838821411133,3.16,3.08,3.18,3.04,3.24,3.239,1
40609,214.84310913085938,52.74789047241211,7.56,7.46,7.6,7.4,7.64,7.52,2
40614,214.87149047851562,52.76809310913086,1.04,1.04,2.42,0.86,2.66,1.13,-1
40616,214.90603637695312,52.79198455810547,0.44,0.42,0.44,0.42,0.44,0.4344,2
40642,214.88958740234375,52.78178787231445,0.44,0.44,0.5,0.42,0.5,0.569765,2
40662,214.9988250732422,52.857364654541016,1.18,1.14,1.2,1.12,1.22,1.1754,2
40663,215.01626586914062,52.87078857421875,2.96,2.44,2.92,2.12,3.06,0.719801,-1
40700,215.01087951660156,52.86683654785156,1.68,1.68,1.88,1.62,2.0,1.708509,2
40726,214.98509216308594,52.84849548339844,1.7,1.64,1.88,1.54,2.0,1.677892,1
40748,214.86346435546875,52.76134490966797,0.42,0.42,0.42,0.42,0.42,0.3544,2
40749,214.91864013671875,52.80095291137695,2.06,2.04,2.14,2.02,2.2,1.337,2
40750,215.10498046875,52.9327278137207,1.14,1.08,1.18,1.04,1.2,1.172089,2
40752,214.83438110351562,52.7412109375,1.72,1.7,1.82,1.68,1.92,1.68,-1
40778,214.98983764648438,52.85129928588867,0.72,0.7,0.76,0.68,0.8,0.730847,2
40781,215.05906677246094,52.900779724121094,5.86,1.12,6.0,0.74,6.08,1.965,-1
40792,214.8651580810547,52.76296615600586,2.5,2.44,2.56,2.38,2.64,2.069775,2
40797,215.02928161621094,52.87955093383789,1.04,0.78,1.04,0.68,1.12,3.150524,-1
40829,214.8806915283203,52.77369689941406,2.5,2.46,2.54,2.42,2.6,2.06179,2
40862,214.84022521972656,52.74456024169922,2.5,2.46,2.6,2.4,2.64,2.645,2
40865,214.94033813476562,52.816322326660156,1.34,1.14,1.42,1.08,1.6,1.39,-1
40867,215.01339721679688,52.86779022216797,0.92,0.9,0.96,0.86,1.0,0.954911,2
40895,215.0687713623047,52.90699005126953,1.1,1.08,1.1,1.08,1.12,2.2633,2
40900,215.04429626464844,52.88985824584961,0.84,0.82,4.38,0.8,4.54,6.430458,-1
40918,214.96871948242188,52.836273193359375,2.74,2.64,2.78,2.46,2.84,2.7,2
40940,215.10137939453125,52.92910385131836,0.54,0.52,0.56,0.48,0.6,0.5409,2
40941,215.1009521484375,52.928035736083984,1.18,1.12,1.2,1.08,1.24,1.1797,2
40965,215.04364013671875,52.889198303222656,4.62,4.6,4.64,4.54,4.64,2.400129,-1
40969,215.04359436035156,52.888885498046875,3.72,3.64,3.74,0.74,3.76,6.9346,-1
40981,214.98277282714844,52.8460807800293,2.96,2.8,3.0,0.38,3.24,3.25,1
40985,214.92494201660156,52.804969787597656,1.24,1.16,1.26,1.1,1.36,1.25,0
40987,215.0279541015625,52.87782669067383,3.08,3.08,3.18,3.06,3.3,1.1970000267028809,2
40988,215.02769470214844,52.87773132324219,1.18,1.14,1.28,1.08,1.36,1.2,2
41007,215.0177459716797,52.87071228027344,4.48,4.44,4.54,4.42,4.6,1.1193000078201294,0
41008,215.017822265625,52.87060546875,4.46,4.46,4.5,4.44,4.52,9.573295,-1
41011,215.1298828125,52.949947357177734,7.46,7.44,7.48,7.44,7.5,7.440507,2
41031,214.85826110839844,52.75741195678711,2.4,2.4,2.42,2.4,2.42,1.390323,2
41055,215.14846801757812,52.96242904663086,0.84,0.84,0.96,0.82,0.96,0.9073,2
41058,215.1227264404297,52.94467544555664,0.2,0.18,0.24,0.14,0.28,0.2132,2
41075,215.07005310058594,52.906822204589844,0.56,0.54,0.6,0.5,0.62,0.5767,2
41103,215.13455200195312,52.95292663574219,2.38,2.36,2.38,2.36,2.38,2.365,2
41117,214.8618927001953,52.7597770690918,5.4,2.8,5.4,0.52,5.62,4.82,2
41119,214.85821533203125,52.75693893432617,0.5,0.5,0.5,0.5,0.5,3.641912,2
41120,214.8582763671875,52.7568244934082,0.52,0.5,0.52,0.5,0.52,3.619359,2
41129,214.94822692871094,52.81972885131836,1.0,0.96,1.02,0.88,1.06,1.03501,2
41133,214.9415283203125,52.81626510620117,2.62,2.5,2.64,1.72,2.86,2.55,2
41137,214.97047424316406,52.83678436279297,2.88,2.86,2.9,2.86,2.9,2.904704,2
41138,215.01910400390625,52.87112045288086,3.32,3.3,3.38,3.2,3.4,8.578584,-1
41141,214.9507598876953,52.82284164428711,2.94,2.92,2.94,2.92,2.94,2.873479,2
41144,215.04049682617188,52.88595199584961,2.96,2.96,3.0,2.94,3.08,5.498002,-1
41149,214.86244201660156,52.7596435546875,1.08,1.08,1.18,1.04,1.22,1.176909,2
41161,214.8660888671875,52.76234436035156,2.46,2.46,2.54,2.42,2.64,1.3577,2
41180,214.93734741210938,52.813140869140625,1.74,1.64,1.84,1.52,1.94,1.63,2
41202,215.04241943359375,52.887657165527344,0.42,0.46,2.82,0.38,3.66,6.958987,-1
41215,215.00755310058594,52.86293029785156,4.22,4.1,4.36,3.9,4.54,4.25,2
41224,215.03445434570312,52.88206100463867,4.7,4.62,4.78,4.56,4.82,4.5,2
41231,214.94888305664062,52.8212776184082,2.0,1.04,2.04,0.52,2.46,1.02,-1
41237,215.03607177734375,52.883079528808594,7.04,7.02,7.2,6.98,7.26,7.1782,2
41248,215.11422729492188,52.9382209777832,5.18,5.08,5.22,5.04,5.24,5.061435,2
41249,215.1472625732422,52.96104431152344,0.68,0.64,0.72,0.62,0.76,0.672,2
41263,215.03602600097656,52.88294982910156,0.56,0.56,0.86,0.52,0.96,4.347129,-1
41283,214.99581909179688,52.85420608520508,0.98,0.96,1.0,0.9,1.02,0.97,1
41289,215.02674865722656,52.87632369995117,5.18,3.48,5.2,3.28,5.22,5.229102,2
41290,215.02676391601562,52.87621307373047,3.06,2.82,3.32,0.86,3.74,4.343742,-1
41309,215.09454345703125,52.923587799072266,0.82,0.8,0.86,0.76,0.88,0.8223,2
41328,214.98451232910156,52.84627914428711,2.6,2.52,2.64,2.46,2.66,2.51905,2
41344,214.9693145751953,52.834861755371094,1.34,1.32,1.34,1.28,1.34,1.333317,2
41379,215.0248260498047,52.8746452331543,1.04,0.9,1.26,0.7,3.06,6.669099807739258,2
41380,215.02491760253906,52.87467575073242,6.7,6.68,6.7,6.68,6.72,6.666108,2
41402,215.11256408691406,52.93650436401367,0.96,0.9,0.98,0.86,1.0,0.913018,-1
41408,215.12637329101562,52.94588088989258,0.74,0.72,0.88,0.7,0.94,0.770577,2
41424,215.0464630126953,52.889495849609375,1.08,1.08,1.2,1.08,1.38,7.194161,2
41425,215.0465087890625,52.88935852050781,4.34,4.34,4.34,4.34,4.36,4.35284,2
41426,215.0465087890625,52.889251708984375,4.36,4.36,4.36,4.34,4.36,4.35,2
41437,215.01304626464844,52.86612319946289,4.42,4.4,4.5,4.4,4.58,4.398817,2
41452,215.0449676513672,52.888641357421875,3.34,3.34,3.36,3.32,3.36,7.204828,-1
41467,215.10964965820312,52.9340705871582,2.44,2.42,2.46,2.3,2.48,2.46,2
41471,214.9785919189453,52.84157943725586,5.26,5.16,5.28,5.02,5.3,5.28,2
41488,214.94888305664062,52.82041549682617,3.08,3.06,3.18,3.04,3.26,3.12,2
41496,214.99639892578125,52.85415267944336,8.8,8.76,8.86,8.66,8.9,8.84,2
41503,214.89537048339844,52.78240203857422,0.24,0.24,0.24,0.24,0.26,0.251869,2
41532,214.94512939453125,52.81747055053711,0.82,0.74,0.88,0.6,0.92,0.918619,2
41541,215.07203674316406,52.907108306884766,1.54,1.4,1.56,1.36,1.6,1.490125,2
41560,214.9327392578125,52.808738708496094,6.18,6.06,6.24,1.48,6.66,6.19,2
41615,214.9324188232422,52.80793762207031,1.16,1.14,1.2,1.1,1.24,1.16842,2
41649,215.13848876953125,52.9539794921875,1.12,1.06,1.18,1.04,1.22,1.184,1
41663,214.967041015625,52.832759857177734,0.74,0.7,0.8,0.68,0.86,0.92,-1
41682,215.10897827148438,52.93286895751953,1.36,1.36,1.4,1.34,1.42,1.401959,2
41696,214.93670654296875,52.81110382080078,2.92,2.84,2.92,2.78,2.94,2.910958,2
41697,214.9437713623047,52.816009521484375,1.78,1.74,1.94,1.68,2.02,1.88,2
41718,214.95639038085938,52.82505416870117,2.02,1.78,2.08,0.16,2.3,1.27,-1
41722,215.03680419921875,52.8819694519043,4.3,4.16,4.36,4.08,4.5,4.141438,2
41734,215.152099609375,52.9630126953125,0.7,0.68,0.72,0.64,0.76,0.6915,2
41745,215.0914306640625,52.91999816894531,1.08,1.08,1.08,1.08,1.08,2.475,2
41765,214.95458984375,52.823280334472656,1.46,1.42,1.48,1.38,1.52,1.47936,2
41766,214.95480346679688,52.82326889038086,1.46,1.44,1.48,1.42,1.48,1.480422,2
41775,215.06259155273438,52.89985275268555,0.84,0.82,0.84,0.82,0.88,1.67781,2
41780,215.0105743408203,52.86332702636719,6.54,6.32,6.54,6.26,6.58,6.186792,2
41825,215.05126953125,52.89186096191406,4.64,4.58,4.64,4.5,4.66,8.262200355529785,0
41826,215.0720672607422,52.906211853027344,1.56,1.36,1.58,1.36,1.6,1.5907,2
41839,215.0257568359375,52.87379837036133,4.44,4.42,4.6,4.38,4.64,4.486,2
41868,214.93524169921875,52.809444427490234,1.7,1.16,1.96,0.92,2.06,1.03,-1
41874,214.948974609375,52.8192024230957,1.1,1.08,1.28,0.92,1.34,1.11,-1
41901,215.0470733642578,52.88864517211914,3.7,3.42,3.68,3.08,3.72,7.2006001472473145,2
41902,215.04722595214844,52.8885612487793,0.74,0.72,0.8,0.7,0.82,7.193,2
41913,215.0101318359375,52.862464904785156,1.18,1.1,1.22,1.04,1.28,1.21,-1
41930,215.00601196289062,52.859004974365234,1.84,1.82,1.84,1.82,1.9,1.1721,2
41935,214.94776916503906,52.817893981933594,3.26,3.14,3.38,3.06,3.46,3.4360392093658447,-1
41939,214.99874877929688,52.853458404541016,0.44,0.44,0.5,0.42,0.52,0.4884,2
41995,215.01609802246094,52.86616897583008,0.58,0.56,0.6,0.54,0.62,0.575728,2
42003,215.03421020507812,52.877647399902344,0.6,0.6,0.84,0.56,1.0,0.575214,2
42004,215.03338623046875,52.87787628173828,1.36,1.32,1.4,1.26,1.44,1.36198,2
42005,215.03317260742188,52.877620697021484,1.38,1.34,1.42,1.32,1.46,1.35634,2
42023,214.9361114501953,52.809635162353516,4.84,4.76,4.86,4.52,4.9,5.03,1
42060,215.02584838867188,52.87312316894531,6.54,6.5,6.58,6.4,6.6,6.37613,2
42083,214.95306396484375,52.82132339477539,1.72,1.7,1.82,1.66,1.92,1.741751,2
42090,215.1122589111328,52.933475494384766,0.96,0.92,0.98,0.88,1.0,0.958996,-1
42201,215.04110717773438,52.8833122253418,1.08,0.94,1.12,0.74,1.2,1.297317,-1
42214,215.05067443847656,52.88993453979492,5.82,5.8,5.84,5.76,5.84,5.96,2
42226,215.03990173339844,52.88237380981445,4.46,4.36,4.56,4.28,4.66,0.692258,-1
42234,215.0205078125,52.86784744262695,0.64,0.62,0.68,0.58,0.72,0.6304,2
42249,215.11582946777344,52.93592071533203,3.14,3.1,3.16,3.06,3.22,3.825,2
42280,214.98060607910156,52.84015655517578,0.38,0.34,0.4,0.3,0.44,0.4,-1
42290,214.96031188964844,52.82577896118164,1.06,0.92,1.8,0.62,2.94,5.38,1
42307,215.14027404785156,52.95249557495117,1.06,1.02,1.08,1.0,1.08,1.1664,2
42320,215.141845703125,52.95395278930664,4.42,4.42,4.48,4.4,4.54,4.49,2
42368,214.98492431640625,52.84278106689453,1.44,1.36,1.46,1.34,1.48,1.46,2
42374,214.99932861328125,52.85261917114258,1.58,1.54,1.6,1.54,1.6,1.545224,2
42377,215.16127014160156,52.96705627441406,0.76,0.72,0.78,0.68,0.8,0.745501,2
42380,214.98443603515625,52.842533111572266,1.3,1.3,1.62,1.26,2.06,1.477221,2
42382,215.05496215820312,52.892478942871094,0.18,0.18,0.18,0.18,0.2,6.821865,-1
42403,214.9741973876953,52.83313751220703,1.14,1.16,1.5,1.1,1.66,1.404,2
42404,214.97386169433594,52.83237838745117,0.42,0.36,0.48,0.32,0.52,0.4345,2
42405,214.97328186035156,52.83379364013672,0.9,0.88,0.92,0.86,0.94,0.897579,2
42423,215.1080780029297,52.92940902709961,1.92,1.82,1.94,1.76,1.96,1.91684,2
42433,215.10299682617188,52.925148010253906,1.06,1.04,1.1,1.02,1.14,1.09742,2
42446,214.95574951171875,52.82182312011719,0.58,0.58,0.7,0.56,0.8,0.767966,2
42527,215.09996032714844,52.9234619140625,1.5,1.42,1.52,1.38,1.54,1.50929,2
42530,215.1121826171875,52.93155288696289,1.38,1.36,1.4,1.34,1.44,1.3893,2
42550,215.11570739746094,52.93474578857422,1.76,1.74,1.9,1.68,1.96,1.67,2
42568,215.0309600830078,52.8743782043457,0.54,0.52,0.6,0.48,0.64,0.569912,2
42603,215.04559326171875,52.885032653808594,4.6,4.56,4.62,4.52,4.62,4.39,2
42688,215.13768005371094,52.94974136352539,7.82,7.82,7.9,7.8,7.98,7.79,1
42689,215.13780212402344,52.94978713989258,7.84,7.84,7.88,7.82,7.94,7.83252,1
42747,215.07032775878906,52.900779724121094,0.3,0.28,0.3,0.26,0.32,0.285,2
42757,215.04884338378906,52.886722564697266,4.64,4.56,4.64,4.42,4.66,5.270797,-1
42764,214.9958953857422,52.84919738769531,1.64,1.58,1.78,1.48,1.88,5.24115,1
42765,215.08912658691406,52.9146842956543,1.06,1.04,1.08,1.02,1.12,1.0511,2
42766,215.08876037597656,52.91447448730469,1.56,1.56,1.6,1.54,1.6,1.56254,2
42795,215.14321899414062,52.9531364440918,3.52,3.42,3.64,3.36,3.72,7.7189,1
42807,215.13551330566406,52.94770812988281,5.66,5.64,5.68,5.62,5.68,5.57,2
42838,215.13424682617188,52.94622039794922,1.02,1.02,1.1,0.94,1.16,1.1690000295639038,2
42868,214.9857940673828,52.84161376953125,2.0,1.74,2.04,1.66,2.14,1.883841,2
42943,215.1416473388672,52.95100021362305,1.96,1.9,1.98,1.86,2.0,1.956,2
42947,215.1401824951172,52.95045852661133,4.12,4.04,4.14,3.98,4.16,0.372709,-1
42954,215.04380798339844,52.88234329223633,4.12,4.1,4.12,4.08,4.12,4.061968,-1
42973,215.035400390625,52.87638854980469,6.06,5.94,6.06,5.82,6.08,5.98,2
42980,215.03330993652344,52.872650146484375,1.24,1.18,1.24,1.12,1.24,1.2304,2
43007,215.10537719726562,52.925376892089844,1.9,1.82,1.92,1.76,1.94,1.90665,2
43012,215.0206756591797,52.86525344848633,0.5,0.44,0.5,0.42,0.52,0.4878,2
43032,215.05728149414062,52.8916130065918,7.26,7.12,7.28,7.06,7.28,7.295089,2
43109,215.1446990966797,52.95265197753906,1.68,1.66,1.68,1.62,1.74,1.69,2
43112,215.1484375,52.9551887512207,1.26,1.26,1.26,1.24,1.28,1.28,2
43168,215.10708618164062,52.92524337768555,1.44,1.38,1.5,1.36,1.58,1.403379,2
43186,215.0304718017578,52.8712043762207,0.82,0.78,0.84,0.74,0.86,0.8215,2
43227,215.1372833251953,52.94715118408203,1.06,1.04,1.12,1.04,1.16,0.630965,-1
43234,215.14076232910156,52.94960403442383,1.14,1.1,1.18,1.06,1.22,1.209092,-1
43264,215.14361572265625,52.951324462890625,1.6,1.54,1.6,1.5,1.62,1.590606,-1
43280,215.0382537841797,52.877105712890625,7.2,7.12,7.26,7.06,7.28,7.182143,2
43293,215.0315704345703,52.8720703125,3.2,1.84,3.22,1.7,3.32,3.26,2
43328,215.13682556152344,52.946495056152344,2.32,1.94,2.48,1.78,2.6,5.026959,1
43330,214.97979736328125,52.83536148071289,1.76,1.72,1.98,1.66,2.08,1.829637,2
43342,215.0482635498047,52.88396453857422,8.4,8.38,8.58,8.34,8.84,8.831726,-1
43355,214.9772186279297,52.833404541015625,3.26,3.14,3.34,0.44,3.44,3.474038,2
43373,215.0416259765625,52.87895965576172,3.34,2.94,3.42,2.74,3.6,3.611827,1
43374,215.04837036132812,52.88387680053711,8.5,8.42,8.68,8.36,8.88,8.83329963684082,2
43399,215.07106018066406,52.89921569824219,0.58,0.54,0.68,0.48,0.76,0.6292,2
43401,215.16041564941406,52.961875915527344,2.16,2.1,2.22,2.06,2.3,2.0705831050872803,-1
43426,215.05447387695312,52.88793182373047,4.1,4.0,4.18,3.88,4.28,4.124658,2
43485,215.04432678222656,52.880577087402344,3.12,3.08,3.34,3.02,3.92,0.959584,-1
43492,215.13522338867188,52.94358825683594,0.6,0.58,0.66,0.56,0.7,0.6379,2
43611,215.04270935058594,52.8787956237793,3.26,3.16,3.76,3.08,3.9,6.285411,-1
43696,215.03225708007812,52.87104797363281,0.32,0.32,1.88,0.32,5.64,2.185582,1
43887,215.0498046875,52.88251876831055,4.12,4.16,4.76,3.98,4.92,4.60818,2
43890,215.05233764648438,52.88426971435547,3.56,3.54,3.68,3.46,3.72,3.62,2
43897,215.15077209472656,52.95327377319336,0.14,0.12,0.22,0.1,0.26,0.2012,2
43941,215.15423583984375,52.955806732177734,5.06,5.02,5.08,4.94,5.12,4.99,2
43957,215.05604553222656,52.886619567871094,0.74,0.78,1.28,0.7,1.46,0.22460000216960907,0
43961,215.1062469482422,52.92171859741211,0.46,0.38,0.52,0.32,0.58,0.4506,2
44171,215.04827880859375,52.87997817993164,3.22,3.18,3.42,3.06,3.46,3.47,2
44211,215.05465698242188,52.8843879699707,3.12,3.1,3.18,3.08,3.28,3.470212,-1
44382,215.0498504638672,52.8795051574707,0.52,0.44,3.0,0.4,3.52,9.490038,-1
44612,215.04783630371094,52.87757873535156,1.42,1.32,1.56,1.2,1.64,1.389305,-1
44778,215.05569458007812,52.8819580078125,2.4,2.04,2.56,1.78,2.7,2.48,2
45344,215.04721069335938,52.873531341552734,3.76,0.86,4.32,0.68,4.66,1.086335,-1
45448,215.05093383789062,52.87556457519531,2.26,2.06,2.28,2.0,2.32,0.708423,-1
45449,214.94309997558594,52.813819885253906,2.64,1.96,2.74,1.72,2.88,2.735100030899048,0
47320,214.74081420898438,52.834678649902344,1.34,1.28,1.38,1.22,1.42,1.33848,2
47435,214.74652099609375,52.8385009765625,0.78,0.74,0.8,0.72,0.82,0.7428,2
47534,214.75901794433594,52.84781265258789,1.08,1.06,1.1,1.04,1.16,1.075646,2
47555,214.8103485107422,52.8831787109375,2.16,2.12,2.34,2.02,2.42,2.155441,1
47631,214.9198455810547,52.95987319946289,2.8,2.78,2.82,2.76,2.84,2.74,2
47634,214.8113250732422,52.88313674926758,1.38,1.36,1.56,1.28,1.6,0.895,-1
47644,214.8349151611328,52.8997688293457,0.34,0.34,0.36,0.34,0.4,0.3496,2
47648,214.92745971679688,52.965572357177734,4.86,4.84,4.88,4.82,4.9,4.894158,2
60624,215.13490295410156,52.94855880737305,0.62,0.48,3.42,0.3,4.92,0.294743,-1
61150,215.1174774169922,52.9372673034668,7.92,1.48,7.94,0.06,8.08,1.0694999694824219,0
61167,214.98883056640625,52.846370697021484,2.8,2.74,2.88,2.7,2.94,3.595,0
61319,214.97535705566406,52.83707046508789,4.82,4.5,4.84,0.8,4.88,3.49,1
61361,214.9930877685547,52.84970474243164,7.2,7.0,7.26,0.22,7.32,7.007934,2
61363,214.97756958007812,52.838714599609375,2.4,1.4,2.52,0.72,2.88,6.016600131988525,0
61466,214.95738220214844,52.82456588745117,3.08,1.2,3.2,0.68,4.62,2.1659998893737793,0
61566,214.97137451171875,52.83468246459961,0.38,0.38,2.96,0.3,3.56,2.52,1
61849,214.97128295898438,52.83504867553711,1.42,1.36,1.6,1.26,1.78,2.25,1
63168,214.97869873046875,52.84229278564453,3.36,3.08,3.42,2.98,3.6,3.465347,2
63322,214.99436950683594,52.85362243652344,4.72,4.68,4.76,4.62,4.78,4.41,2
63954,214.869140625,52.76548385620117,0.08,0.08,0.12,0.08,6.32,6.257617,2
64337,214.9938507080078,52.8546028137207,7.04,7.02,7.18,6.98,7.28,7.28,1
64433,214.97584533691406,52.84195327758789,8.84,8.76,8.94,8.66,9.66,8.89,2
65022,214.8654327392578,52.76424789428711,0.9,0.78,3.86,0.48,4.5,0.050200000405311584,0
65345,214.8560028076172,52.75796127319336,6.6,6.1,6.6,0.92,6.68,6.198366,2
65346,214.96405029296875,52.834815979003906,5.76,5.74,5.78,5.72,5.8,5.7305,2
65495,214.8726806640625,52.77004623413086,0.98,0.96,1.32,0.74,4.7,0.09,-1
65619,215.01121520996094,52.86863327026367,1.08,1.08,2.24,0.7,2.72,5.51,0
65853,214.98477172851562,52.85021209716797,3.84,3.82,4.02,3.82,4.16,3.86,2
65931,214.85751342773438,52.75984573364258,0.32,0.52,3.88,0.32,5.5,1.1614999771118164,0
66071,214.9844207763672,52.85026168823242,4.58,0.92,4.62,0.12,4.66,4.954699993133545,0
66632,214.98658752441406,52.85269546508789,1.18,1.2,2.18,1.14,2.32,3.3049999999999997,0
67098,215.01649475097656,52.87445831298828,8.2,7.88,8.24,2.46,8.38,8.281266,2
67294,214.8563232421875,52.76093292236328,2.3,1.32,6.62,1.08,9.38,0.8,-1
67308,214.860595703125,52.76398468017578,1.14,1.1,4.02,0.22,5.3,1.36,2
67367,215.00228881835938,52.8647346496582,7.18,7.12,7.24,7.04,7.28,7.27,2
67375,214.8862762451172,52.78236770629883,4.9,3.34,4.94,0.46,5.02,3.45,2
67400,214.85598754882812,52.76082992553711,3.56,3.5,3.72,0.52,3.78,2.58,1
67487,214.866455078125,52.76842498779297,7.24,7.1,7.26,7.0,7.28,7.19,2
67789,215.03201293945312,52.88636016845703,1.16,1.2,6.56,0.22,8.02,4.085577,-1
67896,214.9279022216797,52.812721252441406,5.76,5.76,5.78,5.74,5.8,5.787024,2
67911,214.85934448242188,52.76394271850586,6.54,4.66,6.56,4.44,6.6,6.25,2
68364,215.14479064941406,52.9668083190918,0.52,0.52,2.56,0.46,3.44,3.1477,1
68575,214.8661651611328,52.76981735229492,2.46,2.22,2.6,1.98,2.74,3.0,2
69173,215.0575714111328,52.9064826965332,6.76,6.72,6.78,1.04,6.82,3.874799966812134,0
69201,214.86618041992188,52.770721435546875,1.58,1.94,6.1,1.18,9.58,4.63,0
69481,215.14413452148438,52.96799087524414,4.12,3.98,15.82,0.54,17.24,7.140699863433838,0
69631,215.05328369140625,52.904144287109375,5.06,4.98,5.2,1.82,5.28,5.198999881744385,0
69713,214.92625427246094,52.814247131347656,3.46,1.46,4.1,0.78,4.84,3.9951999187469482,0
69721,214.88461303710938,52.78463363647461,0.36,0.36,4.04,0.28,5.12,2.9179999828338623,0
69878,214.9608612060547,52.839054107666016,0.16,1.24,3.92,0.16,4.5,0.86,-1
69894,214.9498748779297,52.831295013427734,4.84,4.82,4.88,4.8,4.9,4.895,2
70051,215.0515594482422,52.9035758972168,4.18,0.64,4.2,0.48,4.46,0.04470000043511391,0
70157,214.96817016601562,52.84466552734375,4.22,4.2,4.32,1.18,4.36,4.271895,2
70416,214.96092224121094,52.83989334106445,4.32,4.24,4.32,4.22,4.36,4.225748,2
70417,214.88986206054688,52.78939437866211,0.18,0.04,0.28,0.0,3.26,0.61,-1
70459,214.86248779296875,52.76994705200195,5.12,5.1,5.18,5.08,5.22,5.202963,2
70644,214.99560546875,52.864810943603516,2.34,2.1,2.5,0.12,2.74,1.95,1
70650,214.97459411621094,52.84994125366211,4.88,4.86,4.94,4.84,5.12,5.013629,2
70706,214.99826049804688,52.86677932739258,0.2,0.72,2.68,0.18,3.58,1.76,0
70844,214.92550659179688,52.815399169921875,3.42,3.4,3.46,3.34,3.68,3.39,2
71194,214.86929321289062,52.77599334716797,1.74,0.84,1.92,0.08,2.56,1.602906,-1
71575,215.14825439453125,52.9741096496582,4.72,3.06,4.74,1.02,4.82,2.302299976348877,0
71647,214.9996337890625,52.86931228637695,4.82,4.72,4.84,4.62,4.86,4.696622,2
71779,214.96128845214844,52.84235382080078,8.66,8.64,8.76,8.62,8.8,8.64,2
71841,214.91819763183594,52.81182861328125,6.14,6.1,6.18,5.96,6.2,6.375,1
71941,214.9552459716797,52.838287353515625,1.14,1.04,3.3,0.36,5.22,0.91,-1
72856,214.99205017089844,52.86579513549805,2.96,0.5,3.5,0.24,3.7,2.99,2
72866,214.96031188964844,52.843299865722656,5.06,5.04,5.1,4.96,5.2,5.241553,2
72921,214.88941955566406,52.79300308227539,9.6,9.3,10.22,8.96,10.54,4.728600025177002,0
73094,214.88021850585938,52.78671646118164,2.58,2.46,3.16,1.6,3.56,0.19030000269412994,0
73102,214.83120727539062,52.75179672241211,4.92,4.92,5.0,4.9,5.04,4.99,2
73349,214.88946533203125,52.793724060058594,6.1,6.08,6.14,6.02,6.22,6.12,2
73400,214.9571990966797,52.8419189453125,2.32,2.2,2.34,2.14,2.38,2.19,2
73485,215.05613708496094,52.91211700439453,1.04,0.88,1.06,0.58,1.18,0.551989,-1
73542,215.14520263671875,52.97500991821289,1.38,1.34,1.54,1.0,2.14,0.6136000156402588,0
73820,214.888671875,52.79389953613281,5.64,1.62,5.78,0.84,6.8,0.33,-1
73937,215.01182556152344,52.88153076171875,0.08,0.2,3.46,0.08,3.74,3.629243,-1
73988,214.82745361328125,52.75055694580078,4.42,4.4,4.5,4.38,4.58,4.512462,2
74149,214.91128540039062,52.81056594848633,4.18,3.98,4.18,3.9,4.2,4.195,2
74157,215.1470489501953,52.97734451293945,2.94,2.94,2.94,2.94,2.96,2.95,2
74361,214.8804473876953,52.788997650146484,7.56,7.44,7.6,7.4,7.66,5.43,1
74378,215.04396057128906,52.90502166748047,3.1,0.56,3.22,0.1,3.36,3.330399990081787,0
74537,214.8878173828125,52.79449462890625,3.8,3.52,4.18,0.46,4.56,3.615299940109253,0
74547,214.89015197753906,52.79617691040039,7.04,1.52,7.18,1.14,7.46,3.8724000453948975,0
75141,214.8257598876953,52.75118637084961,2.36,2.14,2.56,1.34,2.8,0.72,-1
75337,214.90309143066406,52.80659484863281,10.46,10.2,10.66,9.86,10.92,10.84,1
75518,214.95895385742188,52.846561431884766,0.56,0.46,0.64,0.32,0.7,0.17,-1
75540,214.85992431640625,52.77619552612305,0.52,0.44,0.52,0.34,0.56,3.775339,-1
75595,215.13565063476562,52.97156524658203,5.0,4.86,5.12,1.84,5.42,3.9386000633239746,0
75898,214.99220275878906,52.87079620361328,2.7,2.1,2.88,1.22,3.2,1.6240999698638916,0
76093,214.8203887939453,52.74894714355469,0.16,0.9,3.68,0.16,6.88,2.529616,-1
76114,215.1311492919922,52.96928787231445,1.22,1.22,2.22,0.98,6.52,1.6592999696731567,0
76282,215.00132751464844,52.87786865234375,8.28,1.22,8.6,0.08,9.18,7.254700183868408,0
76311,214.9444122314453,52.83759689331055,6.98,6.92,7.2,6.8,7.3,7.03,2
76370,214.82859802246094,52.755271911621094,3.62,0.58,3.68,0.4,3.78,3.590571,2
76438,214.99786376953125,52.87568664550781,3.3,3.26,3.3,3.2,3.3,3.3025,2
76480,215.00387573242188,52.8800048828125,8.04,8.06,8.36,8.0,8.44,6.03,1
76496,214.9429168701172,52.836814880371094,6.72,1.14,6.74,0.72,6.86,6.727742,2
76555,214.9424285888672,52.83656311035156,5.86,5.84,6.02,0.06,6.56,5.98,2
76557,214.90151977539062,52.8074951171875,0.78,0.72,1.04,0.58,5.52,1.4823999404907227,0
76692,215.00814819335938,52.8834114074707,2.66,1.72,2.64,1.66,2.66,0.87,-1
77069,215.01937866210938,52.891944885253906,1.54,1.52,1.54,1.42,1.54,1.339034,2
77113,214.88380432128906,52.79579544067383,5.04,5.02,5.06,5.0,5.24,5.240319,2
77235,214.90443420410156,52.8106689453125,0.14,0.1,0.58,0.02,8.9,0.85,0
77396,214.90585327148438,52.81190490722656,4.24,4.24,4.3,4.22,4.32,4.25,2
77487,214.95860290527344,52.84953308105469,0.06,0.52,3.62,0.06,4.46,0.81,-1
77528,214.82298278808594,52.75309753417969,3.2,3.18,3.26,3.16,3.28,3.19,2
77681,214.9024200439453,52.8099365234375,4.68,4.44,4.74,3.6,4.84,4.72,2
77828,215.0928955078125,52.94507598876953,3.46,3.46,3.7,3.42,3.76,5.503206,-1
78295,215.07948303222656,52.93635940551758,2.18,0.98,3.38,0.54,3.92,2.217298,2
78734,214.82443237304688,52.75608444213867,2.3,1.76,2.58,0.16,6.74,3.771397,2
78807,215.14447021484375,52.982948303222656,7.44,7.4,7.52,7.36,7.56,7.446421,1
78830,214.94895935058594,52.84483337402344,6.7,2.44,10.32,0.14,14.18,9.600099563598633,0
79163,214.85568237304688,52.77906036376953,4.28,0.96,4.52,0.34,5.82,3.681028,-1
79580,215.05670166015625,52.92232894897461,2.66,2.08,2.66,0.52,2.88,6.366000175476074,0
79781,214.90708923339844,52.81663513183594,12.54,10.96,13.84,0.5,14.44,1.909328,-1
79848,214.98207092285156,52.86992263793945,8.48,2.4,10.0,1.88,10.38,2.35,1
80103,214.9405975341797,52.84088897705078,1.48,1.3,5.9,0.74,6.26,5.51,1
80134,215.0531768798828,52.92066955566406,1.06,1.04,2.58,0.82,6.24,8.24429988861084,0
80220,214.87318420410156,52.79315185546875,0.86,0.48,0.92,0.02,2.18,0.74,-1
80418,214.9318389892578,52.835201263427734,3.0,1.66,7.92,0.82,10.26,1.779786,-1
80444,214.8072052001953,52.74649429321289,3.58,0.7,3.74,0.36,3.92,3.688529,2
80601,214.9381103515625,52.83994674682617,0.42,0.46,3.88,0.28,4.24,1.527,0
80748,214.9596710205078,52.855491638183594,3.76,3.54,3.78,0.52,3.8,3.765316,2
80853,214.94029235839844,52.8419075012207,2.28,2.06,2.44,1.22,3.02,3.000675,1
80957,214.93930053710938,52.84136962890625,0.82,0.74,1.0,0.56,1.26,5.0,1
80988,214.9349365234375,52.83831787109375,4.52,4.48,4.6,4.44,4.62,4.554959,2
81164,214.9805908203125,52.8709831237793,2.3,2.22,2.32,2.2,2.32,2.289655,2
81179,215.08702087402344,52.946250915527344,2.36,2.06,9.04,0.12,10.36,1.19836,-1
81430,214.9361114501953,52.839839935302734,4.9,4.88,4.94,4.88,4.98,5.32308,2
81534,214.85340881347656,52.78116226196289,1.02,0.96,1.94,0.86,3.3,1.964629,-1
81632,214.95297241210938,52.85212707519531,1.86,1.8,1.9,1.76,1.94,1.795,2
81786,214.84402465820312,52.774864196777344,4.4,0.92,4.72,0.12,6.58,6.342254,-1
81950,215.12718200683594,52.9757194519043,3.8,0.98,4.88,0.5,5.34,0.11259999871253967,0
81961,214.9984588623047,52.884849548339844,4.88,4.72,4.92,0.9,5.2,4.96,0
81969,214.90115356445312,52.8158073425293,2.46,2.42,3.9,0.26,4.12,5.8105998039245605,0
82102,214.9712371826172,52.865806579589844,2.02,1.86,2.54,1.24,3.02,6.532525,-1
82143,215.113037109375,52.966087341308594,6.88,6.8,6.92,4.94,6.96,0.04470000043511391,0
82312,214.88441467285156,52.80448913574219,4.5,4.42,4.6,4.36,4.72,4.538403,2
82359,214.8970947265625,52.81356430053711,1.22,1.04,4.68,0.38,6.96,4.893099784851074,0
82364,214.9390869140625,52.843406677246094,6.2,6.14,6.2,6.12,6.22,6.179488,2
82451,214.89764404296875,52.8140983581543,4.66,4.48,4.72,4.38,4.78,4.5,2
82468,214.97882080078125,52.87175750732422,4.42,3.96,4.54,0.48,4.84,4.400115,2
82544,214.9496307373047,52.851165771484375,0.76,0.68,3.78,0.54,6.12,1.47,-1
82640,214.81863403320312,52.758060455322266,0.06,0.08,6.48,0.06,6.58,6.2,2
82666,214.90383911132812,52.81881332397461,0.18,0.36,0.78,0.16,3.32,0.6140999794006348,0
82709,214.90118408203125,52.816986083984375,2.94,2.94,2.94,2.9,2.94,2.95,2
82741,214.85806274414062,52.786338806152344,3.3,2.18,3.32,0.36,3.98,2.5085999965667725,0
82797,214.85806274414062,52.786415100097656,3.42,3.4,3.46,3.38,3.6,3.4536,2
82882,215.02328491210938,52.903812408447266,4.92,1.06,5.3,0.6,5.62,6.502099990844727,-1
82923,214.78477478027344,52.734275817871094,2.9,2.74,2.9,2.68,2.92,2.895,2
82948,214.8581085205078,52.7866325378418,2.3,2.18,2.3,2.12,2.34,2.318,1
82960,215.0668182373047,52.934669494628906,5.0,4.62,5.28,1.48,15.36,8.797352,-1
83105,215.06680297851562,52.93490219116211,0.56,0.66,3.58,0.44,4.4,7.994200229644775,0
83128,214.95082092285156,52.852848052978516,2.92,2.76,2.92,2.68,2.94,2.92,1
83158,214.810791015625,52.753238677978516,4.88,4.7,5.1,0.86,5.3,5.009007,2
83165,214.9481658935547,52.85103988647461,0.4,0.4,3.34,0.22,3.64,3.32385,1
83262,214.86585998535156,52.79264831542969,3.44,0.72,3.68,0.38,4.84,3.469339,2
83267,214.89833068847656,52.81576156616211,4.24,0.88,4.34,0.72,4.68,4.5,0
83329,215.11654663085938,52.97029113769531,4.22,4.2,4.3,4.1,4.34,4.281894,2
83403,214.8658905029297,52.792877197265625,0.72,0.4,0.88,0.04,1.42,2.16,2
83513,214.93289184570312,52.840667724609375,2.02,0.48,2.02,0.2,2.06,1.865,-1
83692,214.81004333496094,52.75345993041992,0.34,1.0,3.7,0.34,4.16,3.9338,1
83720,214.93565368652344,52.842933654785156,3.42,3.4,3.62,3.34,3.78,7.095541,-1
84029,214.9513397216797,52.85451889038086,0.36,1.72,3.4,0.36,3.82,8.62,0
84156,214.85386657714844,52.785396575927734,7.9,1.88,7.92,1.46,7.98,1.45,-1
84214,214.92788696289062,52.83814239501953,3.74,2.04,3.76,0.56,4.22,0.65,-1
84227,214.86021423339844,52.7900276184082,6.24,6.08,6.44,5.9,6.72,5.67,1
84346,215.0871124267578,52.951026916503906,0.34,0.3,0.72,0.14,4.5,0.2492000013589859,0
84390,214.83450317382812,52.771942138671875,2.22,2.18,2.24,2.14,2.3,3.299974,-1
84571,214.8572540283203,52.788455963134766,5.68,5.58,5.68,5.54,5.7,5.686523,2
84609,214.86228942871094,52.79209899902344,2.7,2.7,2.84,2.68,2.92,2.7,2
84647,214.9486083984375,52.8535041809082,1.68,1.52,2.48,0.36,3.22,1.636373,-1
84662,214.950927734375,52.85518264770508,5.34,5.0,5.4,3.26,7.18,5.005,2
84674,214.94168090820312,52.8486328125,3.56,3.54,3.64,3.5,3.7,3.495,2
84768,215.0694122314453,52.939178466796875,5.86,1.18,5.98,1.06,6.06,7.17519998550415,0
84812,214.976318359375,52.873416900634766,10.24,9.86,10.38,9.18,10.78,9.126289,2
84859,214.9363555908203,52.845149993896484,6.02,5.98,6.04,5.96,6.06,6.00554,2
84913,214.80555725097656,52.752098083496094,1.12,1.08,1.78,1.0,4.58,1.85,-1
84948,214.8079071044922,52.75382614135742,0.34,0.34,2.32,0.14,4.0,1.95,1
84991,214.8672637939453,52.79621505737305,4.2,3.98,5.18,0.8,5.74,5.69,1
85066,214.9010009765625,52.82035446166992,3.44,2.02,3.44,0.46,3.52,0.15839999914169312,0
85125,214.947509765625,52.85347366333008,0.96,0.94,4.9,0.7,5.64,3.35,0
85165,214.93495178222656,52.84461975097656,5.68,5.6,5.68,5.56,5.7,5.529735,2
85189,214.85504150390625,52.787811279296875,1.1,1.08,6.02,0.88,6.4,3.410302,-1
85325,214.94728088378906,52.853607177734375,2.98,0.34,4.0,0.16,4.56,0.75,-1
85350,214.93807983398438,52.84710693359375,4.82,4.8,4.84,3.74,4.84,4.81,2
85612,214.89085388183594,52.813941955566406,5.26,4.94,5.26,4.92,5.28,5.275,2
85653,214.8406982421875,52.7783088684082,3.24,3.02,3.28,0.28,3.38,3.103718,2
85785,214.77867126464844,52.73423767089844,8.22,8.0,8.36,7.82,8.5,1.4673999547958374,0
85802,214.8920135498047,52.815086364746094,4.88,4.82,4.98,4.4,5.06,4.81,2
86130,214.87599182128906,52.80419158935547,0.98,0.8,4.68,0.66,4.82,4.27,2
86391,214.9796905517578,52.87824249267578,0.48,0.48,3.8,0.32,4.88,1.789353,-1
86396,214.94786071777344,52.85569763183594,4.88,4.84,5.16,3.42,5.22,5.11293,2
86399,214.9340057373047,52.845855712890625,4.84,4.78,5.32,0.74,5.9,6.1704,2
86404,214.8916473388672,52.81575012207031,5.84,4.64,6.34,0.8,6.92,2.486322,-1
86499,214.8953399658203,52.81855392456055,2.46,1.48,3.66,0.72,5.72,2.722179,-1
86587,214.97882080078125,52.877986907958984,2.0,0.88,2.46,0.58,5.5,3.097100019454956,0
86790,214.89788818359375,52.82085418701172,1.44,1.48,3.14,1.16,8.1,10.924300193786621,0
86799,214.86582946777344,52.79808044433594,0.14,0.1,1.42,0.08,2.82,2.44,2
86820,214.8081817626953,52.75700759887695,0.16,1.1,2.26,0.16,2.66,2.09,1
86894,214.87738037109375,52.806488037109375,0.52,0.5,5.32,0.44,6.36,5.02,2
86966,214.96649169921875,52.869911193847656,3.8,0.88,4.6,0.62,4.9,4.29,2
86983,214.88973999023438,52.81541061401367,1.9,1.78,1.92,1.74,1.94,1.92,2
87086,214.8594970703125,52.79410171508789,3.72,3.08,3.94,0.7,4.4,3.128200054168701,0
87099,214.84906005859375,52.78666305541992,1.36,1.14,2.44,0.94,2.96,2.41,2
87245,214.85067749023438,52.78803634643555,0.94,1.04,10.8,0.72,19.2,4.063319,-1
87499,214.9864959716797,52.88489532470703,6.22,6.2,6.56,6.14,6.6,6.175654,2
87521,215.1098175048828,52.97203826904297,1.42,1.4,8.06,0.4,8.22,4.928299903869629,0
87820,215.1148681640625,52.97601318359375,2.96,0.76,4.68,0.12,10.58,6.3420000076293945,0
87827,214.9867401123047,52.885528564453125,5.18,1.52,5.18,0.48,5.38,1.98,1
87913,214.91986083984375,52.83818435668945,0.92,0.86,4.46,0.58,5.16,3.096400022506714,0
87933,214.95916748046875,52.866111755371094,0.68,0.4,2.14,0.06,4.82,5.045300006866455,0
87993,214.919677734375,52.83817672729492,1.36,0.68,2.74,0.56,4.78,1.451059,-1
88084,214.8554229736328,52.7926025390625,2.02,1.24,2.5,0.18,3.5,2.36080002784729,0
88097,214.83253479003906,52.77630615234375,0.68,0.6,4.58,0.32,10.54,3.51088,-1
88130,215.0301513671875,52.916664123535156,0.28,0.3,3.64,0.26,7.5,3.020727,1
88238,214.83497619628906,52.77826690673828,0.06,0.06,2.3,0.04,2.34,2.188699960708618,0
88266,214.92027282714844,52.83902359008789,4.54,1.16,4.64,0.8,9.2,5.30079984664917,0
88320,214.85267639160156,52.79100799560547,4.12,4.0,4.12,3.96,4.14,4.033911,2
88366,214.9654998779297,52.871273040771484,1.26,1.14,2.34,0.16,7.72,0.7,-1
88399,214.87579345703125,52.8076057434082,0.06,0.06,7.36,0.0,8.26,2.06,1
88415,214.82943725585938,52.77460479736328,3.34,2.58,12.86,1.22,13.96,4.280749,-1
88436,214.9237823486328,52.841796875,3.12,3.1,3.26,3.06,3.3,3.238428,2
88518,214.89476013183594,52.82130432128906,4.86,4.82,4.9,4.78,4.98,4.898057,2
88683,214.98446655273438,52.88528823852539,0.4,0.44,3.9,0.38,4.28,3.64,2
88721,214.98448181152344,52.885337829589844,4.8,0.8,4.8,0.46,4.9,3.626928,2
88725,215.01588439941406,52.907562255859375,5.76,0.88,5.74,0.72,5.88,7.24459981918335,0
88749,214.88668823242188,52.81596374511719,1.14,1.04,3.3,0.08,8.08,1.48,2
88782,214.9284210205078,52.84565353393555,0.72,0.6,0.98,0.46,1.84,5.13,1
88994,214.85025024414062,52.79033660888672,0.94,1.0,5.94,0.72,6.74,4.59,2
88998,214.88668823242188,52.8162841796875,13.74,3.56,14.5,0.92,15.4,2.48,0
89013,214.86734008789062,52.80253982543945,4.92,1.06,5.22,0.7,6.8,3.35,2
89057,214.84027099609375,52.7833137512207,3.7,3.54,3.7,3.44,3.74,3.7186,2
89303,215.10919189453125,52.97425842285156,3.12,3.1,3.26,3.02,3.3,1.208799958229065,0
89327,214.89808654785156,52.82489013671875,7.2,7.14,7.24,6.98,7.28,7.174,2
89367,214.7950439453125,52.75150680541992,1.36,1.28,1.96,1.14,6.68,0.86,-1
89447,214.97134399414062,52.87709426879883,1.74,1.06,6.0,0.72,6.44,1.0E-4,-1
89502,214.95925903320312,52.86859130859375,3.4,3.02,3.4,0.6,3.44,3.43738,1
89574,214.8027801513672,52.75735092163086,0.18,0.18,1.78,0.14,3.08,2.164559,-1
89613,214.959228515625,52.868736267089844,4.26,3.5,4.28,0.72,4.38,3.16724,1
89616,215.03103637695312,52.91958999633789,0.52,0.38,0.66,0.26,2.86,3.72992,-1
89617,214.96673583984375,52.87406539916992,0.08,0.08,5.92,0.06,6.5,4.59,2
89639,214.93118286132812,52.84885787963867,0.2,0.48,9.32,0.2,9.84,3.52,0
89670,214.93115234375,52.848915100097656,0.16,0.12,3.42,0.06,7.88,3.52,2
89701,214.92587280273438,52.845211029052734,1.38,1.36,1.56,0.94,1.74,1.35,2
89703,214.85037231445312,52.79150390625,5.64,5.62,5.66,5.6,5.66,5.687129,2
89740,214.92733764648438,52.84630584716797,5.86,1.14,6.22,0.54,6.42,5.948200225830078,0
89995,214.9866943359375,52.88882827758789,4.58,4.48,4.6,4.44,4.62,4.550326,2
90015,214.7952423095703,52.75270080566406,2.4,1.42,2.54,0.2,2.8,2.2702999114990234,0
90119,215.033935546875,52.92244338989258,1.02,0.9,1.18,0.68,2.22,2.477089,-1
90160,215.03402709960938,52.92258834838867,4.22,4.02,4.28,3.86,4.32,4.286036,2
90178,214.9671630859375,52.875282287597656,2.68,1.9,3.24,1.02,3.7,0.85,1
90305,214.8271942138672,52.77598571777344,4.36,4.34,4.38,4.28,4.42,4.403519,2
90423,214.87733459472656,52.81188201904297,3.48,3.46,3.64,3.42,3.7,3.45,2
90517,214.92286682128906,52.84440231323242,2.94,2.94,2.94,2.94,2.94,2.945178,2
90612,214.96107482910156,52.87162399291992,7.2,7.18,7.2,7.16,7.2,7.281266,1
90629,215.05673217773438,52.9393196105957,3.88,4.0,14.78,0.64,15.72,0.892518,-1
90678,214.94491577148438,52.86024475097656,5.18,5.12,5.2,5.08,5.22,5.11,2
90717,214.981689453125,52.886375427246094,2.48,1.1,2.58,0.16,2.94,5.754585,-1
90811,214.95997619628906,52.87114334106445,5.28,4.88,5.32,0.96,5.82,5.239263,2
90822,214.9861602783203,52.88969802856445,0.06,0.06,2.36,0.02,3.1,2.108672,2
90862,214.91793823242188,52.841373443603516,1.62,1.48,2.04,1.24,2.58,1.4449000358581543,0
90941,215.00912475585938,52.906131744384766,2.3,2.14,2.76,0.78,4.62,2.305961,2
91001,214.9886932373047,52.89177322387695,3.02,2.6,3.64,1.3,12.32,7.092400074005127,2
91056,214.97308349609375,52.88080596923828,0.36,0.36,3.6,0.34,4.16,0.281851,-1
91087,214.9300537109375,52.850318908691406,5.06,5.0,5.22,4.94,5.3,5.0,1
91107,215.08087158203125,52.95707702636719,3.82,1.16,3.94,0.36,4.42,3.87,2
91193,214.79879760742188,52.75702667236328,4.42,4.4,4.56,4.36,4.62,4.51,2
91246,214.94229125976562,52.85923767089844,0.5,0.52,5.76,0.42,6.04,0.51,-1
91247,214.80198669433594,52.759368896484375,5.06,4.98,5.16,4.88,5.22,5.035128,2
91298,214.9246826171875,52.84682083129883,1.48,1.42,1.5,1.36,1.54,1.557262,2
91358,214.98599243164062,52.890377044677734,3.44,3.44,3.66,3.4,3.72,3.43346,-1
91367,215.03488159179688,52.92498779296875,4.42,3.48,4.86,0.48,6.44,4.616042,-1
91379,214.91754150390625,52.84187698364258,0.6,0.6,0.66,0.58,4.68,3.64,2
91404,215.03582763671875,52.92572784423828,3.84,3.84,3.84,3.84,3.86,3.837786,2
91512,215.05169677734375,52.937095642089844,4.82,2.4,4.88,0.72,5.72,3.922600030899048,0
91523,214.9755096435547,52.883235931396484,5.26,5.04,5.26,4.98,5.3,6.390200138092041,0
91701,214.98223876953125,52.88823699951172,4.82,2.02,4.82,0.6,5.32,3.056696,-1
91769,214.85057067871094,52.7947998046875,2.0,1.84,2.6,0.34,8.2,2.1454999446868896,0
91872,214.96112060546875,52.87351989746094,0.4,0.4,5.22,0.38,8.34,1.3133000135421753,0
91956,214.961181640625,52.87369155883789,0.32,0.32,2.54,0.16,3.12,2.33,1
91962,214.9868621826172,52.891883850097656,5.72,5.7,5.8,5.66,5.84,5.674849,2
91991,214.9874725341797,52.892372131347656,1.08,1.08,3.7,0.8,5.3,5.020199775695801,0
91993,214.83363342285156,52.78305435180664,2.92,1.56,4.1,0.6,6.1,3.607368,-1
92001,214.8814239501953,52.81709671020508,2.9,2.72,3.1,0.46,3.56,3.1270999908447266,0
92018,214.93292236328125,52.85370635986328,3.42,3.4,3.42,3.38,3.44,3.439593,2
92029,215.0250244140625,52.91897964477539,5.76,1.06,5.86,0.76,6.2,0.6827999949455261,0
92047,215.03428649902344,52.9255485534668,7.34,7.32,7.38,7.3,7.44,7.380191,2
92066,214.85299682617188,52.79694747924805,3.94,3.88,4.14,3.68,4.22,1.87,-1
92168,215.0250244140625,52.9191780090332,2.04,0.34,2.12,0.02,2.48,1.0325000286102295,0
92177,215.01849365234375,52.91458511352539,2.98,0.76,4.54,0.3,4.76,6.09630012512207,0
92213,215.05233764648438,52.93854522705078,0.46,0.44,0.48,0.44,0.48,3.4664,2
92216,215.00619506835938,52.90594482421875,2.62,2.56,2.62,2.52,2.64,2.645262,2
92275,214.83929443359375,52.78749465942383,0.12,0.08,0.32,0.02,0.5,0.907729,-1
92418,214.91259765625,52.83983612060547,2.02,2.0,2.02,2.0,2.02,0.65,-1
92510,214.93914794921875,52.858829498291016,5.78,5.74,5.8,5.72,5.82,5.732002,2
92540,214.95834350585938,52.87252426147461,9.0,8.84,9.04,7.92,9.14,8.95,2
92677,214.9597625732422,52.87374496459961,4.12,2.62,4.42,0.34,4.66,0.74,-1
92685,214.959716796875,52.873722076416016,4.2,3.9,4.34,0.86,12.48,3.97,2
92743,214.9641876220703,52.876976013183594,1.58,1.46,1.6,1.34,2.38,1.376372,2
92771,215.12306213378906,52.989234924316406,5.04,4.94,5.14,4.84,5.24,5.219,2
92899,214.85890197753906,52.80241394042969,5.12,5.1,5.2,5.06,5.24,5.22329,2
93096,215.0153045654297,52.9137077331543,9.38,9.32,9.42,9.24,9.5,9.34134,2
93154,214.91749572753906,52.844451904296875,0.0,0.1,8.32,0.0,8.76,0.68,-1
93156,215.06216430664062,52.946903228759766,2.96,2.96,3.56,0.52,3.7,3.5158,1
93159,214.80294799804688,52.762874603271484,5.1,4.96,5.28,4.82,5.66,7.643199920654297,0
93460,214.87440490722656,52.81428909301758,6.58,6.48,6.62,4.66,6.66,6.541157,2
93549,214.9148406982422,52.84318161010742,1.92,1.78,1.92,1.74,1.94,1.849968,2
93649,214.9620819091797,52.87687683105469,3.42,3.42,3.44,3.42,3.44,3.436103,2
93669,214.8357391357422,52.787071228027344,2.02,1.76,2.24,1.48,2.54,0.5,-1
93721,214.800048828125,52.761722564697266,3.28,3.14,3.3,0.24,3.34,3.08,2
93783,215.0083770751953,52.909912109375,6.94,6.84,7.0,6.76,7.22,6.7577,2
93875,214.9570770263672,52.87373733520508,8.02,1.8,8.32,0.56,8.68,4.898399829864502,0
93947,214.83131408691406,52.78441619873047,4.9,4.86,6.7,0.82,6.84,4.881899833679199,0
93972,215.02450561523438,52.9216194152832,1.12,0.9,1.88,0.58,2.5,1.49,-1
94075,214.92559814453125,52.851680755615234,5.08,4.9,5.18,4.84,5.24,5.213009,2
94211,215.01939392089844,52.91836166381836,3.9,0.86,4.14,0.4,4.52,2.714613,1
94332,215.07623291015625,52.95870590209961,6.16,6.12,6.18,4.24,6.22,2.4293999671936035,0
94392,214.88304138183594,52.821956634521484,6.74,1.06,7.26,0.18,9.56,0.78,-1
94408,214.9608154296875,52.87723922729492,5.68,0.74,5.58,0.04,5.86,2.000544,1
94494,214.9552459716797,52.87345886230469,3.28,3.18,3.28,3.12,3.28,3.23831,2
94643,215.02285766601562,52.92158126831055,5.3,1.58,6.4,1.08,6.9,1.5871000289916992,0
94693,214.9697265625,52.884071350097656,5.38,1.46,7.88,1.06,9.46,1.0968,-1
94726,214.96160888671875,52.878360748291016,6.24,6.24,6.5,6.18,6.58,6.17,2
94739,214.82620239257812,52.7821159362793,2.98,2.98,3.2,2.96,3.32,3.095172,1
94871,214.9625701904297,52.879337310791016,4.84,0.52,4.78,0.32,4.92,5.799699783325195,0
95011,214.8245086669922,52.78153610229492,3.78,3.1,4.5,0.56,4.82,2.68,1
95036,214.825927734375,52.782596588134766,4.12,3.98,4.14,3.88,4.16,3.889907,2
95061,214.87252807617188,52.815853118896484,3.56,3.54,3.7,3.44,3.74,3.441526,2
95125,214.9087371826172,52.84174346923828,7.96,5.8,7.98,0.36,8.12,8.709199905395508,0
95209,214.86988830566406,52.81428146362305,3.58,3.56,3.74,3.5,3.76,3.64,1
95471,214.80116271972656,52.765785217285156,4.84,0.72,4.88,0.5,5.28,4.886138,2
95528,214.8346710205078,52.789852142333984,1.88,1.78,2.22,1.02,2.9,1.96,2
95537,214.9951934814453,52.90385437011719,0.46,0.48,8.86,0.46,8.94,8.667176,2
95570,215.0002899169922,52.907554626464844,5.04,5.0,5.08,4.94,5.16,5.1097,2
95618,214.86851501464844,52.81415557861328,3.56,3.52,3.62,3.46,3.7,3.654046,2
95688,214.8800048828125,52.82244873046875,2.98,0.6,3.38,0.2,3.6,3.249353,2
95796,214.850830078125,52.80193328857422,0.54,0.6,3.72,0.38,5.0,0.74,-1
95838,214.90806579589844,52.84274673461914,6.62,6.26,6.62,1.26,6.66,0.94,-1
95877,214.8762664794922,52.82021713256836,4.84,4.68,5.14,3.92,5.44,5.2032999992370605,0
95934,214.8345489501953,52.79066848754883,0.68,0.32,0.76,0.12,3.1,3.782672,-1
95935,214.800048828125,52.76606369018555,5.12,5.08,5.2,4.94,5.24,5.195618,2
95948,214.86856079101562,52.814918518066406,5.54,5.54,5.56,5.52,5.58,5.517859,2
96137,214.93589782714844,52.86316680908203,0.16,1.46,6.42,0.14,8.24,1.033,2
96288,214.7969512939453,52.764591217041016,0.82,0.74,1.46,0.62,4.76,3.99,1
96343,214.79696655273438,52.76470947265625,0.18,0.18,1.66,0.16,6.78,1.33,-1
96372,214.86875915527344,52.815982818603516,4.66,0.72,4.74,0.54,4.92,3.22,1
96473,214.82467651367188,52.78482437133789,5.68,5.64,5.68,5.62,5.7,5.68,2
96554,214.8689422607422,52.81654357910156,2.8,0.46,3.0,0.2,3.74,0.52,-1
96556,214.9945831298828,52.905738830566406,0.54,0.44,3.7,0.12,4.44,5.089799880981445,0
96571,214.90267944335938,52.840599060058594,6.78,1.26,6.82,0.44,7.06,1.836832,-1
96619,214.86891174316406,52.81666564941406,6.52,6.38,6.54,6.28,6.58,6.547237,2
96654,214.9955291748047,52.906654357910156,2.24,2.02,8.48,1.28,9.38,9.008755,-1
96665,214.83563232421875,52.793094635009766,2.36,2.0,2.56,0.7,7.9,2.03,2
96731,214.9084930419922,52.845088958740234,5.88,5.88,5.98,0.04,6.02,5.99,1
96751,214.8266143798828,52.78683853149414,2.64,2.58,2.66,2.54,2.66,2.565649,2
96833,214.83123779296875,52.79030227661133,0.4,0.72,8.06,0.38,8.34,3.984973,-1
96902,214.9068145751953,52.84423065185547,3.38,3.32,3.42,3.06,3.82,2.71796,-1
96915,214.83148193359375,52.790645599365234,2.96,2.9,3.52,1.96,3.8,3.345321,-1
96952,214.9107666015625,52.847171783447266,6.02,5.96,6.02,5.92,6.04,6.008196,2
96978,214.9303436279297,52.86111831665039,2.12,2.1,2.26,2.06,2.32,2.16,2
97072,214.86795043945312,52.81698226928711,5.7,5.26,6.1,4.7,6.42,4.482,0
97115,214.9263153076172,52.85857009887695,4.74,1.18,6.52,0.72,6.7,4.926799774169922,0
97199,215.00369262695312,52.91360855102539,6.72,6.7,6.76,6.68,6.8,6.7585,2
97226,214.79808044433594,52.76752853393555,1.74,1.72,1.94,1.7,1.96,1.95398,2
97261,214.9540252685547,52.878578186035156,0.12,0.16,4.72,0.08,6.86,2.05,1
97316,214.9445343017578,52.87200164794922,0.52,0.46,0.62,0.4,0.72,1.194257,-1
97344,214.9014434814453,52.84148025512695,0.16,0.08,0.34,0.02,2.96,1.61,-1
97372,214.90357971191406,52.84306335449219,2.96,2.96,12.0,2.88,12.38,2.788100004196167,0
97392,214.88441467285156,52.82950973510742,1.92,1.76,1.92,1.74,1.94,1.933539,2
97419,214.9537353515625,52.87876892089844,7.84,2.66,8.08,1.4,10.68,5.91,1
97594,214.8636932373047,52.81515884399414,4.54,4.12,4.86,0.44,5.2,4.826007,2
97640,215.0049285888672,52.915504455566406,6.76,5.9,6.8,1.16,6.92,6.7914,2
97683,214.95262145996094,52.878543853759766,0.78,0.8,2.42,0.66,2.94,2.39,2
97861,214.9508514404297,52.87767791748047,0.38,0.4,3.94,0.12,5.54,0.62,-1
98030,214.88827514648438,52.833648681640625,6.82,6.8,7.0,1.18,7.24,6.9508,2
98102,214.9020233154297,52.843570709228516,4.66,4.56,4.68,4.46,4.74,0.04780000075697899,0
98301,214.892333984375,52.837100982666016,2.9,2.76,2.9,2.68,2.92,2.785364,2
98408,214.8627166748047,52.816280364990234,0.6,0.5,6.72,0.16,9.12,2.033400058746338,0
98519,214.7633819580078,52.74565505981445,3.2,3.14,3.24,3.1,3.28,1.402899980545044,0
98563,214.8329620361328,52.79542922973633,5.3,4.94,5.3,4.82,5.48,4.985,2
98709,214.82830810546875,52.792457580566406,3.14,3.06,3.16,3.02,3.24,3.12,2
98728,214.85865783691406,52.81410217285156,3.28,2.16,3.3,0.02,3.36,3.2864999771118164,0
98757,214.9237518310547,52.860435485839844,0.22,0.22,2.3,0.2,3.32,2.13,1
98936,214.8802947998047,52.829898834228516,4.36,4.28,4.38,4.24,4.42,4.38442,2
99020,214.94236755371094,52.87417221069336,3.36,3.02,3.68,0.36,3.94,0.23270000517368317,0
99125,214.8990020751953,52.843650817871094,0.18,0.18,2.6,0.16,3.3,1.1,-1
99173,214.82363891601562,52.79010772705078,5.52,5.48,5.54,5.42,5.56,5.515039,2
99176,214.96466064453125,52.890377044677734,0.76,0.68,1.2,0.64,2.84,1.589333,2
99192,214.88502502441406,52.8338623046875,4.9,3.5,5.16,0.78,5.4,5.24,1
99206,214.8964385986328,52.842010498046875,1.04,1.04,2.0,0.16,6.32,0.09520000219345093,0
99234,214.90530395507812,52.848331451416016,0.52,0.46,0.56,0.38,0.62,0.47,-1
99607,214.88084411621094,52.831626892089844,4.5,1.98,5.0,1.04,6.14,1.3170000314712524,0
99675,214.93687438964844,52.87158966064453,4.64,4.44,4.74,4.24,5.0,4.695,2
99701,214.9686737060547,52.8941650390625,13.96,10.86,14.38,0.62,15.56,8.22303,-1
99809,214.9696502685547,52.895084381103516,2.96,1.18,3.38,0.9,4.22,8.305849,-1
99825,214.9032440185547,52.847984313964844,7.2,7.06,7.24,6.96,7.3,7.255499839782715,0
99904,214.89723205566406,52.84385681152344,8.82,8.76,8.84,8.7,8.88,8.997077,2
99937,214.88046264648438,52.83198928833008,2.8,2.76,2.84,2.74,2.92,2.760299,2
100042,214.90126037597656,52.84699249267578,8.8,8.66,8.82,8.6,8.84,8.88,2
100325,214.8586883544922,52.817230224609375,4.84,4.84,4.84,3.7,4.86,4.843962,2
100327,214.9021453857422,52.848140716552734,3.02,1.84,3.02,0.92,3.36,9.577528,-1
100377,214.88497924804688,52.83604431152344,6.58,6.48,6.6,6.36,6.62,6.55,1
100406,214.93362426757812,52.870643615722656,3.78,0.86,3.8,0.68,4.32,4.748700141906738,0
100468,214.96461486816406,52.89274978637695,3.46,2.96,3.62,0.36,3.74,0.4832000136375427,0
100517,214.84580993652344,52.80842208862305,5.22,5.1,5.24,5.06,5.28,5.2423,2
100525,214.9454345703125,52.87925338745117,3.88,3.86,4.1,3.4,4.2,3.856815,2
100535,214.9470672607422,52.880435943603516,1.44,1.2,1.88,0.18,2.1,1.08,0
100537,214.8907012939453,52.840415954589844,0.18,1.02,2.76,0.18,7.04,2.15976,-1
100545,214.93740844726562,52.873592376708984,3.3,2.28,3.36,0.36,3.7,3.35,2
100612,214.82838439941406,52.796207427978516,4.9,4.9,5.04,4.86,5.18,4.88,2
100724,214.88917541503906,52.83967971801758,7.2,7.0,7.2,3.24,8.9,6.99,2
100756,214.7884063720703,52.7679328918457,3.16,3.12,3.26,3.1,3.28,2.7939000129699707,0
100839,214.98513793945312,52.90798568725586,1.36,1.3,1.52,1.1,1.98,0.633469,-1
100899,214.93417358398438,52.871971130371094,3.8,1.32,4.3,0.68,4.58,0.46,-1
101007,214.93637084960938,52.87371826171875,2.42,2.24,2.66,1.16,3.0,2.498004,2
101080,214.915771484375,52.85923385620117,3.22,3.08,3.34,2.96,4.0,3.8408000469207764,0
101211,214.7574920654297,52.74671173095703,3.08,3.0,3.88,0.42,4.98,0.29899999499320984,0
101213,214.88595581054688,52.83832931518555,0.94,0.98,3.76,0.72,4.12,3.1630001068115234,0
101294,214.95677185058594,52.88874053955078,2.22,2.08,2.24,2.04,2.3,2.207412,2
101298,214.8170623779297,52.789398193359375,1.24,1.56,7.62,1.0,8.0,7.240600109100342,0
101357,214.8089599609375,52.783748626708984,7.46,7.44,7.5,7.42,7.56,7.508,2
101389,214.8807373046875,52.83493423461914,1.0,0.86,5.68,0.12,6.1,5.25,2
101586,214.74154663085938,52.736019134521484,5.24,5.06,5.24,4.98,5.28,5.14,2
101619,214.93356323242188,52.872901916503906,0.32,0.3,3.4,0.28,7.7,2.950237,2
101665,214.88934326171875,52.841609954833984,0.28,1.74,2.78,0.22,3.14,2.537661,2
101725,214.98849487304688,52.91209030151367,0.42,0.44,9.72,0.38,11.44,0.5723000168800354,0
101744,214.8941650390625,52.8452033996582,1.82,1.74,1.92,1.7,1.96,2.53828,1
101746,214.83578491210938,52.80365753173828,0.6,0.52,1.2,0.3,3.74,1.21,-1
101755,214.7553253173828,52.746219635009766,4.58,4.4,4.6,4.28,4.66,4.5504999999999995,2
101791,214.75518798828125,52.746192932128906,0.44,0.48,4.72,0.44,4.82,5.089,0
101864,214.9132080078125,52.85892868041992,0.22,1.5,5.4,0.2,5.9,5.838099956512451,2
101880,214.8562469482422,52.81843566894531,6.64,6.52,6.66,6.3,6.7,6.28,2
101882,214.8287353515625,52.79884719848633,2.04,0.88,2.12,0.26,2.66,1.73,1
101923,214.91311645507812,52.85896682739258,5.8,5.76,5.82,5.74,5.84,5.84,2
102077,214.81509399414062,52.789493560791016,3.88,3.86,4.02,3.84,4.1,3.853055,2
102161,214.9981689453125,52.919734954833984,0.54,0.52,3.68,0.42,5.14,1.36,-1
102176,214.82508850097656,52.796836853027344,5.66,5.5,5.68,1.1,5.84,5.69,2
102379,214.83554077148438,52.804691314697266,3.88,0.78,4.06,0.48,4.18,3.89,2
102554,214.98794555664062,52.91328430175781,3.52,3.46,3.68,3.42,3.74,3.45384,2
102566,214.87899780273438,52.835994720458984,0.28,0.14,0.38,0.06,0.5,0.21,-1
102665,214.89865112304688,52.85018539428711,5.62,3.56,5.66,0.82,5.8,0.570476,-1
102671,214.88243103027344,52.83867263793945,1.7,1.3,1.92,1.06,2.18,6.601900100708008,0
102783,214.8252716064453,52.79817199707031,4.12,3.98,4.12,3.86,4.14,2.05,1
102815,214.90008544921875,52.8514518737793,1.04,0.76,2.58,0.46,4.2,1.89,-1
102846,214.88528442382812,52.84097671508789,1.72,1.66,2.1,1.52,2.86,1.6151000261306763,0
102937,214.9434051513672,52.882476806640625,7.14,7.02,7.26,6.94,7.3,7.17,2
102948,214.98312377929688,52.91065216064453,1.24,1.08,1.24,1.04,1.68,4.59119987487793,0
103002,214.89202880859375,52.84614944458008,2.96,0.26,2.96,0.1,2.96,0.985905,-1
103011,214.93797302246094,52.8787841796875,5.0,4.86,5.06,4.78,5.24,5.0,2
103148,214.8228759765625,52.797183990478516,3.04,0.24,3.22,0.1,3.3,2.216546,-1
103167,214.9830322265625,52.91100311279297,0.94,0.74,1.28,0.58,2.46,4.653,1
103188,214.88746643066406,52.843231201171875,1.04,0.6,1.06,0.44,4.58,0.5925999879837036,0
103514,214.99560546875,52.920654296875,4.38,1.1,6.12,0.72,6.74,8.056400299072266,0
103608,214.92515563964844,52.87089538574219,8.84,8.72,8.9,8.6,8.96,6.457600116729736,0
103636,214.98385620117188,52.91255569458008,1.06,0.88,1.3,0.68,4.54,2.769785,-1
103749,214.79995727539062,52.782047271728516,0.88,0.72,2.0,0.08,4.46,1.24,-1
103761,214.8484649658203,52.81663513183594,2.04,0.24,2.26,0.18,3.12,2.02,1
103955,214.89540100097656,52.85040283203125,0.48,0.36,0.68,0.02,0.86,7.316199779510498,0
103989,214.9344024658203,52.87815475463867,4.86,4.84,5.3,4.46,5.64,5.276959,2
104027,214.89735412597656,52.85193634033203,0.5,0.48,2.02,0.46,6.48,4.492700099945068,0
104040,214.90110778808594,52.85462188720703,0.44,0.44,3.84,0.32,4.78,3.62,2
104068,214.87171936035156,52.833797454833984,8.72,8.38,9.64,1.92,10.54,8.74,2
104092,214.82960510253906,52.8038444519043,1.02,1.06,3.36,0.74,3.84,2.5,1
104156,214.85186767578125,52.81982421875,4.66,4.62,4.7,4.44,4.74,4.493828,2
104224,214.81893920898438,52.796485900878906,3.32,2.16,3.44,0.36,4.02,3.086234,-1
104312,214.85581970214844,52.82294845581055,1.26,1.14,2.76,0.42,5.14,6.507299900054932,0
104363,214.82247924804688,52.79928207397461,8.12,1.66,8.24,0.22,8.6,4.26,0
104401,214.87269592285156,52.83513259887695,3.08,1.78,6.9,0.92,8.18,5.94890022277832,0
104440,214.75527954101562,52.75144958496094,4.42,4.4,4.44,4.4,4.5,4.48,2
104459,214.87156677246094,52.834449768066406,4.8,3.6,4.82,0.64,5.0,4.81,2
104720,214.93017578125,52.876625061035156,0.38,0.24,3.04,0.14,3.3,2.3,1
104757,214.89178466796875,52.84943771362305,0.5,0.98,4.88,0.34,6.6,2.314131,-1
104775,214.9311065673828,52.877403259277344,0.1,0.12,4.62,0.08,4.78,0.44510000944137573,0
104877,214.93258666992188,52.87867736816406,2.98,2.98,3.24,2.98,3.38,3.300559,2
104955,214.89234924316406,52.85028076171875,2.08,2.06,2.16,2.04,2.3,2.4945,0
105078,214.90122985839844,52.85686492919922,0.5,0.52,3.96,0.3,4.44,4.166900157928467,0
105226,214.8071746826172,52.79020309448242,11.82,11.62,13.22,11.2,13.86,11.52,1
105328,214.78961181640625,52.77791976928711,2.92,2.76,2.92,2.7,2.94,2.938034,2
105342,214.89894104003906,52.8558349609375,5.7,5.54,5.7,5.46,5.72,6.886000156402588,0
105362,214.73146057128906,52.73642349243164,5.32,5.0,5.48,4.86,5.7,5.335,2
105405,214.99215698242188,52.922061920166016,2.96,1.68,2.9,0.36,3.44,7.1691999435424805,0
105406,214.7894744873047,52.77799606323242,1.6,1.54,2.84,1.48,2.94,4.45759,-1
105411,214.966552734375,52.903953552246094,3.32,0.9,3.34,0.16,4.06,4.546,1
105449,214.966552734375,52.904029846191406,1.68,1.68,2.48,1.66,2.64,1.673478,-1
105487,214.83843994140625,52.813087463378906,5.2,5.1,5.32,4.9,5.66,3.858799934387207,0
105488,214.87310791015625,52.837772369384766,0.44,0.46,3.62,0.42,4.2,9.49,1
105561,214.83389282226562,52.810035705566406,6.5,6.32,6.62,6.2,7.5,4.875405,-1
105564,214.79898071289062,52.7851448059082,3.88,3.76,4.12,2.74,4.62,2.986799955368042,0
105574,214.73004150390625,52.73588180541992,0.04,0.02,0.06,0.0,0.08,0.4,-1
105643,214.79852294921875,52.784950256347656,5.0,4.98,5.02,4.92,5.04,4.898179,2
105740,214.79367065429688,52.781673431396484,5.18,5.16,5.26,5.12,7.2,0.626727,-1
105820,214.84841918945312,52.82087707519531,3.36,0.66,3.76,0.54,4.32,4.8,0
105885,214.97940063476562,52.914005279541016,2.04,1.22,3.26,0.44,4.44,0.9638000130653381,0
105988,214.80284118652344,52.788726806640625,6.84,4.92,6.88,0.72,6.96,4.151738,-1
106000,214.85301208496094,52.82453155517578,1.24,1.16,1.88,1.08,2.12,0.45,-1
106052,214.9326934814453,52.88127517700195,4.7,4.38,4.84,0.78,5.16,0.93,-1
106259,214.93711853027344,52.88493728637695,3.44,0.48,3.66,0.28,3.74,3.505982,2
106260,214.77932739257812,52.77261734008789,0.18,0.38,3.02,0.18,3.34,0.8098999857902527,0
106394,214.8707275390625,52.838096618652344,3.52,3.5,3.64,3.48,3.72,3.657759,2
106429,214.9298553466797,52.880184173583984,3.34,11.54,13.54,3.18,13.98,3.33870005607605,0
106482,214.92108154296875,52.87407684326172,0.42,0.46,2.62,0.22,3.56,1.0156999826431274,0
106573,214.82046508789062,52.802703857421875,1.18,1.08,1.22,1.04,1.4,5.17,1
106574,214.84426879882812,52.819664001464844,4.28,4.24,4.32,4.22,4.36,1.702799,1
106600,214.93089294433594,52.881290435791016,3.28,3.22,3.28,3.16,3.3,3.27,2
106614,214.93463134765625,52.88397979736328,2.04,1.06,2.72,0.46,8.9,2.56,0
106695,214.89041137695312,52.85274887084961,6.7,6.68,6.72,5.98,6.76,6.733182,2
106744,214.87289428710938,52.840396881103516,6.72,4.38,6.72,1.08,6.94,0.82,-1
106833,214.89134216308594,52.853675842285156,2.96,2.66,2.96,0.36,3.28,6.049225,1
106957,214.8701934814453,52.83892059326172,2.3,2.1,9.06,1.16,9.6,7.748951,-1
107159,214.9351043701172,52.885467529296875,5.76,5.66,5.88,5.46,6.06,5.784593,2
107190,214.86712646484375,52.83723068237305,2.32,2.16,2.32,2.12,2.34,2.304548,2
107276,214.87646484375,52.844058990478516,2.3,2.2,2.3,2.14,2.32,2.291597,2
107336,214.93125915527344,52.88308334350586,5.98,5.92,6.0,5.9,6.02,5.984676,2
107419,214.7945556640625,52.786033630371094,5.54,5.52,5.56,5.5,5.58,5.514574,2
107447,214.87303161621094,52.842010498046875,0.68,0.52,4.8,0.36,8.58,3.999377,-1
107465,214.79627990722656,52.78736877441406,0.42,0.38,0.42,0.18,0.64,0.57,-1
107530,214.79617309570312,52.78744888305664,7.58,7.56,7.6,7.46,7.64,7.596785,2
107533,214.9251708984375,52.87925338745117,3.0,0.94,3.78,0.1,4.52,4.198345,-1
107579,214.81849670410156,52.80352020263672,6.72,6.7,6.76,6.68,6.82,6.73,2
107603,214.87062072753906,52.84067153930664,3.42,3.4,3.42,3.38,3.44,3.421423,2
107717,214.80169677734375,52.79184341430664,0.22,0.98,3.58,0.24,5.04,4.6,1
107728,214.96446228027344,52.9075927734375,1.24,1.22,2.4,0.94,3.02,0.8490999937057495,0
107767,214.97866821289062,52.917724609375,1.02,0.94,1.4,0.12,2.5,1.660046,-1
107828,214.9167022705078,52.87392044067383,0.2,0.2,2.5,0.02,2.88,5.215099811553955,2
107831,214.79660034179688,52.788448333740234,0.9,0.74,4.42,0.62,4.72,3.26,1
107837,214.97589111328125,52.915916442871094,2.38,1.28,2.82,0.06,3.9,3.454806,-1
107879,214.8002471923828,52.79114532470703,4.92,4.9,5.0,4.88,5.04,4.986287,2
107894,214.80030822753906,52.791221618652344,5.02,4.92,5.28,4.56,5.58,4.99,2
107986,214.80015563964844,52.791324615478516,4.9,4.9,5.02,4.88,5.06,4.9857001304626465,0
108005,214.86708068847656,52.83906555175781,5.16,5.12,5.18,5.08,5.2,5.20388,2
108106,214.97349548339844,52.914791107177734,2.9,2.62,2.92,0.12,2.94,2.701132,1
108154,214.86781311035156,52.83988952636719,1.7,1.72,2.72,1.3,2.96,2.224603,-1
108235,214.86976623535156,52.84146499633789,1.08,1.08,3.78,0.8,3.8,0.7644000053405762,0
108464,214.7893524169922,52.78458023071289,7.32,7.22,7.88,7.06,7.96,7.912725,1
108482,214.7893829345703,52.78464126586914,7.88,7.84,7.96,7.62,7.98,7.92,2
108489,214.86962890625,52.84183883666992,2.96,2.66,4.08,0.38,13.82,3.228501,-1
108649,214.92626953125,52.88247299194336,0.2,0.24,3.64,0.18,3.74,4.715000152587891,0
108817,214.967041015625,52.9117317199707,6.5,6.32,6.52,6.24,6.56,6.1809,2
108902,214.9639129638672,52.90967559814453,7.1,7.0,7.22,6.94,7.28,7.17,2
108955,214.87452697753906,52.846351623535156,3.14,3.08,5.14,1.12,7.18,0.82,-1
109005,214.8822021484375,52.851890563964844,3.98,3.94,4.12,3.88,4.16,3.87,2
109018,214.79966735839844,52.793121337890625,5.06,5.06,5.24,5.02,5.26,5.293967,2
109130,214.80532836914062,52.797393798828125,5.76,5.72,5.8,0.0,5.82,3.955,1
109412,214.84326171875,52.82497787475586,2.0,1.02,6.0,0.68,6.68,2.6486001014709473,0
109479,214.8103485107422,52.801673889160156,3.66,3.42,3.7,0.52,3.76,3.63,2
109599,214.8016815185547,52.79576110839844,6.5,6.38,6.52,6.3,6.56,6.6106,2
109664,214.91282653808594,52.874969482421875,0.88,0.94,10.44,0.42,12.36,7.220900058746338,0
109722,214.9494171142578,52.90102767944336,6.78,6.72,6.86,6.68,6.96,9.134061,-1
109768,214.9498748779297,52.90143585205078,3.46,1.52,3.56,1.06,7.7,8.289102,-1
109843,214.8643035888672,52.840843200683594,5.0,4.96,5.04,4.94,5.1,5.070596,2
109874,214.87472534179688,52.84832000732422,0.68,0.74,5.28,0.46,5.88,5.165500164031982,0
109893,214.9043731689453,52.869415283203125,0.18,0.18,6.96,0.16,8.28,1.7990000247955322,0
109910,214.82005310058594,52.8094482421875,1.04,1.14,3.0,0.48,4.0,2.83293,-1
110004,214.88185119628906,52.853607177734375,2.04,2.04,2.04,2.04,2.04,2.045148,2
110038,214.82008361816406,52.8096923828125,0.52,0.46,3.5,0.38,4.22,4.905369,-1
110061,214.73558044433594,52.749385833740234,0.12,0.1,0.12,0.08,4.44,6.534,2
110174,214.79544067382812,52.79237365722656,11.92,3.14,12.78,0.28,14.14,3.27,1
110184,214.91046142578125,52.87425231933594,0.42,0.42,2.18,0.4,3.92,3.6612000465393066,0
110293,214.95962524414062,52.90932846069336,6.72,1.12,6.94,0.88,7.64,0.21320000290870667,0
110373,214.84603881835938,52.828819274902344,0.2,0.2,2.22,0.18,3.28,1.840000033378601,1
110382,214.84422302246094,52.8275260925293,0.38,0.46,3.98,0.32,4.48,4.52813,-1
110386,214.82540893554688,52.81414794921875,0.36,0.34,2.38,0.3,3.86,3.439916,2
110603,214.87380981445312,52.849037170410156,3.32,3.32,3.36,3.32,3.36,3.35,2
110611,214.97032165527344,52.917545318603516,1.08,1.2,2.46,1.06,2.8,0.84921,-1
110682,214.91831970214844,52.880802154541016,3.28,3.16,3.3,3.08,3.34,9.411603,-1
110803,214.91249084472656,52.87691879272461,3.22,0.3,3.24,0.24,3.3,3.041299,2
110856,214.91075134277344,52.87578201293945,2.9,2.74,2.9,2.68,2.92,5.8854,1
110894,214.82566833496094,52.815338134765625,5.38,4.28,6.1,1.18,6.48,5.842400074005127,0
110907,214.90216064453125,52.86977005004883,7.0,6.98,7.04,6.96,7.1,7.0,2
110915,214.81036376953125,52.804466247558594,4.84,4.84,4.86,4.82,4.88,4.867962,2
111015,214.80999755859375,52.80440139770508,6.7,6.28,7.58,1.4,8.06,6.729000091552734,0
111019,214.82382202148438,52.814266204833984,5.98,5.32,6.36,1.2,6.62,6.085000038146973,0
111021,214.9644317626953,52.9141731262207,3.14,1.62,3.54,1.08,4.48,1.034000039100647,0
111095,214.74337768554688,52.75698471069336,0.34,0.4,4.02,0.34,5.48,2.78,1
111126,214.814697265625,52.8079719543457,0.26,0.24,3.04,0.22,3.18,2.668927,1
111152,214.92019653320312,52.88307571411133,3.02,3.02,11.72,0.36,12.74,3.1770999431610107,0
111178,214.85906982421875,52.83966064453125,1.74,1.72,2.84,1.22,8.32,1.706588,-1
111262,214.8871612548828,52.85978698730469,0.0,0.0,0.02,0.0,0.04,2.175,-1
111264,214.8796844482422,52.85447311401367,3.32,3.3,3.36,3.24,3.38,5.334286,-1
111365,214.8719940185547,52.84925079345703,2.06,2.06,3.18,0.22,3.28,3.0,2
111450,214.77662658691406,52.78144073486328,3.48,3.46,3.7,0.6,4.88,3.49,2
111517,214.8782196044922,52.85395812988281,3.08,3.0,3.6,0.46,11.76,3.08,2
111521,214.8004913330078,52.79859924316406,3.72,3.56,3.84,3.36,4.1,3.63,2
111570,214.8710174560547,52.84895324707031,5.08,4.94,5.16,4.88,5.22,5.100082,2
111632,214.95765686035156,52.91054153442383,3.58,3.54,3.62,3.48,3.7,5.115722,2
111724,214.79733276367188,52.796730041503906,6.0,5.96,6.02,5.92,6.04,5.970893,2
111727,214.7998504638672,52.79853820800781,1.46,1.42,1.48,1.42,1.52,1.48,-1
111741,214.79718017578125,52.79664611816406,4.34,3.46,4.58,0.52,4.98,5.967800140380859,2
111805,214.96221923828125,52.914093017578125,6.58,6.32,6.62,6.06,6.78,6.1932,2
111850,214.89833068847656,52.86888122558594,1.26,1.18,1.58,1.0,2.12,0.812326,-1
111860,214.9707794189453,52.920265197753906,5.58,5.52,5.68,5.4,5.8,5.69,2
111944,214.84091186523438,52.828224182128906,0.18,0.68,4.06,0.18,6.8,3.760389,-1
112082,214.8641815185547,52.8451042175293,0.8,0.64,3.66,0.2,4.94,5.716100215911865,0
112085,214.7718048095703,52.77924346923828,3.12,1.66,14.48,0.36,15.48,0.86252,-1
112182,214.9517059326172,52.90744400024414,7.56,1.76,7.66,1.12,7.86,2.024899959564209,0
112185,214.7845458984375,52.788551330566406,3.44,1.9,3.68,0.5,4.64,3.2629001140594482,0
112247,214.72808837890625,52.74836349487305,4.16,3.92,4.16,3.86,4.18,4.195,2
112339,214.91403198242188,52.88102722167969,7.2,7.1,7.2,7.06,7.2,7.145653,-1
112374,214.88720703125,52.8620491027832,2.96,2.76,10.74,0.26,11.22,3.4587,1
112395,214.87388610839844,52.85261535644531,3.0,3.0,3.04,2.98,3.24,3.0,2
112601,214.82937622070312,52.821353912353516,0.0,0.0,0.02,0.0,0.06,4.33,1
112654,214.8780059814453,52.856082916259766,8.94,8.7,8.94,8.6,9.0,9.01,2
112684,214.8616943359375,52.844539642333984,0.26,0.48,3.04,0.22,3.34,6.444599,-1
112706,214.97747802734375,52.926753997802734,3.14,3.02,3.2,2.98,3.26,3.231111,2
112713,214.9771728515625,52.92655563354492,0.54,0.54,6.9,0.42,9.92,8.5,0
112723,214.9200897216797,52.886112213134766,4.3,3.88,4.4,0.8,4.8,5.265100002288818,0
112766,214.9775848388672,52.92689514160156,6.3,5.64,6.52,1.12,6.62,6.14139986038208,0
112787,214.94871520996094,52.9065055847168,1.08,1.04,1.5,0.78,2.18,2.542236,-1
113177,214.89605712890625,52.86985778808594,7.46,7.44,7.48,7.42,7.52,7.49,2
113197,214.94784545898438,52.906646728515625,4.64,1.12,4.78,0.66,5.38,0.41,-1
113212,214.86346435546875,52.84676742553711,0.0,0.06,2.36,0.0,2.68,0.12,-1
113252,214.8683319091797,52.850311279296875,8.66,8.62,8.86,8.52,8.96,9.004899978637695,0
113264,214.82846069335938,52.82194900512695,0.0,0.0,6.26,0.0,6.44,5.905200004577637,0
113265,214.94407653808594,52.904109954833984,5.7,5.68,5.8,4.1,5.84,6.667387,-1
113272,214.86343383789062,52.84687423706055,4.0,3.36,4.2,0.66,4.72,2.86,1
113314,214.828369140625,52.82198715209961,0.0,0.02,6.44,0.0,6.64,4.480899810791016,0
113405,214.86712646484375,52.84975814819336,3.36,3.0,3.68,1.44,3.8,3.765156,2
113466,214.82403564453125,52.819190979003906,0.54,0.62,1.62,0.54,2.16,1.76,-1
113527,214.92340087890625,52.88997268676758,4.0,3.88,4.3,3.6,4.5,3.83,2
113542,214.8700408935547,52.852088928222656,2.3,2.08,2.34,0.52,2.6,2.187389,2
113570,214.82205200195312,52.81798553466797,-1.0,-1.0,-1.0,-1.0,-1.0,6.457399845123291,0
113641,214.8721923828125,52.85379409790039,3.32,3.32,3.34,3.32,3.36,3.329002,2
113747,214.9241485595703,52.89093017578125,8.84,8.8,8.9,8.74,8.94,8.765377,2
113786,214.83590698242188,52.828277587890625,1.72,1.68,2.64,0.42,2.94,0.825797,-1
113844,214.83941650390625,52.83089828491211,1.46,1.3,3.32,1.1,3.58,6.953,0
113947,214.77297973632812,52.783695220947266,4.94,4.92,5.04,4.88,5.18,5.246500015258789,0
114037,214.86306762695312,52.848079681396484,4.12,3.98,4.14,3.88,4.16,4.188094,2
114046,214.90565490722656,52.87836837768555,4.76,4.74,16.1,4.58,16.4,5.061433,2
114112,214.781005859375,52.78974151611328,5.26,4.98,5.26,4.88,5.28,5.3,2
114169,214.90992736816406,52.88163375854492,3.94,3.9,4.14,3.84,4.18,4.00570011138916,0
114217,214.8024139404297,52.80521774291992,0.34,1.42,2.42,0.34,2.94,3.405818,-1
114220,214.8700714111328,52.85342025756836,0.54,0.6,1.94,0.4,2.78,6.64,2
114296,214.9635467529297,52.919898986816406,2.96,2.96,3.0,0.32,3.56,3.3805999755859375,0
114298,214.83326721191406,52.82737731933594,6.96,2.66,7.32,1.16,7.56,7.0503,2
114309,214.8880157470703,52.8663444519043,0.48,0.46,3.56,0.3,3.94,4.483136,-1
114389,214.8333282470703,52.82758712768555,6.94,6.86,7.02,6.8,7.3,7.290386,1
114394,214.8881378173828,52.866600036621094,5.34,2.1,5.8,1.24,7.12,9.193391,-1
114459,214.73291015625,52.756046295166016,1.04,1.16,2.6,1.04,7.92,0.845,-1
114472,214.77268981933594,52.78451156616211,5.6,4.94,5.7,3.78,5.94,4.33,1
114594,214.96253967285156,52.919769287109375,4.2,3.78,4.34,0.76,4.62,3.84,1
114959,214.7830047607422,52.79270553588867,4.66,4.42,4.72,1.12,4.78,4.408388,-1
114976,214.86837768554688,52.85354232788086,5.16,5.14,5.2,5.12,5.22,5.19,2
115294,214.82907104492188,52.8260612487793,4.44,3.0,4.62,0.48,5.44,4.265500068664551,0
115381,214.96707153320312,52.924217224121094,3.84,3.2,3.92,2.56,4.16,1.5504000186920166,0
115551,214.8618927001953,52.84986877441406,4.06,3.92,4.16,3.88,4.2,3.932648,2
115589,214.96926879882812,52.9261360168457,0.98,1.12,7.74,0.16,12.74,4.8653998374938965,0
115685,214.9607696533203,52.92026138305664,6.76,6.74,6.8,6.72,6.86,6.7693,2
115740,214.86383056640625,52.851566314697266,5.64,5.42,5.68,1.26,5.88,5.65910005569458,0
115760,214.76657104492188,52.782264709472656,5.16,5.14,5.18,5.12,5.2,5.15,2
115960,214.85592651367188,52.8463134765625,8.6,8.38,10.1,1.92,10.9,8.657184,1
116122,214.89353942871094,52.873329162597656,3.2,3.16,3.26,3.12,3.28,3.24,2
116344,214.90914916992188,52.884803771972656,0.32,0.3,1.34,0.28,3.4,3.904599905014038,0
116366,214.91021728515625,52.88559341430664,4.82,4.74,5.04,3.72,5.3,4.821599960327148,0
116573,214.82489013671875,52.82524871826172,4.38,4.24,4.58,0.66,4.72,4.24,2
116621,214.8064727783203,52.81220245361328,2.94,2.76,2.94,2.7,2.94,2.951719,2
116685,214.93759155273438,52.90553665161133,10.32,9.88,10.66,3.34,11.06,10.643799781799316,0
116954,214.81060791015625,52.815704345703125,6.78,6.76,6.84,6.72,6.92,6.73,2
117083,214.8858642578125,52.86945724487305,4.74,0.72,4.78,0.58,4.84,4.694705,2
117119,214.8227081298828,52.8245735168457,2.88,2.84,2.9,2.8,2.9,2.88558,2
117343,214.96453857421875,52.92569351196289,6.92,6.84,7.02,6.78,7.28,6.72783,2
117374,214.8588104248047,52.8507080078125,3.34,3.32,3.36,3.3,3.38,3.323938,2
117432,214.96112060546875,52.92341995239258,7.84,6.96,7.94,5.62,8.08,1.6368000507354736,0
117986,214.88099670410156,52.89803695678711,0.76,0.76,5.1,0.4,5.8,7.154624,-1
118271,214.8651123046875,52.87968063354492,0.48,0.46,2.26,0.3,3.62,0.9941999912261963,0
118425,214.95632934570312,52.94413757324219,0.2,0.24,7.32,0.02,7.92,7.1884,2
118434,214.92420959472656,52.92137908935547,6.32,6.3,6.46,6.26,6.54,6.544165,2
118436,214.87843322753906,52.888954162597656,11.9,11.04,12.38,2.96,13.26,0.8334000110626221,0
118633,214.932373046875,52.9282112121582,3.42,2.66,3.46,0.28,3.68,0.82,-1
118645,214.88742065429688,52.89509963989258,1.04,1.0,5.14,0.54,6.16,5.669953,-1
118788,214.88734436035156,52.89482879638672,0.32,1.7,10.2,0.32,12.82,6.696085,-1
118974,214.83444213867188,52.85670471191406,4.78,4.68,5.22,4.38,5.46,5.09,1
119167,214.88487243652344,52.89228820800781,5.24,5.12,5.26,5.06,5.26,5.27,2
119180,214.9855499267578,52.96369171142578,3.28,3.0,3.28,0.28,3.38,4.111100196838379,0
119249,214.9891357421875,52.966060638427734,0.48,0.48,4.86,0.42,5.08,0.5026999711990356,0
119337,214.89901733398438,52.902191162109375,6.94,6.8,7.2,5.34,7.5,7.957399845123291,0
119351,214.88905334472656,52.89506912231445,4.9,4.86,4.92,4.82,4.94,4.807501,1
119372,214.84742736816406,52.865543365478516,4.9,2.94,5.86,0.98,6.2,3.800493,1
119431,214.9633331298828,52.94764709472656,1.34,0.94,4.42,0.62,9.3,1.4768999814987183,0
119480,214.9306640625,52.92436599731445,0.58,0.48,0.7,0.32,3.04,0.99,-1
119520,214.8420867919922,52.86228561401367,4.8,3.74,18.32,0.62,19.54,9.220000267028809,0
119761,214.87754821777344,52.88568115234375,1.98,1.76,8.86,1.06,9.88,10.386099815368652,0
119997,214.87648010253906,52.88510513305664,3.56,3.5,3.68,3.46,3.72,3.604406,2
120132,214.82785034179688,52.850345611572266,2.96,0.4,3.28,0.28,3.8,1.310459,1
120182,214.8396453857422,52.85868835449219,0.06,0.06,2.66,0.04,3.26,2.46,1
120248,214.8745574951172,52.8834114074707,0.18,0.2,4.62,0.18,5.0,1.9180999994277954,0
120291,214.9672088623047,52.94902420043945,4.96,4.94,5.18,4.78,5.28,5.094075,2
120366,215.01617431640625,52.995182037353516,1.04,0.84,2.32,0.7,4.68,1.7958999872207642,0
120550,214.90086364746094,52.90168762207031,4.44,4.4,4.58,4.02,4.62,0.31,-1
120561,215.04275512695312,53.001895904541016,0.68,0.64,1.14,0.48,6.68,1.785599946975708,0
120636,214.78997802734375,52.82271194458008,3.26,3.0,3.74,0.76,12.4,3.35,0
120658,214.82769775390625,52.85203552246094,0.5,0.48,3.6,0.46,3.76,3.785943,1
120669,214.8315887451172,52.85227584838867,3.02,2.92,3.48,1.28,11.36,1.725523,-1
120836,214.97622680664062,52.95458984375,0.22,2.78,3.32,0.22,3.68,3.028379,1
120862,214.8865966796875,52.89104461669922,0.76,0.66,1.74,0.34,2.96,2.38971,-1
120955,214.8025360107422,52.831119537353516,2.94,2.76,2.94,0.44,2.96,2.87,2
120959,214.8718719482422,52.88043212890625,5.62,5.6,5.66,5.58,5.66,1.333462,1
120981,214.80111694335938,52.82968521118164,3.6,3.58,5.16,3.52,5.22,5.18,2
121206,214.99127197265625,52.96470260620117,1.1,1.1,2.28,0.14,3.8,6.16,1
121276,214.9853973388672,52.960384368896484,7.14,7.04,7.24,6.98,7.28,6.99,2
121346,214.79632568359375,52.82609939575195,0.38,0.38,11.14,0.38,11.78,11.070699691772461,0
121426,214.84832763671875,52.86296844482422,5.52,5.46,5.56,5.42,5.64,5.46,2
121458,214.79071044921875,52.82193374633789,1.32,1.42,5.32,0.72,14.4,4.43,2
121465,214.8320770263672,52.85138702392578,1.08,1.1,2.34,1.04,8.04,2.0871999263763428,0
121472,214.84068298339844,52.85745620727539,4.84,4.8,4.86,3.7,4.88,4.83,1
121566,214.98590087890625,52.960391998291016,7.04,7.02,7.18,6.98,7.26,6.99,2
121838,214.85787963867188,52.86927795410156,3.44,3.38,3.68,3.1,3.96,3.445,2
121848,214.78985595703125,52.821006774902344,1.36,1.36,1.44,1.36,1.54,1.363431,2
121868,214.95388793945312,52.93824768066406,6.82,6.78,6.86,6.76,6.9,6.792615,2
122091,214.9419403076172,52.932247161865234,7.44,7.38,7.5,7.34,7.56,7.55,1
122152,214.79063415527344,52.82080078125,4.68,3.46,4.82,0.7,15.38,4.293499946594238,0
122238,214.9221954345703,52.913963317871094,1.02,0.68,2.66,0.06,3.8,4.063488,-1
122285,214.94921875,52.93336486816406,6.34,2.02,6.54,1.0,7.72,2.205199956893921,0
122300,214.80133056640625,52.828147888183594,0.86,0.82,1.9,0.52,4.84,1.9,2
122369,214.79579162597656,52.82418441772461,6.06,4.6,6.2,1.22,6.48,5.85,1
122377,214.83868408203125,52.854713439941406,6.24,6.22,6.26,6.18,6.46,6.566016,2
122388,214.89047241210938,52.891319274902344,3.08,3.02,3.36,2.98,3.44,3.244,2
122463,214.89048767089844,52.89125442504883,3.12,3.12,3.24,3.08,3.28,3.24,2
122525,214.93496704101562,52.92266082763672,1.0,0.82,1.22,0.7,3.98,3.022001,-1
122535,214.9869384765625,52.95888137817383,2.58,2.54,2.62,1.96,2.64,2.642831,-1
122571,214.78089904785156,52.81366729736328,0.0,0.72,2.78,0.0,3.76,5.447265,1
122603,214.98287963867188,52.96439743041992,5.7,1.32,5.82,0.88,6.66,1.5,1
122636,214.8405303955078,52.858482360839844,1.6,1.62,5.28,0.84,6.42,0.28,-1
122638,214.92369079589844,52.916141510009766,0.18,0.18,2.42,0.0,2.62,3.618139,-1
122704,214.8464813232422,52.859840393066406,0.98,1.0,5.38,0.84,15.2,3.93179988861084,0
122854,214.9461669921875,52.941673278808594,1.58,1.38,5.16,0.48,6.12,4.8892,2
122986,214.8737030029297,52.87837219238281,0.44,0.44,3.16,0.36,3.58,0.32120001316070557,0
123164,214.8719940185547,52.87820053100586,5.02,4.98,5.04,4.96,5.06,5.271279,2
123228,214.7908172607422,52.819313049316406,2.94,2.84,2.94,2.76,2.94,2.934441,2
123245,214.78182983398438,52.813133239746094,3.1,2.84,3.8,0.24,5.3,2.2004001140594482,0
123274,214.9429168701172,52.92762756347656,4.52,4.44,4.62,4.4,4.72,4.49,2
123340,214.94032287597656,52.92570114135742,1.18,1.1,1.76,0.46,6.1,6.32,1
123371,214.81089782714844,52.83320999145508,0.4,1.56,8.32,0.38,10.1,6.715817,2
123391,214.93756103515625,52.925479888916016,4.68,4.04,4.7,0.76,4.82,0.62,-1
123404,214.84913635253906,52.86015319824219,5.18,4.22,5.56,0.58,6.02,2.8011,-1
123834,214.83465576171875,52.85008239746094,18.78,13.02,19.74,2.98,21.32,2.345007,-1
123861,214.8421630859375,52.8553581237793,3.42,2.96,3.68,0.18,3.86,0.64,-1
123895,214.80230712890625,52.83024597167969,2.94,1.44,4.46,1.12,6.12,6.4,2
123917,214.84988403320312,52.86026382446289,4.8,2.92,4.82,0.4,5.0,2.293299913406372,0
124059,214.79722595214844,52.82310104370117,3.42,3.42,3.42,3.4,3.42,3.441317,2
124131,214.9888153076172,52.95908737182617,7.46,7.44,7.54,7.4,7.58,5.47,1
124202,214.8571014404297,52.86582946777344,0.0,0.0,0.04,0.0,1.82,2.32,1
124225,214.93807983398438,52.924354553222656,0.22,0.22,3.26,0.2,3.4,0.30979999899864197,0
124376,214.96954345703125,52.94487762451172,0.18,0.18,0.22,0.14,0.28,6.616152,-1
124402,214.80442810058594,52.82748794555664,0.5,0.52,4.58,0.34,5.68,3.37,1
124445,214.9467010498047,52.92854690551758,5.38,5.36,5.48,5.3,5.62,5.281300067901611,0
124502,214.85719299316406,52.86589813232422,2.3,2.18,2.3,2.12,2.32,2.3269999027252197,0
124563,214.8043975830078,52.82722854614258,0.3,0.3,0.32,0.28,2.96,2.966839,2
124593,214.9902801513672,52.95927429199219,4.92,4.9,5.02,4.84,5.24,4.97,2
124762,215.01097106933594,52.973628997802734,4.82,4.44,5.02,0.66,5.72,5.27,1
124796,214.84080505371094,52.85297775268555,2.38,0.72,2.68,0.1,6.48,4.47,1
124828,215.01097106933594,52.97351837158203,5.3,5.0,5.32,4.88,5.64,5.28,2
125003,214.99107360839844,52.958641052246094,0.46,0.46,2.72,0.22,3.0,1.58,2
125219,214.84091186523438,52.85263442993164,0.36,0.24,2.96,0.18,3.0,2.59,1
125232,214.80079650878906,52.82460403442383,4.64,4.48,4.68,4.4,4.74,4.42,2
125277,214.85772705078125,52.86417770385742,4.22,0.66,4.28,0.4,4.4,7.093111,-1
125345,214.89797973632812,52.89295959472656,6.56,1.04,6.62,0.86,6.98,7.486,2
125350,214.89804077148438,52.89297103881836,7.48,7.44,7.54,7.4,7.56,7.475,2
125352,215.0144805908203,52.975399017333984,7.2,6.98,7.4,6.7,7.96,9.061100006103516,0
125718,214.7845458984375,52.8117790222168,4.74,1.1,4.92,0.62,5.86,1.378094,-1
125726,214.8867950439453,52.884605407714844,1.92,1.4,2.06,1.04,2.64,2.797551,-1
125784,214.83175659179688,52.84539794921875,0.96,0.88,4.84,0.74,6.28,7.670899868011475,0
126001,214.80889892578125,52.82878494262695,0.18,0.16,0.38,0.12,3.9,0.46,-1
126105,214.84568786621094,52.85486602783203,0.52,0.44,0.58,0.32,0.68,0.55,-1
126173,215.01417541503906,52.97418212890625,4.96,4.92,5.1,4.88,5.32,5.287799835205078,0
126585,214.87881469726562,52.877845764160156,2.98,0.84,3.48,0.24,3.82,2.962100028991699,0
126630,214.87890625,52.87800216674805,2.92,1.44,2.88,1.24,3.54,1.6440000534057617,0
126769,214.83294677734375,52.84553909301758,6.08,5.8,6.3,1.12,6.52,5.718778,0
126914,214.88180541992188,52.87968063354492,7.92,7.88,7.94,7.84,7.96,7.9,2
127004,214.94781494140625,52.92644500732422,0.26,0.32,3.22,0.22,3.6,0.45,-1
127044,214.8000946044922,52.821407318115234,3.78,3.7,4.82,3.54,4.86,3.78,2
127223,214.81829833984375,52.83427429199219,8.7,8.64,8.78,8.6,8.86,8.805874,2
127283,214.84576416015625,52.85367202758789,1.36,1.34,6.64,1.22,6.96,0.12759999930858612,0
127288,214.86244201660156,52.86552047729492,0.0,0.0,2.0,0.0,2.54,1.441186,-1
127535,214.7921905517578,52.815269470214844,2.78,1.5,5.98,0.42,8.02,6.116199970245361,0
127551,214.99822998046875,52.96152877807617,5.24,5.1,5.24,5.0,5.3,5.262502,2
127706,214.8997039794922,52.893043518066406,5.26,4.98,5.26,4.94,5.28,5.2645,2
127758,214.9967803955078,52.96012878417969,6.3,6.28,6.5,6.22,6.62,6.215284,2
127937,214.87156677246094,52.871482849121094,1.32,1.32,3.4,0.54,3.52,1.84916,-1
127985,214.796630859375,52.817996978759766,6.96,1.34,7.58,0.08,8.22,0.2264000028371811,0
128017,214.84771728515625,52.85434341430664,2.66,0.86,2.88,0.46,3.94,1.75,-1
128070,214.83981323242188,52.848697662353516,0.98,0.96,4.44,0.7,5.74,3.595,2
128096,214.87741088867188,52.875362396240234,3.44,1.98,9.4,0.78,11.46,1.3926000595092773,0
128516,214.8721923828125,52.87110900878906,3.82,3.8,3.96,1.0,4.58,0.558899998664856,0
128634,214.8707733154297,52.87004470825195,2.0,1.68,2.02,1.36,6.42,1.02,-1
128728,214.93743896484375,52.91720962524414,8.66,8.62,8.76,8.58,8.84,8.7556,2
128772,214.80072021484375,52.819942474365234,5.08,5.04,5.18,4.96,5.22,4.986602,2
129084,214.82252502441406,52.88276290893555,4.4,2.54,11.06,0.2,15.72,2.200700044631958,0
129119,214.9442596435547,52.92144775390625,1.06,0.82,1.32,0.6,5.66,0.5221999883651733,0
129361,214.79092407226562,52.81216812133789,5.88,5.88,5.98,5.88,6.0,5.964779,2
129390,214.94369506835938,52.92045974731445,8.28,5.36,10.4,1.14,20.14,4.6280999183654785,1
129532,214.87020874023438,52.868228912353516,17.26,5.1,19.68,0.88,23.38,0.5835999846458435,0
129547,214.79539489746094,52.81486892700195,0.14,0.16,2.84,0.12,2.98,1.07,-1
129822,214.95164489746094,52.92549133300781,4.12,4.02,4.14,3.96,4.16,3.93,2
129924,214.85476684570312,52.856571197509766,4.82,4.48,5.26,1.18,5.62,4.286600112915039,0
129961,214.8542938232422,52.856239318847656,3.3,3.3,3.32,3.2,3.32,3.340915,2
130180,214.90724182128906,52.89336013793945,1.46,1.36,1.58,1.1,2.42,0.76431,-1
130359,214.9629364013672,52.93258285522461,4.18,1.1,4.32,0.22,4.9,0.7555000185966492,0
130419,214.86767578125,52.864952087402344,2.9,2.34,9.56,1.62,10.74,1.38,-1
130472,214.82212829589844,52.832393646240234,2.4,1.94,2.42,1.44,2.6,2.21,0
130544,214.88803100585938,52.879459381103516,2.94,2.7,12.2,0.62,14.32,0.613971,-1
130654,214.81480407714844,52.82698059082031,3.46,3.44,3.68,3.42,3.74,3.417738,2
130899,214.85076904296875,52.85257339477539,10.22,3.68,10.54,2.04,12.26,9.88,1
130902,215.0611572265625,52.99898910522461,4.04,1.2,7.74,0.14,18.72,1.330739,-1
131118,214.96395874023438,52.93210220336914,4.74,1.0,5.52,0.68,5.76,2.8450000286102295,0
131122,214.90325927734375,52.889122009277344,2.02,1.62,8.9,0.26,9.54,1.3416999578475952,0
131355,214.8966522216797,52.88508224487305,5.08,5.04,5.22,4.94,5.26,5.228478,1
131356,214.8011932373047,52.81603240966797,3.28,3.2,3.28,3.14,3.3,3.24,2
131498,214.84603881835938,52.84794616699219,4.9,4.84,5.18,4.7,5.44,5.066087,2
131543,214.85104370117188,52.85127258300781,0.9,0.86,5.14,0.48,5.72,5.67,1
131649,214.86582946777344,52.86409378051758,1.04,0.64,1.16,0.06,2.46,6.864699840545654,0
131786,214.85794067382812,52.856441497802734,0.32,0.3,0.4,0.28,3.22,0.34529998898506165,0
132084,214.8868408203125,52.875892639160156,0.64,0.7,4.86,0.58,5.48,0.94,-1
132132,214.93470764160156,52.90964889526367,0.44,0.48,3.58,0.44,3.74,3.7516000270843506,0
132424,214.84828186035156,52.84798812866211,4.9,4.86,4.94,4.8,5.04,5.304721,2
132498,214.8520965576172,52.85053634643555,2.38,1.52,3.84,0.82,7.24,0.560699999332428,0
132741,214.93511962890625,52.90901184082031,2.02,0.88,2.4,0.16,3.88,0.85,-1
132749,214.82518005371094,52.830352783203125,6.62,6.56,6.66,6.24,7.46,0.9,1
132847,214.84759521484375,52.846492767333984,3.58,3.5,4.78,0.72,5.06,5.1921,2
133412,214.77365112304688,52.79256820678711,0.54,0.84,7.24,0.24,9.6,1.584133,-1
133439,214.9430694580078,52.9134635925293,0.24,0.5,4.04,0.22,5.34,1.0240000486373901,0
133454,214.85903930664062,52.85371780395508,7.04,6.46,7.2,1.48,7.34,7.10830020904541,2
133608,214.8251953125,52.82939910888672,5.72,5.7,5.82,5.58,5.86,5.82,2
133614,214.81521606445312,52.82292175292969,5.18,4.8,5.2,1.6,5.28,4.979700088500977,0
133856,214.82684326171875,52.830162048339844,5.48,5.42,6.06,1.32,6.26,5.65,2
133902,214.8623046875,52.85527420043945,1.34,1.26,6.04,0.82,6.62,0.46,-1
134013,214.7719268798828,52.790462493896484,4.84,3.62,4.9,1.24,5.16,3.748257,-1
134034,214.8120880126953,52.82038879394531,4.92,4.5,5.14,0.64,5.26,4.818804,2
134063,214.90245056152344,52.88359451293945,1.1,1.04,1.82,0.82,5.68,1.795128,-1
134167,214.95977783203125,52.92411422729492,1.74,1.02,2.54,0.68,4.24,1.03,-1
134248,214.81619262695312,52.8219108581543,3.42,3.38,13.72,0.5,14.68,3.459516,2
134271,214.96214294433594,52.92567825317383,4.36,3.76,4.66,0.56,6.38,4.60290002822876,2
134298,214.9694061279297,52.93058776855469,4.64,1.04,6.22,0.62,18.4,4.63,1
134302,214.8280029296875,52.83034896850586,4.54,4.32,18.28,0.62,20.84,1.6579999923706055,0
134369,214.9072265625,52.88643264770508,2.04,1.64,2.6,1.18,9.2,8.34255,-1
134551,214.87921142578125,52.86744689941406,0.2,0.18,0.32,0.1,0.38,0.945386,-1
134675,214.96884155273438,52.92971420288086,0.54,0.54,3.76,0.36,4.18,8.716300010681152,2
134685,214.8957977294922,52.88026428222656,8.04,1.86,8.14,1.14,8.26,1.1411999464035034,0
134713,214.8695831298828,52.859222412109375,0.32,0.32,5.52,0.3,5.68,0.8,-1
134734,215.05982971191406,52.99388885498047,0.58,0.46,0.66,0.32,0.76,0.3630000054836273,0
135018,214.76968383789062,52.78791046142578,1.44,1.42,2.42,1.1,4.84,1.1237000226974487,0
135077,214.8583526611328,52.854393005371094,3.48,0.8,4.86,0.28,5.5,2.544778,-1
135343,214.79312133789062,52.8701171875,7.08,7.02,7.22,6.96,7.28,7.016805,2
135816,214.98695373535156,53.006072998046875,0.62,0.66,4.8,0.54,5.4,4.63,2
135881,214.88055419921875,52.9312629699707,4.54,4.46,4.62,0.96,5.28,0.7480000257492065,0
136010,214.9373779296875,52.97123718261719,0.2,0.2,2.9,0.02,3.1,0.01,-1
136551,214.83396911621094,52.89818572998047,1.46,1.3,2.96,1.08,7.28,5.077300071716309,0
136611,214.91969299316406,52.9577751159668,2.5,2.42,2.74,2.06,2.98,5.789700031280518,0
136669,214.8660125732422,52.919708251953125,0.98,0.74,4.52,0.6,5.86,0.47,-1
137021,214.85447692871094,52.91239547729492,0.44,0.44,10.4,0.42,11.0,2.2785000801086426,2
137309,214.8174591064453,52.88399124145508,0.36,0.38,2.52,0.34,3.14,1.103385,1
137762,214.9947052001953,53.009254455566406,2.68,2.68,2.88,2.68,2.92,2.883538,2
137863,214.82301330566406,52.88456726074219,2.3,1.4,3.38,0.66,9.5,4.965158,-1
137894,214.98587036132812,53.00251388549805,1.92,1.74,1.92,1.04,1.94,1.778724,2
138662,214.832763671875,52.894779205322266,3.82,2.68,11.28,0.44,13.86,2.1354000568389893,0
138667,214.93101501464844,52.96223449707031,0.66,0.64,4.84,0.34,5.6,3.9,2
138776,214.9896697998047,53.005523681640625,0.58,0.56,3.34,0.22,4.9,0.3986999988555908,0
138826,214.99008178710938,53.0036735534668,3.32,3.16,3.38,0.38,3.42,3.7,0
139155,214.98690795898438,53.00067138671875,3.8,2.48,3.86,0.2,4.92,3.77,2
139264,214.86891174316406,52.91691970825195,3.04,1.66,4.42,0.32,5.18,4.236649,2
139349,214.9386444091797,52.96700668334961,1.14,1.08,5.92,0.84,6.08,6.612400054931641,0
139496,215.04295349121094,52.99707794189453,3.0,1.36,3.22,0.32,4.58,4.939199924468994,0
139674,214.82398986816406,52.884185791015625,2.02,1.14,2.38,1.06,2.6,5.302041,-1
139796,214.9371795654297,52.96501541137695,0.22,0.38,2.82,0.16,3.24,2.615,0
139893,214.93637084960938,52.963096618652344,4.24,4.22,4.32,4.2,4.34,4.315267,2
140022,214.84329223632812,52.89676284790039,5.72,5.72,5.8,5.68,5.84,5.76,2
140121,214.86927795410156,52.91530990600586,0.52,0.64,4.18,0.42,4.64,4.42,2
140370,214.8662109375,52.91282272338867,1.0,0.92,1.26,0.68,4.7,1.57,-1
140463,214.95086669921875,52.974151611328125,1.32,1.32,2.08,1.24,2.4,1.81,-1
140531,214.86961364746094,52.91490173339844,6.18,3.5,8.5,2.44,10.96,4.3755998611450195,0
140536,214.7969970703125,52.86343002319336,0.86,0.84,1.22,0.72,1.58,1.691,1
140682,214.98805236816406,52.99993133544922,3.32,3.3,3.38,3.08,11.88,3.396537,2
141217,214.8263702392578,52.88292694091797,7.84,7.82,7.86,7.78,7.94,7.8366,2
141510,214.9984893798828,53.00343704223633,0.4,0.44,4.02,0.32,4.54,0.57,-1
141886,215.0052032470703,53.00868225097656,7.2,7.08,8.38,3.24,8.86,7.08,2
141943,215.01162719726562,53.01414489746094,0.94,0.78,6.18,0.08,6.64,7.4492998123168945,0
141999,214.9280242919922,52.95489501953125,5.5,5.3,5.72,5.08,5.84,5.739405,2
142321,214.9275665283203,52.95296859741211,5.16,3.84,5.18,0.46,5.34,4.12,1
142390,214.80494689941406,52.86843490600586,0.44,0.42,0.48,0.36,3.3,3.43994,2
142537,214.82638549804688,52.880706787109375,5.66,1.92,14.24,0.5,20.6,2.987935,-1
142649,214.84832763671875,52.896156311035156,3.42,3.36,3.58,0.46,3.7,8.463303,-1
142670,214.93487548828125,52.95746994018555,4.44,0.86,4.76,0.66,4.96,0.22,-1
142763,215.0006866455078,53.00444793701172,0.18,0.48,10.6,0.16,13.28,0.08129999786615372,0
143221,214.80113220214844,52.8614501953125,0.02,0.02,0.48,0.0,2.36,0.09,-1
143822,214.93186950683594,52.953453063964844,3.3,3.08,3.3,3.02,3.32,3.320675,2
143921,214.98902893066406,52.9937629699707,0.16,0.58,3.24,0.16,3.84,3.44,2
143922,214.98912048339844,52.993778228759766,3.4,3.38,3.42,3.34,3.46,3.436531,2
143944,214.94004821777344,52.958656311035156,6.58,6.54,6.62,4.52,6.64,6.121172,2
144011,214.92820739746094,52.95182418823242,5.48,4.08,7.02,0.8,7.4,7.34,2
144255,214.78787231445312,52.850467681884766,3.26,3.12,3.28,0.24,9.1,3.286099910736084,0
144794,214.9387664794922,52.95689392089844,3.86,1.38,5.64,0.22,7.44,1.072,2
144809,214.7637176513672,52.8325309753418,3.54,3.52,3.64,3.46,3.7,3.621221,2
144825,214.93861389160156,52.95688247680664,6.86,1.46,7.12,0.12,7.74,1.32,-1
144923,214.87159729003906,52.90919494628906,1.58,1.48,3.96,0.58,4.56,2.91,0
144987,214.9973907470703,52.9981803894043,2.24,2.12,2.28,2.06,2.34,2.24,1
145084,214.86895751953125,52.90713882446289,1.58,1.16,2.42,0.74,2.94,2.34,2
145147,214.87237548828125,52.908931732177734,5.16,5.12,5.2,5.08,5.22,5.1149,2
145193,214.9862823486328,52.98994445800781,6.86,6.66,7.46,1.92,8.1,6.755300045013428,0
145222,214.78704833984375,52.84830856323242,4.1,4.0,4.12,3.98,4.14,4.036682,2
145313,214.83541870117188,52.88286590576172,7.02,5.96,7.06,1.18,7.24,6.8784,1
145388,214.8076171875,52.86262512207031,2.34,2.32,2.34,2.28,2.36,2.356193,2
145403,214.99964904785156,52.99920654296875,6.62,6.6,6.64,6.56,6.66,6.63,2
145409,214.78590393066406,52.84748840332031,5.78,1.26,5.88,0.7,6.26,5.93,1
145582,214.80970764160156,52.86421585083008,5.0,4.92,5.22,4.84,5.64,5.23,2
145635,214.8482666015625,52.891597747802734,-1.0,-1.0,-1.0,-1.0,-1.0,6.709446,-1
145679,214.88316345214844,52.916908264160156,3.62,2.14,4.28,0.5,13.8,1.0916999578475952,0
145701,214.86160278320312,52.90460968017578,9.34,9.34,10.3,9.16,10.68,10.345,1
145705,214.99757385253906,52.99702072143555,1.06,1.0,5.08,0.18,6.84,1.3205,0
145951,214.8440704345703,52.8883056640625,1.08,1.14,4.88,1.06,5.7,3.9554998874664307,0
146028,215.00743103027344,53.00373840332031,4.56,4.4,4.58,0.7,4.64,4.555805,2
146075,214.8748016357422,52.908695220947266,0.02,0.04,7.38,0.0,8.1,3.39,1
146208,214.9661407470703,52.974796295166016,0.26,0.24,3.3,0.22,9.42,3.06,0
146273,214.8139190673828,52.86612319946289,2.36,1.86,9.34,1.36,10.42,0.9958999752998352,0
146336,214.87863159179688,52.911521911621094,1.9,1.24,6.02,0.7,6.66,2.91,0
146397,214.95628356933594,52.966949462890625,4.84,4.68,5.18,3.76,5.56,4.88,0
146554,214.8945770263672,52.9231071472168,0.0,0.62,2.44,0.0,2.68,1.2625000476837158,0
146583,215.00711059570312,53.00251007080078,0.86,0.86,5.64,0.78,5.88,4.2006001472473145,0
146697,214.84359741210938,52.886234283447266,2.26,2.04,10.1,1.34,10.56,3.076772,1
146747,214.8890380859375,52.91853332519531,0.9,0.78,4.54,0.3,5.3,1.1138999462127686,0
146807,214.9541015625,52.96463394165039,8.04,7.84,8.3,1.9,8.44,8.32,2
146815,214.9966583251953,52.99480056762695,4.64,4.56,4.76,4.14,4.84,4.618921,2
146974,214.7909698486328,52.84854507446289,1.34,1.1,5.4,0.32,6.76,1.46,2
147098,214.9967041015625,52.9944953918457,4.5,4.46,4.6,4.4,4.64,4.58,1
147139,214.85562133789062,52.89414978027344,5.84,5.72,6.68,1.08,7.14,5.996099948883057,2
147146,214.83526611328125,52.879905700683594,6.08,6.06,6.1,6.04,6.1,6.0989,2
147180,214.78659057617188,52.84523010253906,5.96,5.9,5.98,5.88,6.0,5.886855,2
147207,214.93988037109375,52.95493698120117,4.6,4.5,4.6,4.44,4.62,4.494783,2
147234,215.00827026367188,53.00243377685547,2.1,2.08,2.14,2.08,2.26,2.091987,2
147319,214.94491577148438,52.957435607910156,1.24,1.14,1.24,1.1,1.46,1.241315,2
147620,214.8851776123047,52.9149284362793,1.98,1.78,2.08,1.74,2.3,2.14,2
147699,214.95555114746094,52.9647216796875,0.32,0.36,3.52,0.3,3.66,3.447605,-1
147704,214.81785583496094,52.866878509521484,7.62,7.6,7.72,7.56,7.78,7.77239990234375,0
147806,214.81692504882812,52.865745544433594,6.1,6.06,6.18,5.96,6.28,6.28000020980835,0
147838,214.86846923828125,52.90247344970703,0.16,0.2,5.64,0.04,6.94,2.2505,0
147881,214.8386993408203,52.88222885131836,8.8,8.7,8.82,8.62,8.86,8.93,1
147908,214.86927795410156,52.902427673339844,4.2,0.66,4.24,0.46,4.88,0.6531000137329102,0
147984,214.9886932373047,52.98733139038086,8.12,8.08,8.24,8.04,8.3,1.45,-1
148078,214.8422393798828,52.88349914550781,1.24,1.14,2.2,0.8,5.68,5.319302,1
148121,214.86700439453125,52.90097427368164,5.12,3.3,5.1,0.48,5.64,3.7739999294281006,0
148123,214.9473419189453,52.95796585083008,0.54,0.52,0.62,0.34,3.48,2.986398,2
148380,214.78880310058594,52.84629821777344,5.0,4.12,5.12,1.58,5.4,3.54,0
148652,214.87818908691406,52.90811538696289,5.32,5.32,5.36,5.28,5.56,0.325,-1
148810,214.77940368652344,52.83723449707031,2.4,2.32,2.42,2.2,2.42,2.29,1
148833,214.84866333007812,52.88652420043945,5.66,5.66,22.34,5.54,22.72,5.759994,2
149082,214.83387756347656,52.87553024291992,1.86,1.72,1.96,1.66,7.98,1.74743,2
149101,215.0165252685547,53.004940032958984,7.66,7.42,7.78,7.08,7.92,3.6846001148223877,0
149297,214.91232299804688,52.930816650390625,2.94,2.9,2.94,2.78,2.94,2.95,2
149426,214.87228393554688,52.903953552246094,4.5,3.62,4.82,3.1,5.22,4.46,2
149647,214.7919464111328,52.84490203857422,0.42,0.42,3.64,0.26,4.2,3.590679,2
149732,214.7926788330078,52.84715270996094,2.96,0.76,3.64,0.56,4.64,2.42,2
150061,214.76516723632812,52.82548904418945,4.32,2.72,17.66,1.18,20.6,3.863600015640259,0
150184,214.91075134277344,52.92820358276367,4.28,4.24,4.36,4.2,4.4,4.231,2
150566,214.88189697265625,52.908233642578125,3.08,3.06,14.66,0.68,17.7,2.45,0
150578,214.7696075439453,52.828155517578125,0.3,0.32,3.36,0.18,4.2,2.944213,1
150979,215.023193359375,53.006553649902344,3.58,3.56,3.7,3.52,4.8,1.595123,2
151026,214.85702514648438,52.888980865478516,0.18,0.18,3.02,0.18,3.54,0.4300000071525574,0
151033,214.94921875,52.954280853271484,0.94,0.88,1.5,0.64,2.36,1.5779000520706177,0
151042,214.767578125,52.82438659667969,3.28,2.98,3.3,0.16,3.38,3.340034,1
151067,214.77041625976562,52.82719039916992,0.86,0.84,4.38,0.68,5.86,2.171956,-1
151417,214.8271942138672,52.86692810058594,0.64,0.64,4.84,0.6,5.16,4.443409,1
151682,214.82289123535156,52.867897033691406,0.16,2.22,9.36,0.08,10.14,0.645226,-1
151772,214.83758544921875,52.8764533996582,3.86,4.1,18.44,0.9,20.98,1.664575,-1
152521,215.0007781982422,52.98963928222656,8.64,8.62,8.92,8.58,8.96,1.673,1
152579,214.82192993164062,52.86191940307617,0.4,0.38,3.24,0.04,3.34,3.23,1
152687,214.9320068359375,52.939659118652344,6.8,6.56,6.88,6.36,6.98,6.9715,2
152714,214.82183837890625,52.860774993896484,0.52,0.5,3.5,0.2,4.0,5.099599838256836,2
152802,214.81320190429688,52.854862213134766,0.54,0.56,10.16,0.3,10.8,0.5837000012397766,0
153000,214.82041931152344,52.85987854003906,2.46,1.14,2.48,0.08,2.68,1.5475000143051147,0
153112,214.95013427734375,52.95253372192383,6.56,6.42,6.58,6.3,6.62,6.502684,-1
153294,214.8248748779297,52.86272048950195,6.54,6.5,6.56,6.42,6.58,6.276182,1
153340,214.84703063964844,52.87839889526367,8.54,2.42,9.16,0.48,10.42,1.9911999702453613,0
153348,215.00857543945312,52.992740631103516,4.02,3.96,4.12,3.86,4.16,3.92330002784729,0
153486,214.76858520507812,52.82225036621094,0.24,0.22,0.38,0.2,3.26,3.113654,1
153538,214.83172607421875,52.86716842651367,7.2,7.08,7.2,5.32,7.3,5.322465,2
153706,214.954345703125,52.95356750488281,1.52,1.4,1.54,1.36,2.4,1.389544,2
153796,215.0095672607422,52.9930305480957,1.54,1.4,6.06,1.32,6.76,0.7512999773025513,0
153882,214.77061462402344,52.823307037353516,6.58,6.26,6.58,4.38,6.64,6.0492,2
154044,214.92991638183594,52.93610763549805,4.34,0.78,4.46,0.66,5.56,2.43,1
154067,214.86390686035156,52.89081573486328,2.34,2.34,2.34,2.34,2.34,2.28,1
154142,214.9450225830078,52.94724655151367,1.92,1.78,1.92,1.74,1.94,0.4498000144958496,0
154274,214.95457458496094,52.95356369018555,8.82,8.7,8.9,8.6,9.0,8.7742,2
154378,214.94332885742188,52.95415496826172,2.92,2.72,3.34,0.96,3.78,0.4794999957084656,0
154393,214.8842010498047,52.9035530090332,4.74,1.0,4.78,0.54,5.66,2.54,1
154718,214.95924377441406,52.95616912841797,7.46,7.44,7.48,7.42,7.5,7.4484,2
154853,214.81631469726562,52.85507583618164,2.0,1.34,2.72,1.02,3.68,0.82002,-1
155027,215.01223754882812,52.993194580078125,3.28,3.0,4.18,0.4,5.3,3.0546998977661133,0
155422,214.90399169921875,52.9161491394043,0.14,0.1,3.82,0.04,4.48,3.9255,2
155477,214.92941284179688,52.93499755859375,4.2,3.86,4.22,3.64,4.34,3.85,2
155535,214.82249450683594,52.85801315307617,5.18,4.92,5.2,3.56,5.24,5.1006999015808105,2
155568,214.8226318359375,52.858009338378906,3.72,3.6,3.74,3.5,5.0,5.100176,2
155609,214.76870727539062,52.819278717041016,3.46,3.44,3.66,3.4,4.86,3.47,2
155678,214.8668670654297,52.88938903808594,2.28,1.88,2.6,0.4,3.36,7.887800216674805,0
155714,214.8253173828125,52.877986907958984,5.56,5.52,5.6,5.52,5.7,5.51,2
155950,214.87857055664062,52.897186279296875,4.88,4.88,5.7,4.84,5.98,5.260765,1
156003,214.7766571044922,52.824764251708984,6.92,6.86,6.94,6.82,6.96,6.889599800109863,0
156102,214.82501220703125,52.85904312133789,4.84,0.78,5.82,0.42,14.9,5.097599983215332,2
156165,214.8199920654297,52.85519027709961,0.38,0.22,2.7,0.18,3.34,7.873799800872803,0
156391,214.825439453125,52.858924865722656,5.06,5.04,5.22,4.98,5.26,5.09,2
156515,214.93020629882812,52.93320083618164,2.48,1.14,2.48,0.06,6.56,0.23350000381469727,0
156539,214.9532012939453,52.95272445678711,2.98,1.76,3.68,0.9,10.28,0.91,-1
156550,214.83657836914062,52.86598205566406,4.66,1.22,4.78,0.8,6.16,4.7565999031066895,0
156555,214.86814880371094,52.888999938964844,13.58,12.38,13.8,11.66,14.4,8.256099700927734,0
156685,214.77769470214844,52.823585510253906,2.98,2.96,3.0,1.8,3.16,3.66129994392395,0
156789,214.87728881835938,52.89501953125,3.42,1.26,3.74,0.4,4.2,0.43149998784065247,0
156862,214.81201171875,52.856258392333984,1.98,1.74,7.1,1.12,9.3,2.18,1
157050,214.96214294433594,52.95526885986328,6.7,6.68,6.72,6.66,6.76,6.692393,2
157144,214.7778778076172,52.82393264770508,6.5,6.24,6.54,6.18,6.6,6.227802,2
157255,214.9589080810547,52.939605712890625,6.84,6.78,6.9,6.74,6.96,6.78,2
157432,215.0218048095703,52.99634552001953,1.14,1.06,1.32,0.92,5.5,0.32019999623298645,0
157484,214.83457946777344,52.86345672607422,0.44,0.42,0.5,0.38,3.68,6.698396,-1
158072,214.86795043945312,52.88605499267578,12.18,11.24,12.96,2.98,13.7,1.365278,-1
158130,214.96881103515625,52.957801818847656,4.56,4.26,4.88,0.76,5.28,4.819300174713135,0
158234,214.96389770507812,52.95438003540039,3.34,3.16,3.36,3.02,3.38,4.653500080108643,0
158404,214.96420288085938,52.954078674316406,2.4,1.48,2.4,0.18,2.6,3.471256,-1
158512,214.9342803955078,52.93276596069336,0.16,0.38,3.64,0.08,6.44,0.3781000077724457,0
158705,214.95535278320312,52.947113037109375,2.62,2.58,7.5,1.96,7.8,3.30902,-1
158826,214.8230438232422,52.85316467285156,1.42,1.32,2.82,0.34,7.96,4.357900142669678,0
158883,214.83941650390625,52.86516571044922,6.14,6.1,6.22,4.42,6.32,6.098700046539307,0
159243,214.82449340820312,52.85357666015625,1.08,0.8,1.34,0.58,6.74,1.367900013923645,0
159489,214.98434448242188,52.96675109863281,1.98,1.1,2.44,0.1,2.76,2.3870999813079834,0
159533,214.89657592773438,52.904502868652344,2.98,0.58,3.58,0.38,4.32,4.88539981842041,0
159590,214.92807006835938,52.92674255371094,0.74,0.66,1.74,0.56,4.8,0.92,1
159849,214.9341583251953,52.933467864990234,4.64,4.44,4.66,4.4,4.68,4.48,2
159868,215.01756286621094,52.989601135253906,2.56,0.98,3.62,0.72,4.94,2.54,0
159885,214.88385009765625,52.896060943603516,0.0,0.0,0.76,0.0,2.64,6.633,0
159908,214.79234313964844,52.82974624633789,6.72,6.18,6.84,1.32,8.06,7.112299919128418,0
159961,214.94525146484375,52.938316345214844,0.1,0.08,0.4,0.0,2.02,2.404867,2
160042,214.941650390625,52.93584442138672,4.78,4.72,4.8,4.68,4.82,4.810768,2
160205,214.80557250976562,52.83633804321289,6.04,5.98,6.04,5.94,6.06,6.02,2
160293,214.86019897460938,52.877315521240234,5.6,5.18,5.88,4.46,6.18,4.686,1
160525,214.9324493408203,52.92842102050781,0.68,0.42,0.78,0.36,2.9,0.045899998396635056,0
170119,214.87115478515625,52.80607604980469,3.04,1.3,3.76,0.82,5.0,2.97760009765625,0
172267,214.82591247558594,52.78667449951172,-1.0,-1.0,-1.0,-1.0,-1.0,4.8968000411987305,0
172887,214.9107666015625,52.850852966308594,1.38,1.36,6.08,0.22,6.64,1.234214,-1
173013,214.81881713867188,52.7861213684082,2.2,2.18,2.24,2.14,2.28,2.122115,2
173696,214.93777465820312,52.87493896484375,0.82,0.96,5.38,0.72,6.8,0.5206000208854675,0
175916,214.94383239746094,52.8828010559082,4.12,2.98,12.24,1.1,17.6,6.066199779510498,0
177456,215.00746154785156,53.010093688964844,-1.0,-1.0,-1.0,-1.0,-1.0,0.8195000290870667,0
179042,214.83172607421875,52.8674430847168,-1.0,-1.0,-1.0,-1.0,-1.0,1.3956999778747559,0
180528,215.0403594970703,53.00385665893555,34.3,31.98,34.56,29.72,34.92,5.459700107574463,0
183921,214.88409423828125,52.871177673339844,33.56,29.78,34.0,25.06,34.82,8.457200050354004,0
